[2026-08-12T17:19:38Z INFO  raitha_darpana] === raitha_darpana started, logging to rd_media\rd.log ===
[2026-08-12T17:19:38Z INFO  raitha_darpana::ui] Web UI listening on http://127.0.0.1:59117
[2026-08-12T17:22:47Z INFO  headless_chrome::browser::process] Launching Chrome binary at C:\Program Files\Google\Chrome\Application\chrome.exe
[2026-08-12T17:22:47Z INFO  headless_chrome::browser::process] Started Chrome. PID: 4928
[2026-08-12T17:22:48Z INFO  headless_chrome::browser::tab] Navigating a tab to https://krama.karnataka.gov.in/Kannada/Main_rep
[2026-08-12T17:23:00Z INFO  raitha_darpana::scrape] Report Date: 12/08/2026
[2026-08-12T17:23:00Z INFO  raitha_darpana::scrape] Total Cities: 61
[2026-08-12T17:23:00Z INFO  raitha_darpana::scrape] City: 1]  ಮಾರುಕಟ್ಟೆ: ಕೆ.ಅರ್ .ಪೇಟೆ - Commodities: 4
[2026-08-12T17:23:00Z INFO  raitha_darpana::scrape] City: 2]  ಮಾರುಕಟ್ಟೆ: ಕಂಪ್ಲಿ - Commodities: 2
[2026-08-12T17:23:00Z INFO  raitha_darpana::scrape] City: 3]  ಮಾರುಕಟ್ಟೆ: ಕಡೂರು - Commodities: 9
[2026-08-12T17:23:00Z INFO  raitha_darpana::scrape] City: 4]  ಮಾರುಕಟ್ಟೆ: ಕನಕಗಿರಿ - Commodities: 3
[2026-08-12T17:23:00Z INFO  raitha_darpana::scrape] City: 5]  ಮಾರುಕಟ್ಟೆ: ಕುಂದಾಪುರ - Commodities: 1
[2026-08-12T17:23:00Z INFO  raitha_darpana::scrape] City: 6]  ಮಾರುಕಟ್ಟೆ: ಕುಮುಟ - Commodities: 6
[2026-08-12T17:23:00Z INFO  raitha_darpana::scrape] City: 7]  ಮಾರುಕಟ್ಟೆ: ಕುಷ್ಟಗಿ - Commodities: 7
[2026-08-12T17:23:00Z INFO  raitha_darpana::scrape] City: 8]  ಮಾರುಕಟ್ಟೆ: ಕೊಪ್ಪ - Commodities: 5
[2026-08-12T17:23:00Z INFO  raitha_darpana::scrape] City: 9]  ಮಾರುಕಟ್ಟೆ: ಗಂಗಾವತಿ - Commodities: 7
[2026-08-12T17:23:00Z INFO  raitha_darpana::scrape] City: 10]  ಮಾರುಕಟ್ಟೆ: ಗುಂಡ್ಲುಪೇಟೆ - Commodities: 7
[2026-08-12T17:23:00Z INFO  raitha_darpana::scrape] City: 11]  ಮಾರುಕಟ್ಟೆ: ಗೌರಿಬಿದನೂರು - Commodities: 20
[2026-08-12T17:23:00Z INFO  raitha_darpana::scrape] City: 12]  ಮಾರುಕಟ್ಟೆ: ಚಿಂಚೋಳಿ - Commodities: 1
[2026-08-12T17:23:00Z INFO  raitha_darpana::scrape] City: 13]  ಮಾರುಕಟ್ಟೆ: ಚಿಂತಾಮಣಿ - Commodities: 1
[2026-08-12T17:23:00Z INFO  raitha_darpana::scrape] City: 14]  ಮಾರುಕಟ್ಟೆ: ಚಿಕ್ಕಬಳ್ಳಾಪುರ - Commodities: 3
[2026-08-12T17:23:00Z INFO  raitha_darpana::scrape] City: 15]  ಮಾರುಕಟ್ಟೆ: ಚಿತ್ರದುರ್ಗ - Commodities: 5
[2026-08-12T17:23:00Z INFO  raitha_darpana::scrape] City: 16]  ಮಾರುಕಟ್ಟೆ: ಚನ್ನಪಟ್ಟಣ - Commodities: 7
[2026-08-12T17:23:00Z INFO  raitha_darpana::scrape] City: 17]  ಮಾರುಕಟ್ಟೆ: ಜಗಳೂರು - Commodities: 1
[2026-08-12T17:23:00Z INFO  raitha_darpana::scrape] City: 18]  ಮಾರುಕಟ್ಟೆ: ತೀರ್ಥಹಳ್ಳಿ - Commodities: 5
[2026-08-12T17:23:00Z INFO  raitha_darpana::scrape] City: 19]  ಮಾರುಕಟ್ಟೆ: ತುಮಕೂರು - Commodities: 9
[2026-08-12T17:23:00Z INFO  raitha_darpana::scrape] City: 20]  ಮಾರುಕಟ್ಟೆ: ದಾವಣಗೆರೆ - Commodities: 44
[2026-08-12T17:23:00Z INFO  raitha_darpana::scrape] City: 21]  ಮಾರುಕಟ್ಟೆ: ಪಿರಿಯಾಪಟ್ಟಣ - Commodities: 1
[2026-08-12T17:23:00Z INFO  raitha_darpana::scrape] City: 22]  ಮಾರುಕಟ್ಟೆ: ಪಾ೦ಡವಪುರ - Commodities: 1
[2026-08-12T17:23:00Z INFO  raitha_darpana::scrape] City: 23]  ಮಾರುಕಟ್ಟೆ: ಪುತ್ತೂರು - Commodities: 4
[2026-08-12T17:23:00Z INFO  raitha_darpana::scrape] City: 24]  ಮಾರುಕಟ್ಟೆ: ಬೆಂಗಳೂರು - Commodities: 36
[2026-08-12T17:23:00Z INFO  raitha_darpana::scrape] City: 25]  ಮಾರುಕಟ್ಟೆ: ಬಂಗಾರಪೇಟೆ - Commodities: 24
[2026-08-12T17:23:00Z INFO  raitha_darpana::scrape] City: 26]  ಮಾರುಕಟ್ಟೆ: ಬಂಟ್ವಾಳ - Commodities: 4
[2026-08-12T17:23:00Z INFO  raitha_darpana::scrape] City: 27]  ಮಾರುಕಟ್ಟೆ: ಬಿನ್ನಿಮಿಲ್ - Commodities: 47
[2026-08-12T17:23:00Z INFO  raitha_darpana::scrape] City: 28]  ಮಾರುಕಟ್ಟೆ: ಬೆಳಗಾವಿ - Commodities: 4
[2026-08-12T17:23:00Z INFO  raitha_darpana::scrape] City: 29]  ಮಾರುಕಟ್ಟೆ: ಬೆಳ್ತಂಗಡಿ - Commodities: 2
[2026-08-12T17:23:00Z INFO  raitha_darpana::scrape] City: 30]  ಮಾರುಕಟ್ಟೆ: ಬಾಗೆಪಲ್ಲಿ - Commodities: 8
[2026-08-12T17:23:00Z INFO  raitha_darpana::scrape] City: 31]  ಮಾರುಕಟ್ಟೆ: ಬೈಲಹೊಂಗಲ - Commodities: 1
[2026-08-12T17:23:00Z INFO  raitha_darpana::scrape] City: 32]  ಮಾರುಕಟ್ಟೆ: ಮಂಗಳೂರು - Commodities: 1
[2026-08-12T17:23:00Z INFO  raitha_darpana::scrape] City: 33]  ಮಾರುಕಟ್ಟೆ: ಮಂಡ್ಯ - Commodities: 5
[2026-08-12T17:23:00Z INFO  raitha_darpana::scrape] City: 34]  ಮಾರುಕಟ್ಟೆ: ಮಾನ್ವಿ - Commodities: 3
[2026-08-12T17:23:00Z INFO  raitha_darpana::scrape] City: 35]  ಮಾರುಕಟ್ಟೆ: ಮಾಲೂರು - Commodities: 5
[2026-08-12T17:23:00Z INFO  raitha_darpana::scrape] City: 36]  ಮಾರುಕಟ್ಟೆ: ಮೂಡಿಗೆರೆ - Commodities: 2
[2026-08-12T17:23:00Z INFO  raitha_darpana::scrape] City: 37]  ಮಾರುಕಟ್ಟೆ: ಮೈಸೂರು - Commodities: 35
[2026-08-12T17:23:00Z INFO  raitha_darpana::scrape] City: 38]  ಮಾರುಕಟ್ಟೆ: ಯಲ್ಬುರ್ಗ - Commodities: 2
[2026-08-12T17:23:00Z INFO  raitha_darpana::scrape] City: 39]  ಮಾರುಕಟ್ಟೆ: ಯಲ್ಲಾಪೂರ - Commodities: 2
[2026-08-12T17:23:00Z INFO  raitha_darpana::scrape] City: 40]  ಮಾರುಕಟ್ಟೆ: ರಾಣೆಬೆನ್ನೂರು - Commodities: 6
[2026-08-12T17:23:00Z INFO  raitha_darpana::scrape] City: 41]  ಮಾರುಕಟ್ಟೆ: ರಾಮದುರ್ಗ - Commodities: 2
[2026-08-12T17:23:00Z INFO  raitha_darpana::scrape] City: 42]  ಮಾರುಕಟ್ಟೆ: ರಾಮನಗರ - Commodities: 22
[2026-08-12T17:23:00Z INFO  raitha_darpana::scrape] City: 43]  ಮಾರುಕಟ್ಟೆ: ಲಿಂಗಸುಗೂರು - Commodities: 2
[2026-08-12T17:23:00Z INFO  raitha_darpana::scrape] City: 44]  ಮಾರುಕಟ್ಟೆ: ವಿಜಯಾಪುರ - Commodities: 11
[2026-08-12T17:23:00Z INFO  raitha_darpana::scrape] City: 45]  ಮಾರುಕಟ್ಟೆ: ಶಿಕಾರಿಪುರ - Commodities: 3
[2026-08-12T17:23:00Z INFO  raitha_darpana::scrape] City: 46]  ಮಾರುಕಟ್ಟೆ: ಶಿವಮೊಗ್ಗ - Commodities: 22
[2026-08-12T17:23:00Z INFO  raitha_darpana::scrape] City: 47]  ಮಾರುಕಟ್ಟೆ: ಸಿಂಧನೂರು - Commodities: 5
[2026-08-12T17:23:00Z INFO  raitha_darpana::scrape] City: 48]  ಮಾರುಕಟ್ಟೆ: ಸುಳ್ಯ - Commodities: 2
[2026-08-12T17:23:00Z INFO  raitha_darpana::scrape] City: 49]  ಮಾರುಕಟ್ಟೆ: ಸೋಮವಾರಪೇಟೆ - Commodities: 2
[2026-08-12T17:23:00Z INFO  raitha_darpana::scrape] City: 50]  ಮಾರುಕಟ್ಟೆ: ಹಡಗಲಿ - Commodities: 1
[2026-08-12T17:23:00Z INFO  raitha_darpana::scrape] City: 51]  ಮಾರುಕಟ್ಟೆ: ಹಿರಿಯೂರು - Commodities: 2
[2026-08-12T17:23:00Z INFO  raitha_darpana::scrape] City: 52]  ಮಾರುಕಟ್ಟೆ: ಹರಿಹರ - Commodities: 3
[2026-08-12T17:23:00Z INFO  raitha_darpana::scrape] City: 53]  ಮಾರುಕಟ್ಟೆ: ಹಳಿಯಾಳ - Commodities: 2
[2026-08-12T17:23:00Z INFO  raitha_darpana::scrape] City: 54]  ಮಾರುಕಟ್ಟೆ: ಹಾನ್ ಗಲ್ - Commodities: 2
[2026-08-12T17:23:00Z INFO  raitha_darpana::scrape] City: 55]  ಮಾರುಕಟ್ಟೆ: ಹುಣಸೂರು - Commodities: 3
[2026-08-12T17:23:00Z INFO  raitha_darpana::scrape] City: 56]  ಮಾರುಕಟ್ಟೆ: ಹೊನ್ನಾಳಿ - Commodities: 12
[2026-08-12T17:23:00Z INFO  raitha_darpana::scrape] City: 57]  ಮಾರುಕಟ್ಟೆ: ಹೊನ್ನಾವರ - Commodities: 2
[2026-08-12T17:23:00Z INFO  raitha_darpana::scrape] City: 58]  ಮಾರುಕಟ್ಟೆ: ಹೊಳ್ಳಕೆರೆ - Commodities: 3
[2026-08-12T17:23:00Z INFO  raitha_darpana::scrape] City: 59]  ಮಾರುಕಟ್ಟೆ: ಹೊಸದುರ್ಗ - Commodities: 4
[2026-08-12T17:23:00Z INFO  raitha_darpana::scrape] City: 60]  ಮಾರುಕಟ್ಟೆ: ಹೊಸನಗರ - Commodities: 2
[2026-08-12T17:23:00Z INFO  raitha_darpana::scrape] City: 61]  ಮಾರುಕಟ್ಟೆ: ಹೊಸಪೇಟೆ - Commodities: 19
[2026-08-12T17:23:00Z INFO  headless_chrome::browser] Dropping browser
[2026-08-12T17:23:00Z INFO  headless_chrome::browser] Browser event loop received shutdown message
[2026-08-12T17:23:00Z INFO  headless_chrome::browser] Finished browser's event handling loop
[2026-08-12T17:23:00Z WARN  headless_chrome::browser::transport] Couldn't send browser an event: "DetachedFromTarget(DetachedFromTargetEvent { params: DetachedFromTargetEventParams { session_id: \"7A71B00ED7E2B08202810930289DB19E\", target_id: Some(\"A8721A57F7DDC75C67AB0B1B3AF6A419\") } })"
    SendError { .. }
[2026-08-12T17:23:00Z INFO  headless_chrome::browser::transport] Shutting down message handling loop
[2026-08-12T17:23:00Z INFO  headless_chrome::browser::process] Killing Chrome. PID: 4928
[2026-08-12T17:23:00Z INFO  headless_chrome::browser::transport] cleared listeners, I think
[2026-08-12T17:23:00Z INFO  headless_chrome::browser::tab] finished tab's event handling loop
[2026-08-12T17:23:00Z INFO  headless_chrome::browser::tab] finished tab's event handling loop
[2026-08-12T17:23:00Z INFO  headless_chrome::browser::transport::web_socket_connection] Sending shutdown message to message handling loop
[2026-08-12T17:23:00Z WARN  headless_chrome::browser::transport::web_socket_connection] Couldn't send message to transport loop telling it to shut down
[2026-08-12T17:23:00Z INFO  headless_chrome::browser::transport] dropping transport
[2026-08-12T17:23:00Z INFO  headless_chrome::browser::transport::web_socket_connection] dropping websocket connection
[2026-08-12T17:25:37Z INFO  raitha_darpana::ui] [job 02f510b4-b5fc-468d-8c7a-89c7d78ab408] Launching renderer...
[2026-08-12T17:25:37Z INFO  headless_chrome::browser::process] Launching Chrome binary at C:\Program Files\Google\Chrome\Application\chrome.exe
[2026-08-12T17:25:37Z INFO  headless_chrome::browser::process] Started Chrome. PID: 2580
[2026-08-12T17:25:38Z INFO  raitha_darpana::render] Rendering images for city '33]  ಮಾರುಕಟ್ಟೆ: ಮಂಡ್ಯ' -> 'ಮಂಡ್ಯ'
[2026-08-12T17:25:38Z INFO  raitha_darpana::ui] [job 02f510b4-b5fc-468d-8c7a-89c7d78ab408] Rendering ಮಂಡ್ಯ (Instagram)...
[2026-08-12T17:25:38Z INFO  raitha_darpana::render] Navigating to file:///D:/Projects/uiraitah_darpana/raitha_darpana/rd_media/20260812/%E0%B2%AE%E0%B2%82%E0%B2%A1%E0%B3%8D%E0%B2%AF/%E0%B2%AE%E0%B2%82%E0%B2%A1%E0%B3%8D%E0%B2%AF-20260812-ig-kan.html (city: ಮಂಡ್ಯ)
[2026-08-12T17:25:38Z INFO  headless_chrome::browser::tab] Navigating a tab to file:///D:/Projects/uiraitah_darpana/raitha_darpana/rd_media/20260812/%E0%B2%AE%E0%B2%82%E0%B2%A1%E0%B3%8D%E0%B2%AF/%E0%B2%AE%E0%B2%82%E0%B2%A1%E0%B3%8D%E0%B2%AF-20260812-ig-kan.html
[2026-08-12T17:25:40Z INFO  raitha_darpana::ui] [job 02f510b4-b5fc-468d-8c7a-89c7d78ab408] Rendering ಮಂಡ್ಯ (YouTube)...
[2026-08-12T17:25:40Z INFO  raitha_darpana::render] Navigating to file:///D:/Projects/uiraitah_darpana/raitha_darpana/rd_media/20260812/%E0%B2%AE%E0%B2%82%E0%B2%A1%E0%B3%8D%E0%B2%AF/%E0%B2%AE%E0%B2%82%E0%B2%A1%E0%B3%8D%E0%B2%AF-20260812-yt-kan.html (city: ಮಂಡ್ಯ)
[2026-08-12T17:25:40Z INFO  headless_chrome::browser::tab] Navigating a tab to file:///D:/Projects/uiraitah_darpana/raitha_darpana/rd_media/20260812/%E0%B2%AE%E0%B2%82%E0%B2%A1%E0%B3%8D%E0%B2%AF/%E0%B2%AE%E0%B2%82%E0%B2%A1%E0%B3%8D%E0%B2%AF-20260812-yt-kan.html
[2026-08-12T17:25:41Z INFO  raitha_darpana::ui] [job 02f510b4-b5fc-468d-8c7a-89c7d78ab408] Generating voiceover for ಮಂಡ್ಯ...
[2026-08-12T17:25:41Z INFO  raitha_darpana::voiceover] ನಮಸ್ಕಾರ ವೀಕ್ಷಕರೇ, ರೈತ ದರ್ಪಣ ಮಾರುಕಟ್ಟೆ ಬೆಲೆಗಳ ಮಾಹಿತಿ ಚಾನೆಲ್‌ಗೆ ಸುಸ್ವಾಗತ. ಇಂದಿನ ಮಂಡ್ಯ ಮಾರುಕಟ್ಟೆಯ ತರಕಾರಿ ಬೆಲೆಗಳ ಮಾಹಿತಿ ಇಲ್ಲಿದೆ. ವರದಿ ದಿನಾಂಕ: 12/08/2026. ಎಳನೀರು: ಕನಿಷ್ಠ ಬೆಲೆ ಹದಿನೈದು ರೂಪಾಯಿ, ಗರಿಷ್ಠ ಬೆಲೆ ನಲವತ್ತು ರೂಪಾಯಿ. ಬೆಲ್ಲ: ಕನಿಷ್ಠ ಬೆಲೆ ನಾಲ್ಕು ಸಾವಿರ ರೂಪಾಯಿ, ಗರಿಷ್ಠ ಬೆಲೆ ಐದು ಸಾವಿರ ರೂಪಾಯಿ. ಬೆಲ್ಲ: ಕನಿಷ್ಠ ಬೆಲೆ ಮೂರು ಸಾವಿರ ಒಂಬತ್ತು ನೂರು ರೂಪಾಯಿ, ಗರಿಷ್ಠ ಬೆಲೆ ನಾಲ್ಕು ಸಾವಿರ ಏಳು ನೂರು ರೂಪಾಯಿ. ಬೆಲ್ಲ: ಕನಿಷ್ಠ ಬೆಲೆ ನಾಲ್ಕು ಸಾವಿರ ಎರಡು ನೂರು ರೂಪಾಯಿ, ಗರಿಷ್ಠ ಬೆಲೆ ನಾಲ್ಕು ಸಾವಿರ ಒಂಬತ್ತು ನೂರು ಮಪ್ಪತ್ತು ರೂಪಾಯಿ. ಬೆಲ್ಲ: ಕನಿಷ್ಠ ಬೆಲೆ ಮೂರು ಸಾವಿರ ಒಂಬತ್ತು ನೂರು ರೂಪಾಯಿ, ಗರಿಷ್ಠ ಬೆಲೆ ನಾಲ್ಕು ಸಾವಿರ ನಾಲ್ಕು ನೂರು ರೂಪಾಯಿ. ದಿನನಿತ್ಯದ ನಿಖರ ಮಾಹಿತಿಗಾಗಿ ನಮ್ಮ ಇನ್ಸ್ಟಾಗ್ರಾಮ್ ಮತ್ತು ಯೂಟ್ಯೂಬ್ ಚಾನೆಲ್‌ಗೆ ಸಬ್‌ಸ್ಕ್ರೈಬ್ ಆಗಿ. ಧನ್ಯವಾದಗಳು!
[2026-08-12T17:25:45Z INFO  raitha_darpana::voiceover] 🎧 Found background music at assets\bg_music.mp3. Mixing at 6% volume.
[2026-08-12T17:25:45Z INFO  raitha_darpana::ui] [job 02f510b4-b5fc-468d-8c7a-89c7d78ab408] Generating Instagram video for ಮಂಡ್ಯ...
[2026-08-12T17:26:10Z ERROR headless_chrome::browser] Got a timeout while listening for browser events (Chrome #Some(2580))
[2026-08-12T17:26:10Z INFO  headless_chrome::browser] Finished browser's event handling loop
[2026-08-12T17:26:15Z ERROR headless_chrome::browser::transport] Transport loop got a timeout while listening for messages (Chrome #Some(2580))
[2026-08-12T17:26:15Z INFO  headless_chrome::browser::transport] Shutting down message handling loop
[2026-08-12T17:26:15Z INFO  headless_chrome::browser::tab] finished tab's event handling loop
[2026-08-12T17:26:15Z INFO  headless_chrome::browser::transport] cleared listeners, I think
[2026-08-12T17:26:15Z INFO  headless_chrome::browser::tab] finished tab's event handling loop
[2026-08-12T17:26:15Z INFO  headless_chrome::browser::transport::web_socket_connection] Sending shutdown message to message handling loop
[2026-08-12T17:26:15Z WARN  headless_chrome::browser::transport::web_socket_connection] Couldn't send message to transport loop telling it to shut down
[2026-08-12T17:26:22Z INFO  raitha_darpana::ui] [job 02f510b4-b5fc-468d-8c7a-89c7d78ab408] Generating YouTube video for ಮಂಡ್ಯ...
[2026-08-12T17:26:55Z INFO  raitha_darpana::ui] [job 02f510b4-b5fc-468d-8c7a-89c7d78ab408] Render complete.
[2026-08-12T17:26:55Z INFO  headless_chrome::browser] Dropping browser
[2026-08-12T17:26:55Z INFO  headless_chrome::browser::process] Killing Chrome. PID: 2580
[2026-08-12T17:26:56Z INFO  headless_chrome::browser::transport] dropping transport
[2026-08-12T17:26:56Z INFO  headless_chrome::browser::transport::web_socket_connection] dropping websocket connection
[2026-08-14T11:04:42Z INFO  raitha_darpana] === raitha_darpana started, logging to rd_media\rd.log ===
[2026-08-14T11:04:42Z INFO  raitha_darpana::ui] Web UI listening on http://127.0.0.1:51429
[2026-08-14T11:04:52Z INFO  headless_chrome::browser::process] Launching Chrome binary at C:\Program Files\Google\Chrome\Application\chrome.exe
[2026-08-14T11:04:52Z INFO  headless_chrome::browser::process] Started Chrome. PID: 4108
[2026-08-14T11:04:55Z INFO  headless_chrome::browser::tab] Navigating a tab to https://krama.karnataka.gov.in/Kannada/Main_rep
[2026-08-14T11:05:12Z INFO  headless_chrome::browser] Dropping browser
[2026-08-14T11:05:12Z INFO  headless_chrome::browser::process] Killing Chrome. PID: 4108
[2026-08-14T11:05:12Z INFO  headless_chrome::browser] Browser event loop received shutdown message
[2026-08-14T11:05:12Z INFO  headless_chrome::browser] Finished browser's event handling loop
[2026-08-14T11:05:12Z INFO  headless_chrome::browser::transport::web_socket_connection] Sending shutdown message to message handling loop
[2026-08-14T11:05:12Z INFO  headless_chrome::browser::transport] Received shutdown message
[2026-08-14T11:05:12Z INFO  headless_chrome::browser::transport] Shutting down message handling loop
[2026-08-14T11:05:12Z INFO  headless_chrome::browser::transport] cleared listeners, I think
[2026-08-14T11:05:12Z INFO  headless_chrome::browser::tab] finished tab's event handling loop
[2026-08-14T11:05:12Z INFO  headless_chrome::browser::tab] finished tab's event handling loop
[2026-08-14T11:05:12Z INFO  headless_chrome::browser::transport] dropping transport
[2026-08-14T11:05:12Z INFO  headless_chrome::browser::transport::web_socket_connection] dropping websocket connection
[2026-08-14T11:05:18Z INFO  headless_chrome::browser::process] Launching Chrome binary at C:\Program Files\Google\Chrome\Application\chrome.exe
[2026-08-14T11:05:18Z INFO  headless_chrome::browser::process] Started Chrome. PID: 8392
[2026-08-14T11:05:21Z INFO  headless_chrome::browser::tab] Navigating a tab to https://krama.karnataka.gov.in/Kannada/Main_rep
[2026-08-14T11:05:38Z INFO  headless_chrome::browser] Dropping browser
[2026-08-14T11:05:38Z INFO  headless_chrome::browser::process] Killing Chrome. PID: 8392
[2026-08-14T11:05:38Z INFO  headless_chrome::browser::transport] Transport incoming message loop loop received shutdown message
[2026-08-14T11:05:38Z INFO  headless_chrome::browser::transport] Shutting down message handling loop
[2026-08-14T11:05:38Z INFO  headless_chrome::browser::transport] cleared listeners, I think
[2026-08-14T11:05:38Z INFO  headless_chrome::browser::transport::web_socket_connection] Sending shutdown message to message handling loop
[2026-08-14T11:05:38Z INFO  headless_chrome::browser::tab] finished tab's event handling loop
[2026-08-14T11:05:38Z INFO  headless_chrome::browser::tab] finished tab's event handling loop
[2026-08-14T11:05:38Z INFO  headless_chrome::browser] Finished browser's event handling loop
[2026-08-14T11:05:39Z INFO  headless_chrome::browser::transport] dropping transport
[2026-08-14T11:05:39Z INFO  headless_chrome::browser::transport::web_socket_connection] dropping websocket connection
[2026-08-14T11:06:47Z INFO  headless_chrome::browser::process] Launching Chrome binary at C:\Program Files\Google\Chrome\Application\chrome.exe
[2026-08-14T11:06:47Z INFO  headless_chrome::browser::process] Started Chrome. PID: 10620
[2026-08-14T11:06:50Z INFO  headless_chrome::browser::tab] Navigating a tab to https://krama.karnataka.gov.in/Kannada/Main_rep
[2026-08-14T11:07:08Z INFO  headless_chrome::browser] Dropping browser
[2026-08-14T11:07:08Z INFO  headless_chrome::browser] Browser event loop received shutdown message
[2026-08-14T11:07:08Z INFO  headless_chrome::browser] Finished browser's event handling loop
[2026-08-14T11:07:08Z WARN  headless_chrome::browser::transport] Couldn't send browser an event: "TargetInfoChanged(TargetInfoChangedEvent { params: TargetInfoChangedEventParams { target_info: TargetInfo { target_id: \"2468E5BFB83466494E526FF76396A89D\", Type: \"page\", title: \"New Tab\", url: \"chrome://newtab/\", attached: false, opener_id: None, can_access_opener: false, opener_frame_id: None, parent_frame_id: None, browser_context_id: Some(\"94849220826592D63C3BBB02E4F66C0E\"), subtype: None } } })"
    SendError { .. }
[2026-08-14T11:07:08Z INFO  headless_chrome::browser::transport] Shutting down message handling loop
[2026-08-14T11:07:08Z INFO  headless_chrome::browser::process] Killing Chrome. PID: 10620
[2026-08-14T11:07:08Z INFO  headless_chrome::browser::transport::web_socket_connection] Sending shutdown message to message handling loop
[2026-08-14T11:07:08Z INFO  headless_chrome::browser::tab] finished tab's event handling loop
[2026-08-14T11:07:08Z INFO  headless_chrome::browser::transport] cleared listeners, I think
[2026-08-14T11:07:08Z INFO  headless_chrome::browser::tab] finished tab's event handling loop
[2026-08-14T11:07:08Z INFO  headless_chrome::browser::transport] dropping transport
[2026-08-14T11:07:08Z INFO  headless_chrome::browser::transport::web_socket_connection] dropping websocket connection
[2026-08-14T11:09:51Z INFO  raitha_darpana] === raitha_darpana started, logging to rd_media\rd.log ===
[2026-08-14T11:09:51Z INFO  raitha_darpana::ui] Web UI listening on http://127.0.0.1:50246
[2026-08-14T11:09:57Z INFO  headless_chrome::browser::process] Launching Chrome binary at C:\Program Files\Google\Chrome\Application\chrome.exe
[2026-08-14T11:09:57Z INFO  headless_chrome::browser::process] Started Chrome. PID: 3936
[2026-08-14T11:09:58Z INFO  headless_chrome::browser::tab] Navigating a tab to https://krama.karnataka.gov.in/Kannada/Main_rep
[2026-08-14T11:10:08Z INFO  raitha_darpana::scrape] Report Date: 14/08/2026
[2026-08-14T11:10:08Z INFO  raitha_darpana::scrape] Total Cities: 54
[2026-08-14T11:10:08Z INFO  raitha_darpana::scrape] City: 1]  ಮಾರುಕಟ್ಟೆ: ಅರಸೀಕೆರೆ - Commodities: 4
[2026-08-14T11:10:08Z INFO  raitha_darpana::scrape] City: 2]  ಮಾರುಕಟ್ಟೆ: ಕಡೂರು - Commodities: 6
[2026-08-14T11:10:08Z INFO  raitha_darpana::scrape] City: 3]  ಮಾರುಕಟ್ಟೆ: ಕಲಬುರಗಿ - Commodities: 23
[2026-08-14T11:10:08Z INFO  raitha_darpana::scrape] City: 4]  ಮಾರುಕಟ್ಟೆ: ಕುಡಚಿ - Commodities: 1
[2026-08-14T11:10:08Z INFO  raitha_darpana::scrape] City: 5]  ಮಾರುಕಟ್ಟೆ: ಕುಮುಟ - Commodities: 5
[2026-08-14T11:10:08Z INFO  raitha_darpana::scrape] City: 6]  ಮಾರುಕಟ್ಟೆ: ಕೊಟ್ಟೂರು - Commodities: 3
[2026-08-14T11:10:08Z INFO  raitha_darpana::scrape] City: 7]  ಮಾರುಕಟ್ಟೆ: ಗಂಗಾವತಿ - Commodities: 6
[2026-08-14T11:10:08Z INFO  raitha_darpana::scrape] City: 8]  ಮಾರುಕಟ್ಟೆ: ಗುಂಡ್ಲುಪೇಟೆ - Commodities: 8
[2026-08-14T11:10:08Z INFO  raitha_darpana::scrape] City: 9]  ಮಾರುಕಟ್ಟೆ: ಗೋಣಿಕೊಪ್ಪಲ್ - Commodities: 1
[2026-08-14T11:10:08Z INFO  raitha_darpana::scrape] City: 10]  ಮಾರುಕಟ್ಟೆ: ಚಿಂತಾಮಣಿ - Commodities: 13
[2026-08-14T11:10:08Z INFO  raitha_darpana::scrape] City: 11]  ಮಾರುಕಟ್ಟೆ: ಚನ್ನಪಟ್ಟಣ - Commodities: 7
[2026-08-14T11:10:08Z INFO  raitha_darpana::scrape] City: 12]  ಮಾರುಕಟ್ಟೆ: ಚಾಮರಾಜನಗರ - Commodities: 16
[2026-08-14T11:10:08Z INFO  raitha_darpana::scrape] City: 13]  ಮಾರುಕಟ್ಟೆ: ತಾಳಿಕೋಟೆ - Commodities: 2
[2026-08-14T11:10:08Z INFO  raitha_darpana::scrape] City: 14]  ಮಾರುಕಟ್ಟೆ: ತೀರ್ಥಹಳ್ಳಿ - Commodities: 3
[2026-08-14T11:10:08Z INFO  raitha_darpana::scrape] City: 15]  ಮಾರುಕಟ್ಟೆ: ದಾವಣಗೆರೆ - Commodities: 45
[2026-08-14T11:10:08Z INFO  raitha_darpana::scrape] City: 16]  ಮಾರುಕಟ್ಟೆ: ದೊಡ್ಡಬಳ್ಳಾಪುರ - Commodities: 16
[2026-08-14T11:10:08Z INFO  raitha_darpana::scrape] City: 17]  ಮಾರುಕಟ್ಟೆ: ನಿಪ್ಪಾಣಿ - Commodities: 3
[2026-08-14T11:10:08Z INFO  raitha_darpana::scrape] City: 18]  ಮಾರುಕಟ್ಟೆ: ಪಾ೦ಡವಪುರ - Commodities: 1
[2026-08-14T11:10:08Z INFO  raitha_darpana::scrape] City: 19]  ಮಾರುಕಟ್ಟೆ: ಬೆಂಗಳೂರು - Commodities: 40
[2026-08-14T11:10:08Z INFO  raitha_darpana::scrape] City: 20]  ಮಾರುಕಟ್ಟೆ: ಬಂಗಾರಪೇಟೆ - Commodities: 18
[2026-08-14T11:10:08Z INFO  raitha_darpana::scrape] City: 21]  ಮಾರುಕಟ್ಟೆ: ಬಿನ್ನಿಮಿಲ್ - Commodities: 47
[2026-08-14T11:10:08Z INFO  raitha_darpana::scrape] City: 22]  ಮಾರುಕಟ್ಟೆ: ಬ್ಯಾಡಗಿ - Commodities: 3
[2026-08-14T11:10:08Z INFO  raitha_darpana::scrape] City: 23]  ಮಾರುಕಟ್ಟೆ: ಬೆಳ್ತಂಗಡಿ - Commodities: 1
[2026-08-14T11:10:08Z INFO  raitha_darpana::scrape] City: 24]  ಮಾರುಕಟ್ಟೆ: ಬಳ್ಳಾರಿ - Commodities: 6
[2026-08-14T11:10:08Z INFO  raitha_darpana::scrape] City: 25]  ಮಾರುಕಟ್ಟೆ: ಬಸವಕಲ್ಯಾಣ - Commodities: 7
[2026-08-14T11:10:08Z INFO  raitha_darpana::scrape] City: 26]  ಮಾರುಕಟ್ಟೆ: ಬಾಗಲಕೋಟೆ - Commodities: 3
[2026-08-14T11:10:08Z INFO  raitha_darpana::scrape] City: 27]  ಮಾರುಕಟ್ಟೆ: ಬೀದರ್ - Commodities: 9
[2026-08-14T11:10:08Z INFO  raitha_darpana::scrape] City: 28]  ಮಾರುಕಟ್ಟೆ: ಬೈಲಹೊಂಗಲ - Commodities: 2
[2026-08-14T11:10:08Z INFO  raitha_darpana::scrape] City: 29]  ಮಾರುಕಟ್ಟೆ: ಮಂಗಳೂರು - Commodities: 1
[2026-08-14T11:10:08Z INFO  raitha_darpana::scrape] City: 30]  ಮಾರುಕಟ್ಟೆ: ಮಂಡ್ಯ - Commodities: 5
[2026-08-14T11:10:08Z INFO  raitha_darpana::scrape] City: 31]  ಮಾರುಕಟ್ಟೆ: ಮಸ್ಕಿ - Commodities: 2
[2026-08-14T11:10:08Z INFO  raitha_darpana::scrape] City: 32]  ಮಾರುಕಟ್ಟೆ: ಮಾಲೂರು - Commodities: 3
[2026-08-14T11:10:08Z INFO  raitha_darpana::scrape] City: 33]  ಮಾರುಕಟ್ಟೆ: ಮುಂಡರಗಿ - Commodities: 3
[2026-08-14T11:10:08Z INFO  raitha_darpana::scrape] City: 34]  ಮಾರುಕಟ್ಟೆ: ಮುಳಬಾಗಿಲು - Commodities: 5
[2026-08-14T11:10:08Z INFO  raitha_darpana::scrape] City: 35]  ಮಾರುಕಟ್ಟೆ: ಮೂಡಿಗೆರೆ - Commodities: 1
[2026-08-14T11:10:08Z INFO  raitha_darpana::scrape] City: 36]  ಮಾರುಕಟ್ಟೆ: ರಾಮದುರ್ಗ - Commodities: 2
[2026-08-14T11:10:08Z INFO  raitha_darpana::scrape] City: 37]  ಮಾರುಕಟ್ಟೆ: ರಾಮನಗರ - Commodities: 22
[2026-08-14T11:10:08Z INFO  raitha_darpana::scrape] City: 38]  ಮಾರುಕಟ್ಟೆ: ರಾಯಚೂರು - Commodities: 3
[2026-08-14T11:10:08Z INFO  raitha_darpana::scrape] City: 39]  ಮಾರುಕಟ್ಟೆ: ರೋಣ - Commodities: 3
[2026-08-14T11:10:08Z INFO  raitha_darpana::scrape] City: 40]  ಮಾರುಕಟ್ಟೆ: ಲಿಂಗಸುಗೂರು - Commodities: 4
[2026-08-14T11:10:08Z INFO  raitha_darpana::scrape] City: 41]  ಮಾರುಕಟ್ಟೆ: ಶಿಕಾರಿಪುರ - Commodities: 3
[2026-08-14T11:10:08Z INFO  raitha_darpana::scrape] City: 42]  ಮಾರುಕಟ್ಟೆ: ಶಿವಮೊಗ್ಗ - Commodities: 23
[2026-08-14T11:10:08Z INFO  raitha_darpana::scrape] City: 43]  ಮಾರುಕಟ್ಟೆ: ಸಿಂಧನೂರು - Commodities: 4
[2026-08-14T11:10:08Z INFO  raitha_darpana::scrape] City: 44]  ಮಾರುಕಟ್ಟೆ: ಸಿದ್ಧಾಪುರ - Commodities: 7
[2026-08-14T11:10:08Z INFO  raitha_darpana::scrape] City: 45]  ಮಾರುಕಟ್ಟೆ: ಸುಳ್ಯ - Commodities: 4
[2026-08-14T11:10:08Z INFO  raitha_darpana::scrape] City: 46]  ಮಾರುಕಟ್ಟೆ: ಹರಪನಹಳ್ಳಿ - Commodities: 1
[2026-08-14T11:10:08Z INFO  raitha_darpana::scrape] City: 47]  ಮಾರುಕಟ್ಟೆ: ಹಿರಿಯೂರು - Commodities: 2
[2026-08-14T11:10:08Z INFO  raitha_darpana::scrape] City: 48]  ಮಾರುಕಟ್ಟೆ: ಹರಿಹರ - Commodities: 3
[2026-08-14T11:10:08Z INFO  raitha_darpana::scrape] City: 49]  ಮಾರುಕಟ್ಟೆ: ಹಳಿಯಾಳ - Commodities: 2
[2026-08-14T11:10:08Z INFO  raitha_darpana::scrape] City: 50]  ಮಾರುಕಟ್ಟೆ: ಹಾನ್ ಗಲ್ - Commodities: 2
[2026-08-14T11:10:08Z INFO  raitha_darpana::scrape] City: 51]  ಮಾರುಕಟ್ಟೆ: ಹಾವೇರಿ - Commodities: 1
[2026-08-14T11:10:08Z INFO  raitha_darpana::scrape] City: 52]  ಮಾರುಕಟ್ಟೆ: ಹೊನ್ನಾಳಿ - Commodities: 12
[2026-08-14T11:10:08Z INFO  raitha_darpana::scrape] City: 53]  ಮಾರುಕಟ್ಟೆ: ಹೊನ್ನಾವರ - Commodities: 2
[2026-08-14T11:10:08Z INFO  raitha_darpana::scrape] City: 54]  ಮಾರುಕಟ್ಟೆ: ಹೊಳ್ಳಕೆರೆ - Commodities: 3
[2026-08-14T11:10:08Z INFO  headless_chrome::browser] Dropping browser
[2026-08-14T11:10:08Z INFO  headless_chrome::browser::process] Killing Chrome. PID: 3936
[2026-08-14T11:10:08Z INFO  headless_chrome::browser::transport] Transport incoming message loop loop received shutdown message
[2026-08-14T11:10:08Z INFO  headless_chrome::browser] Browser event loop received shutdown message
[2026-08-14T11:10:08Z INFO  headless_chrome::browser::transport] Shutting down message handling loop
[2026-08-14T11:10:08Z INFO  headless_chrome::browser] Finished browser's event handling loop
[2026-08-14T11:10:08Z INFO  headless_chrome::browser::transport::web_socket_connection] Sending shutdown message to message handling loop
[2026-08-14T11:10:08Z INFO  headless_chrome::browser::transport] cleared listeners, I think
[2026-08-14T11:10:08Z INFO  headless_chrome::browser::tab] finished tab's event handling loop
[2026-08-14T11:10:08Z INFO  headless_chrome::browser::tab] finished tab's event handling loop
[2026-08-14T11:11:41Z INFO  raitha_darpana::ui] [job b42bdd4b-6ff7-4ee9-a2fa-438df21f7fe9] Launching renderer...
[2026-08-14T11:11:41Z INFO  headless_chrome::browser::process] Launching Chrome binary at C:\Program Files\Google\Chrome\Application\chrome.exe
[2026-08-14T11:11:41Z INFO  headless_chrome::browser::process] Started Chrome. PID: 8516
[2026-08-14T11:11:43Z INFO  raitha_darpana::render] Rendering images for city '8]  ಮಾರುಕಟ್ಟೆ: ಗುಂಡ್ಲುಪೇಟೆ' -> 'GUNDLUPET'
[2026-08-14T11:11:43Z INFO  raitha_darpana::ui] [job b42bdd4b-6ff7-4ee9-a2fa-438df21f7fe9] Rendering GUNDLUPET (Instagram)...
[2026-08-14T11:11:43Z INFO  raitha_darpana::render] Navigating to file:///D:/Projects/uiraitah_darpana/raitha_darpana/rd_media/20260814/GUNDLUPET/GUNDLUPET-20260814-ig-kan.html (city: GUNDLUPET)
[2026-08-14T11:11:44Z INFO  headless_chrome::browser::tab] Navigating a tab to file:///D:/Projects/uiraitah_darpana/raitha_darpana/rd_media/20260814/GUNDLUPET/GUNDLUPET-20260814-ig-kan.html
[2026-08-14T11:11:45Z INFO  raitha_darpana::ui] [job b42bdd4b-6ff7-4ee9-a2fa-438df21f7fe9] Rendering GUNDLUPET (YouTube)...
[2026-08-14T11:11:45Z INFO  raitha_darpana::render] Navigating to file:///D:/Projects/uiraitah_darpana/raitha_darpana/rd_media/20260814/GUNDLUPET/GUNDLUPET-20260814-yt-kan.html (city: GUNDLUPET)
[2026-08-14T11:11:45Z INFO  headless_chrome::browser::tab] Navigating a tab to file:///D:/Projects/uiraitah_darpana/raitha_darpana/rd_media/20260814/GUNDLUPET/GUNDLUPET-20260814-yt-kan.html
[2026-08-14T11:11:46Z INFO  raitha_darpana::voiceover] ನಮಸ್ಕಾರ ವೀಕ್ಷಕರೇ, ರೈತ ದರ್ಪಣ ಮಾರುಕಟ್ಟೆ ಬೆಲೆಗಳ ಮಾಹಿತಿ ಚಾನೆಲ್‌ಗೆ ಸುಸ್ವಾಗತ. ಇಂದಿನ GUNDLUPET ಮಾರುಕಟ್ಟೆಯ ತರಕಾರಿ ಬೆಲೆಗಳ ಮಾಹಿತಿ ಇಲ್ಲಿದೆ. ವರದಿ ದಿನಾಂಕ: 14/08/2026. ಸೂರ್ಯ ಕಾಂತಿ: ಕನಿಷ್ಠ ಬೆಲೆ ಏಳು ಸಾವಿರ ಐದು ನೂರು ರೂಪಾಯಿ, ಗರಿಷ್ಠ ಬೆಲೆ ಎಂಟು ಸಾವಿರ ರೂಪಾಯಿ. ಟೊಮ್ಯಾಟೊ: ಕನಿಷ್ಠ ಬೆಲೆ ಒಂದು ಸಾವಿರ ಒಂದು ನೂರು ರೂಪಾಯಿ, ಗರಿಷ್ಠ ಬೆಲೆ ಒಂದು ಸಾವಿರ ಮೂರು ನೂರು ರೂಪಾಯಿ. ತೆಂಗಿನಕಾಯಿ: ಕನಿಷ್ಠ ಬೆಲೆ ಇಪ್ಪತ್ತು ಸಾವಿರ ರೂಪಾಯಿ, ಗರಿಷ್ಠ ಬೆಲೆ ಇಪ್ಪತ್ತು ಮೂರು ಸಾವಿರ ರೂಪಾಯಿ. ಬೇವಿನ ಬೀಜ: ಕನಿಷ್ಠ ಬೆಲೆ ಆರು ಸಾವಿರ ಒಂಬತ್ತು ನೂರು ರೂಪಾಯಿ, ಗರಿಷ್ಠ ಬೆಲೆ ಆರು ಸಾವಿರ ಒಂಬತ್ತು ನೂರು ರೂಪಾಯಿ. ಅರಿಶಿನ: ಕನಿಷ್ಠ ಬೆಲೆ ಹದಿಮೂರು ಸಾವಿರ ಐದು ನೂರು ಐವತ್ತು ರೂಪಾಯಿ, ಗರಿಷ್ಠ ಬೆಲೆ ಹದಿಮೂರು ಸಾವಿರ ಐದು ನೂರು ಐವತ್ತು ರೂಪಾಯಿ. ಹಸಿರು ಮೆಣಸಿನಕಾಯಿ: ಕನಿಷ್ಠ ಬೆಲೆ ಎರಡು ಸಾವಿರ ಒಂಬತ್ತು ನೂರು ರೂಪಾಯಿ, ಗರಿಷ್ಠ ಬೆಲೆ ಮೂರು ಸಾವಿರ ಎರಡು ನೂರು ರೂಪಾಯಿ. ಬೆಲ್ಲ: ಕನಿಷ್ಠ ಬೆಲೆ ಐದು ಸಾವಿರ ಐದು ನೂರು ರೂಪಾಯಿ, ಗರಿಷ್ಠ ಬೆಲೆ ಐದು ಸಾವಿರ ಐದು ನೂರು ರೂಪಾಯಿ. ಹುರುಳಿಕಾಯಿ: ಕನಿಷ್ಠ ಬೆಲೆ ನಾಲ್ಕು ಸಾವಿರ ಏಳು ನೂರು ಐದು ರೂಪಾಯಿ, ಗರಿಷ್ಠ ಬೆಲೆ ನಾಲ್ಕು ಸಾವಿರ ಏಳು ನೂರು ಐದು ರೂಪಾಯಿ. ದಿನನಿತ್ಯದ ನಿಖರ ಮಾಹಿತಿಗಾಗಿ ನಮ್ಮ ಇನ್ಸ್ಟಾಗ್ರಾಮ್ ಮತ್ತು ಯೂಟ್ಯೂಬ್ ಚಾನೆಲ್‌ಗೆ ಸಬ್‌ಸ್ಕ್ರೈಬ್ ಆಗಿ. ಧನ್ಯವಾದಗಳು!
[2026-08-14T11:11:46Z INFO  raitha_darpana::ui] [job b42bdd4b-6ff7-4ee9-a2fa-438df21f7fe9] Generating voiceover for GUNDLUPET...
[2026-08-14T11:11:46Z ERROR raitha_darpana::render] Video generation failed for 'GUNDLUPET': Voiceover generation failed: invalid rate value: +10
[2026-08-14T11:11:46Z INFO  raitha_darpana::ui] [job b42bdd4b-6ff7-4ee9-a2fa-438df21f7fe9] Video generation failed for GUNDLUPET: Voiceover generation failed: invalid rate value: +10
[2026-08-14T11:11:46Z INFO  raitha_darpana::render] Rendering images for city '24]  ಮಾರುಕಟ್ಟೆ: ಬಳ್ಳಾರಿ' -> 'ಬಳ್ಳಾರಿ'
[2026-08-14T11:11:46Z INFO  raitha_darpana::ui] [job b42bdd4b-6ff7-4ee9-a2fa-438df21f7fe9] Rendering ಬಳ್ಳಾರಿ (Instagram)...
[2026-08-14T11:11:46Z INFO  raitha_darpana::render] Navigating to file:///D:/Projects/uiraitah_darpana/raitha_darpana/rd_media/20260814/%E0%B2%AC%E0%B2%B3%E0%B3%8D%E0%B2%B3%E0%B2%BE%E0%B2%B0%E0%B2%BF/%E0%B2%AC%E0%B2%B3%E0%B3%8D%E0%B2%B3%E0%B2%BE%E0%B2%B0%E0%B2%BF-20260814-ig-kan.html (city: ಬಳ್ಳಾರಿ)
[2026-08-14T11:11:46Z INFO  headless_chrome::browser::tab] Navigating a tab to file:///D:/Projects/uiraitah_darpana/raitha_darpana/rd_media/20260814/%E0%B2%AC%E0%B2%B3%E0%B3%8D%E0%B2%B3%E0%B2%BE%E0%B2%B0%E0%B2%BF/%E0%B2%AC%E0%B2%B3%E0%B3%8D%E0%B2%B3%E0%B2%BE%E0%B2%B0%E0%B2%BF-20260814-ig-kan.html
[2026-08-14T11:11:48Z INFO  raitha_darpana::ui] [job b42bdd4b-6ff7-4ee9-a2fa-438df21f7fe9] Rendering ಬಳ್ಳಾರಿ (YouTube)...
[2026-08-14T11:11:48Z INFO  raitha_darpana::render] Navigating to file:///D:/Projects/uiraitah_darpana/raitha_darpana/rd_media/20260814/%E0%B2%AC%E0%B2%B3%E0%B3%8D%E0%B2%B3%E0%B2%BE%E0%B2%B0%E0%B2%BF/%E0%B2%AC%E0%B2%B3%E0%B3%8D%E0%B2%B3%E0%B2%BE%E0%B2%B0%E0%B2%BF-20260814-yt-kan.html (city: ಬಳ್ಳಾರಿ)
[2026-08-14T11:11:48Z INFO  headless_chrome::browser::tab] Navigating a tab to file:///D:/Projects/uiraitah_darpana/raitha_darpana/rd_media/20260814/%E0%B2%AC%E0%B2%B3%E0%B3%8D%E0%B2%B3%E0%B2%BE%E0%B2%B0%E0%B2%BF/%E0%B2%AC%E0%B2%B3%E0%B3%8D%E0%B2%B3%E0%B2%BE%E0%B2%B0%E0%B2%BF-20260814-yt-kan.html
[2026-08-14T11:11:50Z INFO  raitha_darpana::voiceover] ನಮಸ್ಕಾರ ವೀಕ್ಷಕರೇ, ರೈತ ದರ್ಪಣ ಮಾರುಕಟ್ಟೆ ಬೆಲೆಗಳ ಮಾಹಿತಿ ಚಾನೆಲ್‌ಗೆ ಸುಸ್ವಾಗತ. ಇಂದಿನ ಬಳ್ಳಾರಿ ಮಾರುಕಟ್ಟೆಯ ತರಕಾರಿ ಬೆಲೆಗಳ ಮಾಹಿತಿ ಇಲ್ಲಿದೆ. ವರದಿ ದಿನಾಂಕ: 14/08/2026. ನೆಲಗಡಲೆ (ಶೇಂಗಾ): ಕನಿಷ್ಠ ಬೆಲೆ ನಾಲ್ಕು ಸಾವಿರ ಅರವತ್ತು ಒಂಬತ್ತು ರೂಪಾಯಿ, ಗರಿಷ್ಠ ಬೆಲೆ ಹತ್ತು ಸಾವಿರ ಎರಡು ನೂರು ಅರವತ್ತು ಒಂಬತ್ತು ರೂಪಾಯಿ. ಜೋಳ: ಕನಿಷ್ಠ ಬೆಲೆ ಎರಡು ಸಾವಿರ ಎರಡು ನೂರು ಒಂಬತ್ತು ರೂಪಾಯಿ, ಗರಿಷ್ಠ ಬೆಲೆ ಎರಡು ಸಾವಿರ ಒಂಬತ್ತು ನೂರು ಇಪ್ಪತ್ತು ಒಂಬತ್ತು ರೂಪಾಯಿ. ಸಜ್ಜೆ: ಕನಿಷ್ಠ ಬೆಲೆ ಎರಡು ಸಾವಿರ ನಾಲ್ಕು ನೂರು ಹನ್ನೊಂದು ರೂಪಾಯಿ, ಗರಿಷ್ಠ ಬೆಲೆ ಎರಡು ಸಾವಿರ ಒಂಬತ್ತು ನೂರು ಎಪ್ಪತ್ತು ರೂಪಾಯಿ. ಮೆಕ್ಕೆಜೋಳ: ಕನಿಷ್ಠ ಬೆಲೆ ಎರಡು ಸಾವಿರ ಮೂರು ನೂರು ಅರವತ್ತು ಒಂಬತ್ತು ರೂಪಾಯಿ, ಗರಿಷ್ಠ ಬೆಲೆ ಎರಡು ಸಾವಿರ ಐದು ನೂರು ಮಪ್ಪತ್ತು ಒಂಬತ್ತು ರೂಪಾಯಿ. ರಾಗಿ: ಕನಿಷ್ಠ ಬೆಲೆ ಎರಡು ಸಾವಿರ ಒಂಬತ್ತು ನೂರು ಐವತ್ತು ರೂಪಾಯಿ, ಗರಿಷ್ಠ ಬೆಲೆ ಎರಡು ಸಾವಿರ ಒಂಬತ್ತು ನೂರು ಐವತ್ತು ರೂಪಾಯಿ. ಉದ್ದಿನಕಾಳು: ಕನಿಷ್ಠ ಬೆಲೆ ಎಂಟು ಸಾವಿರ ರೂಪಾಯಿ, ಗರಿಷ್ಠ ಬೆಲೆ ಎಂಟು ಸಾವಿರ ರೂಪಾಯಿ. ದಿನನಿತ್ಯದ ನಿಖರ ಮಾಹಿತಿಗಾಗಿ ನಮ್ಮ ಇನ್ಸ್ಟಾಗ್ರಾಮ್ ಮತ್ತು ಯೂಟ್ಯೂಬ್ ಚಾನೆಲ್‌ಗೆ ಸಬ್‌ಸ್ಕ್ರೈಬ್ ಆಗಿ. ಧನ್ಯವಾದಗಳು!
[2026-08-14T11:11:50Z INFO  raitha_darpana::ui] [job b42bdd4b-6ff7-4ee9-a2fa-438df21f7fe9] Generating voiceover for ಬಳ್ಳಾರಿ...
[2026-08-14T11:11:50Z ERROR raitha_darpana::render] Video generation failed for 'ಬಳ್ಳಾರಿ': Voiceover generation failed: invalid rate value: +10
[2026-08-14T11:11:50Z INFO  raitha_darpana::ui] [job b42bdd4b-6ff7-4ee9-a2fa-438df21f7fe9] Video generation failed for ಬಳ್ಳಾರಿ: Voiceover generation failed: invalid rate value: +10
[2026-08-14T11:11:50Z INFO  raitha_darpana::render] Rendering images for city '27]  ಮಾರುಕಟ್ಟೆ: ಬೀದರ್' -> 'BIDAR'
[2026-08-14T11:11:50Z INFO  raitha_darpana::ui] [job b42bdd4b-6ff7-4ee9-a2fa-438df21f7fe9] Rendering BIDAR (Instagram)...
[2026-08-14T11:11:50Z INFO  raitha_darpana::render] Navigating to file:///D:/Projects/uiraitah_darpana/raitha_darpana/rd_media/20260814/BIDAR/BIDAR-20260814-ig-kan.html (city: BIDAR)
[2026-08-14T11:11:50Z INFO  headless_chrome::browser::tab] Navigating a tab to file:///D:/Projects/uiraitah_darpana/raitha_darpana/rd_media/20260814/BIDAR/BIDAR-20260814-ig-kan.html
[2026-08-14T11:11:51Z INFO  raitha_darpana::ui] [job b42bdd4b-6ff7-4ee9-a2fa-438df21f7fe9] Rendering BIDAR (YouTube)...
[2026-08-14T11:11:51Z INFO  raitha_darpana::render] Navigating to file:///D:/Projects/uiraitah_darpana/raitha_darpana/rd_media/20260814/BIDAR/BIDAR-20260814-yt-kan.html (city: BIDAR)
[2026-08-14T11:11:51Z INFO  headless_chrome::browser::tab] Navigating a tab to file:///D:/Projects/uiraitah_darpana/raitha_darpana/rd_media/20260814/BIDAR/BIDAR-20260814-yt-kan.html
[2026-08-14T11:11:52Z INFO  raitha_darpana::voiceover] ನಮಸ್ಕಾರ ವೀಕ್ಷಕರೇ, ರೈತ ದರ್ಪಣ ಮಾರುಕಟ್ಟೆ ಬೆಲೆಗಳ ಮಾಹಿತಿ ಚಾನೆಲ್‌ಗೆ ಸುಸ್ವಾಗತ. ಇಂದಿನ BIDAR ಮಾರುಕಟ್ಟೆಯ ತರಕಾರಿ ಬೆಲೆಗಳ ಮಾಹಿತಿ ಇಲ್ಲಿದೆ. ವರದಿ ದಿನಾಂಕ: 14/08/2026. ತೊಗರಿ: ಕನಿಷ್ಠ ಬೆಲೆ ಮೂರು ಸಾವಿರ ಎಂಟು ನೂರು ಐವತ್ತು ಒಂದು ರೂಪಾಯಿ, ಗರಿಷ್ಠ ಬೆಲೆ ಎಂಟು ಸಾವಿರ ಒಂದು ನೂರು ಇಪ್ಪತ್ತು ಒಂಬತ್ತು ರೂಪಾಯಿ. ಉದ್ದಿನಕಾಳು: ಕನಿಷ್ಠ ಬೆಲೆ ಐದು ಸಾವಿರ ಏಳು ನೂರು ಇಪ್ಪತ್ತು ಎರಡು ರೂಪಾಯಿ, ಗರಿಷ್ಠ ಬೆಲೆ ಏಳು ಸಾವಿರ ಮೂರು ನೂರು ಇಪ್ಪತ್ತು ಐದು ರೂಪಾಯಿ. ಸೋಯಾಬಿನ್: ಕನಿಷ್ಠ ಬೆಲೆ ಐದು ಸಾವಿರ ಆರು ನೂರು ಇಪ್ಪತ್ತು ಒಂದು ರೂಪಾಯಿ, ಗರಿಷ್ಠ ಬೆಲೆ ಆರು ಸಾವಿರ ಐದು ನೂರು ಹದಿನಾರು ರೂಪಾಯಿ. ಕಡಲೆಕಾಳು: ಕನಿಷ್ಠ ಬೆಲೆ ನಾಲ್ಕು ಸಾವಿರ ಒಂಬತ್ತು ನೂರು ಇಪ್ಪತ್ತು ಐದು ರೂಪಾಯಿ, ಗರಿಷ್ಠ ಬೆಲೆ ಆರು ಸಾವಿರ ಒಂದು ನೂರು ಎಂಭತ್ತು ಒಂಬತ್ತು ರೂಪಾಯಿ. ಅಕ್ಕಿ: ಕನಿಷ್ಠ ಬೆಲೆ ನಾಲ್ಕು ಸಾವಿರ ನಾಲ್ಕು ನೂರು ರೂಪಾಯಿ, ಗರಿಷ್ಠ ಬೆಲೆ ಐದು ಸಾವಿರ ಆರು ನೂರು ರೂಪಾಯಿ. ಜೋಳ: ಕನಿಷ್ಠ ಬೆಲೆ ಮೂರು ಸಾವಿರ ನಾಲ್ಕು ನೂರು ರೂಪಾಯಿ, ಗರಿಷ್ಠ ಬೆಲೆ ಐದು ಸಾವಿರ ಮೂರು ನೂರು ರೂಪಾಯಿ. ಅಕ್ಕಿ: ಕನಿಷ್ಠ ಬೆಲೆ ಎರಡು ಸಾವಿರ ಐದು ನೂರು ರೂಪಾಯಿ, ಗರಿಷ್ಠ ಬೆಲೆ ಮೂರು ಸಾವಿರ ಎರಡು ನೂರು ರೂಪಾಯಿ. ಗೋಧಿ: ಕನಿಷ್ಠ ಬೆಲೆ ಎರಡು ಸಾವಿರ ಆರು ನೂರು ರೂಪಾಯಿ, ಗರಿಷ್ಠ ಬೆಲೆ ಮೂರು ಸಾವಿರ ನಾಲ್ಕು ನೂರು ಎಪ್ಪತ್ತು ಐದು ರೂಪಾಯಿ. ಹೆಸರುಕಾಳು: ಕನಿಷ್ಠ ಬೆಲೆ ಐದು ಸಾವಿರ ಒಂದು ನೂರು ಹನ್ನೊಂದು ರೂಪಾಯಿ, ಗರಿಷ್ಠ ಬೆಲೆ ಐದು ಸಾವಿರ ಐದು ನೂರು ಐವತ್ತು ಐದು ರೂಪಾಯಿ. ದಿನನಿತ್ಯದ ನಿಖರ ಮಾಹಿತಿಗಾಗಿ ನಮ್ಮ ಇನ್ಸ್ಟಾಗ್ರಾಮ್ ಮತ್ತು ಯೂಟ್ಯೂಬ್ ಚಾನೆಲ್‌ಗೆ ಸಬ್‌ಸ್ಕ್ರೈಬ್ ಆಗಿ. ಧನ್ಯವಾದಗಳು!
[2026-08-14T11:11:52Z INFO  raitha_darpana::ui] [job b42bdd4b-6ff7-4ee9-a2fa-438df21f7fe9] Generating voiceover for BIDAR...
[2026-08-14T11:11:52Z ERROR raitha_darpana::render] Video generation failed for 'BIDAR': Voiceover generation failed: invalid rate value: +10
[2026-08-14T11:11:52Z INFO  raitha_darpana::ui] [job b42bdd4b-6ff7-4ee9-a2fa-438df21f7fe9] Video generation failed for BIDAR: Voiceover generation failed: invalid rate value: +10
[2026-08-14T11:11:52Z INFO  raitha_darpana::render] Rendering images for city '37]  ಮಾರುಕಟ್ಟೆ: ರಾಮನಗರ' -> 'ರಾಮನಗರ'
[2026-08-14T11:11:52Z INFO  raitha_darpana::ui] [job b42bdd4b-6ff7-4ee9-a2fa-438df21f7fe9] Rendering ರಾಮನಗರ (Instagram)...
[2026-08-14T11:11:52Z INFO  raitha_darpana::render] Navigating to file:///D:/Projects/uiraitah_darpana/raitha_darpana/rd_media/20260814/%E0%B2%B0%E0%B2%BE%E0%B2%AE%E0%B2%A8%E0%B2%97%E0%B2%B0/%E0%B2%B0%E0%B2%BE%E0%B2%AE%E0%B2%A8%E0%B2%97%E0%B2%B0-20260814-ig-kan.html (city: ರಾಮನಗರ)
[2026-08-14T11:11:52Z INFO  headless_chrome::browser::tab] Navigating a tab to file:///D:/Projects/uiraitah_darpana/raitha_darpana/rd_media/20260814/%E0%B2%B0%E0%B2%BE%E0%B2%AE%E0%B2%A8%E0%B2%97%E0%B2%B0/%E0%B2%B0%E0%B2%BE%E0%B2%AE%E0%B2%A8%E0%B2%97%E0%B2%B0-20260814-ig-kan.html
[2026-08-14T11:11:54Z INFO  raitha_darpana::ui] [job b42bdd4b-6ff7-4ee9-a2fa-438df21f7fe9] Rendering ರಾಮನಗರ (YouTube)...
[2026-08-14T11:11:54Z INFO  raitha_darpana::render] Navigating to file:///D:/Projects/uiraitah_darpana/raitha_darpana/rd_media/20260814/%E0%B2%B0%E0%B2%BE%E0%B2%AE%E0%B2%A8%E0%B2%97%E0%B2%B0/%E0%B2%B0%E0%B2%BE%E0%B2%AE%E0%B2%A8%E0%B2%97%E0%B2%B0-20260814-yt-kan.html (city: ರಾಮನಗರ)
[2026-08-14T11:11:54Z INFO  headless_chrome::browser::tab] Navigating a tab to file:///D:/Projects/uiraitah_darpana/raitha_darpana/rd_media/20260814/%E0%B2%B0%E0%B2%BE%E0%B2%AE%E0%B2%A8%E0%B2%97%E0%B2%B0/%E0%B2%B0%E0%B2%BE%E0%B2%AE%E0%B2%A8%E0%B2%97%E0%B2%B0-20260814-yt-kan.html
[2026-08-14T11:11:55Z INFO  raitha_darpana::voiceover] ನಮಸ್ಕಾರ ವೀಕ್ಷಕರೇ, ರೈತ ದರ್ಪಣ ಮಾರುಕಟ್ಟೆ ಬೆಲೆಗಳ ಮಾಹಿತಿ ಚಾನೆಲ್‌ಗೆ ಸುಸ್ವಾಗತ. ಇಂದಿನ ರಾಮನಗರ ಮಾರುಕಟ್ಟೆಯ ತರಕಾರಿ ಬೆಲೆಗಳ ಮಾಹಿತಿ ಇಲ್ಲಿದೆ. ವರದಿ ದಿನಾಂಕ: 14/08/2026. ಟೊಮ್ಯಾಟೊ: ಕನಿಷ್ಠ ಬೆಲೆ ಎಂಟು ನೂರು ರೂಪಾಯಿ, ಗರಿಷ್ಠ ಬೆಲೆ ಒಂದು ಸಾವಿರ ಐದು ನೂರು ರೂಪಾಯಿ. ಸೌತೆಕಾಯಿ: ಕನಿಷ್ಠ ಬೆಲೆ ಒಂದು ಸಾವಿರ ಎಂಟು ನೂರು ರೂಪಾಯಿ, ಗರಿಷ್ಠ ಬೆಲೆ ಎರಡು ಸಾವಿರ ಎರಡು ನೂರು ರೂಪಾಯಿ. ಎಲೆಕೋಸು: ಕನಿಷ್ಠ ಬೆಲೆ ಒಂದು ಸಾವಿರ ರೂಪಾಯಿ, ಗರಿಷ್ಠ ಬೆಲೆ ಒಂದು ಸಾವಿರ ಆರು ನೂರು ರೂಪಾಯಿ. ಹೂಕೋಸು: ಕನಿಷ್ಠ ಬೆಲೆ ಒಂದು ಸಾವಿರ ನಾಲ್ಕು ನೂರು ರೂಪಾಯಿ, ಗರಿಷ್ಠ ಬೆಲೆ ಎರಡು ಸಾವಿರ ನಾಲ್ಕು ನೂರು ರೂಪಾಯಿ. ಹಸಿರು ಮೆಣಸಿನಕಾಯಿ: ಕನಿಷ್ಠ ಬೆಲೆ ನಾಲ್ಕು ಸಾವಿರ ರೂಪಾಯಿ, ಗರಿಷ್ಠ ಬೆಲೆ ಆರು ಸಾವಿರ ರೂಪಾಯಿ. ಬದನೆಕಾಯಿ: ಕನಿಷ್ಠ ಬೆಲೆ ಎರಡು ಸಾವಿರ ನಾಲ್ಕು ನೂರು ರೂಪಾಯಿ, ಗರಿಷ್ಠ ಬೆಲೆ ನಾಲ್ಕು ಸಾವಿರ ರೂಪಾಯಿ. ಹೀರೇಕಾಯಿ: ಕನಿಷ್ಠ ಬೆಲೆ ಎರಡು ಸಾವಿರ ಎರಡು ನೂರು ರೂಪಾಯಿ, ಗರಿಷ್ಠ ಬೆಲೆ ಮೂರು ಸಾವಿರ ರೂಪಾಯಿ. ಹುರುಳಿಕಾಯಿ: ಕನಿಷ್ಠ ಬೆಲೆ ನಾಲ್ಕು ಸಾವಿರ ರೂಪಾಯಿ, ಗರಿಷ್ಠ ಬೆಲೆ ಆರು ಸಾವಿರ ರೂಪಾಯಿ. ನವಿಲುಕೋಸು: ಕನಿಷ್ಠ ಬೆಲೆ ಮೂರು ಸಾವಿರ ರೂಪಾಯಿ, ಗರಿಷ್ಠ ಬೆಲೆ ನಾಲ್ಕು ಸಾವಿರ ರೂಪಾಯಿ. ಪಡವಲಕಾಯಿ: ಕನಿಷ್ಠ ಬೆಲೆ ಒಂದು ಸಾವಿರ ಆರು ನೂರು ರೂಪಾಯಿ, ಗರಿಷ್ಠ ಬೆಲೆ ಎರಡು ಸಾವಿರ ಮೂರು ನೂರು ರೂಪಾಯಿ. ದಿನನಿತ್ಯದ ನಿಖರ ಮಾಹಿತಿಗಾಗಿ ನಮ್ಮ ಇನ್ಸ್ಟಾಗ್ರಾಮ್ ಮತ್ತು ಯೂಟ್ಯೂಬ್ ಚಾನೆಲ್‌ಗೆ ಸಬ್‌ಸ್ಕ್ರೈಬ್ ಆಗಿ. ಧನ್ಯವಾದಗಳು!
[2026-08-14T11:11:55Z INFO  raitha_darpana::ui] [job b42bdd4b-6ff7-4ee9-a2fa-438df21f7fe9] Generating voiceover for ರಾಮನಗರ...
[2026-08-14T11:11:55Z ERROR raitha_darpana::render] Video generation failed for 'ರಾಮನಗರ': Voiceover generation failed: invalid rate value: +10
[2026-08-14T11:11:55Z INFO  raitha_darpana::ui] [job b42bdd4b-6ff7-4ee9-a2fa-438df21f7fe9] Video generation failed for ರಾಮನಗರ: Voiceover generation failed: invalid rate value: +10
[2026-08-14T11:11:55Z INFO  raitha_darpana::render] Rendering images for city '42]  ಮಾರುಕಟ್ಟೆ: ಶಿವಮೊಗ್ಗ' -> 'ಶಿವಮೊಗ್ಗ'
[2026-08-14T11:11:55Z INFO  raitha_darpana::ui] [job b42bdd4b-6ff7-4ee9-a2fa-438df21f7fe9] Rendering ಶಿವಮೊಗ್ಗ (Instagram)...
[2026-08-14T11:11:55Z INFO  raitha_darpana::render] Navigating to file:///D:/Projects/uiraitah_darpana/raitha_darpana/rd_media/20260814/%E0%B2%B6%E0%B2%BF%E0%B2%B5%E0%B2%AE%E0%B3%8A%E0%B2%97%E0%B3%8D%E0%B2%97/%E0%B2%B6%E0%B2%BF%E0%B2%B5%E0%B2%AE%E0%B3%8A%E0%B2%97%E0%B3%8D%E0%B2%97-20260814-ig-kan.html (city: ಶಿವಮೊಗ್ಗ)
[2026-08-14T11:11:55Z INFO  headless_chrome::browser::tab] Navigating a tab to file:///D:/Projects/uiraitah_darpana/raitha_darpana/rd_media/20260814/%E0%B2%B6%E0%B2%BF%E0%B2%B5%E0%B2%AE%E0%B3%8A%E0%B2%97%E0%B3%8D%E0%B2%97/%E0%B2%B6%E0%B2%BF%E0%B2%B5%E0%B2%AE%E0%B3%8A%E0%B2%97%E0%B3%8D%E0%B2%97-20260814-ig-kan.html
[2026-08-14T11:11:56Z INFO  raitha_darpana::ui] [job b42bdd4b-6ff7-4ee9-a2fa-438df21f7fe9] Rendering ಶಿವಮೊಗ್ಗ (YouTube)...
[2026-08-14T11:11:56Z INFO  raitha_darpana::render] Navigating to file:///D:/Projects/uiraitah_darpana/raitha_darpana/rd_media/20260814/%E0%B2%B6%E0%B2%BF%E0%B2%B5%E0%B2%AE%E0%B3%8A%E0%B2%97%E0%B3%8D%E0%B2%97/%E0%B2%B6%E0%B2%BF%E0%B2%B5%E0%B2%AE%E0%B3%8A%E0%B2%97%E0%B3%8D%E0%B2%97-20260814-yt-kan.html (city: ಶಿವಮೊಗ್ಗ)
[2026-08-14T11:11:56Z INFO  headless_chrome::browser::tab] Navigating a tab to file:///D:/Projects/uiraitah_darpana/raitha_darpana/rd_media/20260814/%E0%B2%B6%E0%B2%BF%E0%B2%B5%E0%B2%AE%E0%B3%8A%E0%B2%97%E0%B3%8D%E0%B2%97/%E0%B2%B6%E0%B2%BF%E0%B2%B5%E0%B2%AE%E0%B3%8A%E0%B2%97%E0%B3%8D%E0%B2%97-20260814-yt-kan.html
[2026-08-14T11:11:57Z INFO  raitha_darpana::voiceover] ನಮಸ್ಕಾರ ವೀಕ್ಷಕರೇ, ರೈತ ದರ್ಪಣ ಮಾರುಕಟ್ಟೆ ಬೆಲೆಗಳ ಮಾಹಿತಿ ಚಾನೆಲ್‌ಗೆ ಸುಸ್ವಾಗತ. ಇಂದಿನ ಶಿವಮೊಗ್ಗ ಮಾರುಕಟ್ಟೆಯ ತರಕಾರಿ ಬೆಲೆಗಳ ಮಾಹಿತಿ ಇಲ್ಲಿದೆ. ವರದಿ ದಿನಾಂಕ: 14/08/2026. ಟೊಮ್ಯಾಟೊ: ಕನಿಷ್ಠ ಬೆಲೆ ನಾಲ್ಕು ನೂರು ರೂಪಾಯಿ, ಗರಿಷ್ಠ ಬೆಲೆ ಒಂದು ಸಾವಿರ ಎರಡು ನೂರು ರೂಪಾಯಿ. ಹುರುಳಿಕಾಯಿ: ಕನಿಷ್ಠ ಬೆಲೆ ಎರಡು ಸಾವಿರ ರೂಪಾಯಿ, ಗರಿಷ್ಠ ಬೆಲೆ ಆರು ಸಾವಿರ ರೂಪಾಯಿ. ಕ್ಯಾರೆಟ್: ಕನಿಷ್ಠ ಬೆಲೆ ನಾಲ್ಕು ಸಾವಿರ ರೂಪಾಯಿ, ಗರಿಷ್ಠ ಬೆಲೆ ನಾಲ್ಕು ಸಾವಿರ ಐದು ನೂರು ರೂಪಾಯಿ. ಈರುಳ್ಳಿ: ಕನಿಷ್ಠ ಬೆಲೆ ಮೂರು ಸಾವಿರ ಎರಡು ನೂರು ರೂಪಾಯಿ, ಗರಿಷ್ಠ ಬೆಲೆ ನಾಲ್ಕು ಸಾವಿರ ಎರಡು ನೂರು ರೂಪಾಯಿ. ಸೌತೆಕಾಯಿ: ಕನಿಷ್ಠ ಬೆಲೆ ಒಂದು ಸಾವಿರ ಆರು ನೂರು ರೂಪಾಯಿ, ಗರಿಷ್ಠ ಬೆಲೆ ಎರಡು ಸಾವಿರ ಆರು ನೂರು ರೂಪಾಯಿ. ಬದನೆಕಾಯಿ: ಕನಿಷ್ಠ ಬೆಲೆ ಒಂದು ಸಾವಿರ ರೂಪಾಯಿ, ಗರಿಷ್ಠ ಬೆಲೆ ಒಂದು ಸಾವಿರ ಎರಡು ನೂರು ರೂಪಾಯಿ. ಆಲೂಗಡ್ಡೆ: ಕನಿಷ್ಠ ಬೆಲೆ ಒಂದು ಸಾವಿರ ಏಳು ನೂರು ರೂಪಾಯಿ, ಗರಿಷ್ಠ ಬೆಲೆ ಎರಡು ಸಾವಿರ ಎರಡು ನೂರು ರೂಪಾಯಿ. ಹೀರೇಕಾಯಿ: ಕನಿಷ್ಠ ಬೆಲೆ ಎರಡು ಸಾವಿರ ನಾಲ್ಕು ನೂರು ರೂಪಾಯಿ, ಗರಿಷ್ಠ ಬೆಲೆ ಎರಡು ಸಾವಿರ ಆರು ನೂರು ರೂಪಾಯಿ. ಬೀಟ್ರೂಟ್: ಕನಿಷ್ಠ ಬೆಲೆ ಎರಡು ಸಾವಿರ ರೂಪಾಯಿ, ಗರಿಷ್ಠ ಬೆಲೆ ಎರಡು ಸಾವಿರ ಆರು ನೂರು ರೂಪಾಯಿ. ಎಲೆಕೋಸು: ಕನಿಷ್ಠ ಬೆಲೆ ಎಂಟು ನೂರು ರೂಪಾಯಿ, ಗರಿಷ್ಠ ಬೆಲೆ ಒಂದು ಸಾವಿರ ರೂಪಾಯಿ. ದಿನನಿತ್ಯದ ನಿಖರ ಮಾಹಿತಿಗಾಗಿ ನಮ್ಮ ಇನ್ಸ್ಟಾಗ್ರಾಮ್ ಮತ್ತು ಯೂಟ್ಯೂಬ್ ಚಾನೆಲ್‌ಗೆ ಸಬ್‌ಸ್ಕ್ರೈಬ್ ಆಗಿ. ಧನ್ಯವಾದಗಳು!
[2026-08-14T11:11:57Z INFO  raitha_darpana::ui] [job b42bdd4b-6ff7-4ee9-a2fa-438df21f7fe9] Generating voiceover for ಶಿವಮೊಗ್ಗ...
[2026-08-14T11:11:57Z ERROR raitha_darpana::render] Video generation failed for 'ಶಿವಮೊಗ್ಗ': Voiceover generation failed: invalid rate value: +10
[2026-08-14T11:11:57Z INFO  raitha_darpana::ui] [job b42bdd4b-6ff7-4ee9-a2fa-438df21f7fe9] Video generation failed for ಶಿವಮೊಗ್ಗ: Voiceover generation failed: invalid rate value: +10
[2026-08-14T11:11:57Z INFO  raitha_darpana::ui] [job b42bdd4b-6ff7-4ee9-a2fa-438df21f7fe9] Render complete.
[2026-08-14T11:11:57Z INFO  headless_chrome::browser] Dropping browser
[2026-08-14T11:11:58Z INFO  headless_chrome::browser::process] Killing Chrome. PID: 8516
[2026-08-14T11:11:58Z INFO  headless_chrome::browser::transport] Transport incoming message loop loop received shutdown message
[2026-08-14T11:11:58Z INFO  headless_chrome::browser::transport] Shutting down message handling loop
[2026-08-14T11:11:58Z INFO  headless_chrome::browser] Browser event loop received shutdown message
[2026-08-14T11:11:58Z INFO  headless_chrome::browser] Finished browser's event handling loop
[2026-08-14T11:11:58Z INFO  headless_chrome::browser::transport::web_socket_connection] Sending shutdown message to message handling loop
[2026-08-14T11:11:58Z INFO  headless_chrome::browser::transport] cleared listeners, I think
[2026-08-14T11:11:58Z INFO  headless_chrome::browser::tab] finished tab's event handling loop
[2026-08-14T11:11:58Z INFO  headless_chrome::browser::tab] finished tab's event handling loop
[2026-08-14T11:11:58Z INFO  headless_chrome::browser::transport] dropping transport
[2026-08-14T11:11:58Z INFO  headless_chrome::browser::transport::web_socket_connection] dropping websocket connection
[2026-08-14T11:16:36Z INFO  raitha_darpana] === raitha_darpana started, logging to rd_media\rd.log ===
[2026-08-14T11:16:36Z INFO  raitha_darpana::ui] Web UI listening on http://127.0.0.1:51039
[2026-08-14T11:17:45Z INFO  raitha_darpana::ui] [job e9936461-7f01-49f8-93d8-dddf9016bbf1] Launching renderer...
[2026-08-14T11:17:45Z INFO  headless_chrome::browser::process] Launching Chrome binary at C:\Program Files\Google\Chrome\Application\chrome.exe
[2026-08-14T11:17:45Z INFO  headless_chrome::browser::process] Started Chrome. PID: 12736
[2026-08-14T11:17:46Z INFO  raitha_darpana::render] Rendering images for city '8]  ಮಾರುಕಟ್ಟೆ: ಗುಂಡ್ಲುಪೇಟೆ' -> 'GUNDLUPET'
[2026-08-14T11:17:46Z INFO  raitha_darpana::ui] [job e9936461-7f01-49f8-93d8-dddf9016bbf1] GUNDLUPET (Instagram) already exists, skipping.
[2026-08-14T11:17:46Z INFO  raitha_darpana::ui] [job e9936461-7f01-49f8-93d8-dddf9016bbf1] GUNDLUPET (YouTube) already exists, skipping.
[2026-08-14T11:17:46Z INFO  raitha_darpana::voiceover] ನಮಸ್ಕಾರ ವೀಕ್ಷಕರೇ, ರೈತ ದರ್ಪಣ ಮಾರುಕಟ್ಟೆ ಬೆಲೆಗಳ ಮಾಹಿತಿ ಚಾನೆಲ್‌ಗೆ ಸುಸ್ವಾಗತ. ಇಂದಿನ GUNDLUPET ಮಾರುಕಟ್ಟೆಯ ತರಕಾರಿ ಬೆಲೆಗಳ ಮಾಹಿತಿ ಇಲ್ಲಿದೆ. ವರದಿ ದಿನಾಂಕ: 14/08/2026. ಸೂರ್ಯ ಕಾಂತಿ: ಕನಿಷ್ಠ ಬೆಲೆ ಏಳು ಸಾವಿರ ಐದು ನೂರು ರೂಪಾಯಿ, ಗರಿಷ್ಠ ಬೆಲೆ ಎಂಟು ಸಾವಿರ ರೂಪಾಯಿ. ಟೊಮ್ಯಾಟೊ: ಕನಿಷ್ಠ ಬೆಲೆ ಒಂದು ಸಾವಿರ ಒಂದು ನೂರು ರೂಪಾಯಿ, ಗರಿಷ್ಠ ಬೆಲೆ ಒಂದು ಸಾವಿರ ಮೂರು ನೂರು ರೂಪಾಯಿ. ತೆಂಗಿನಕಾಯಿ: ಕನಿಷ್ಠ ಬೆಲೆ ಇಪ್ಪತ್ತು ಸಾವಿರ ರೂಪಾಯಿ, ಗರಿಷ್ಠ ಬೆಲೆ ಇಪ್ಪತ್ತು ಮೂರು ಸಾವಿರ ರೂಪಾಯಿ. ಬೇವಿನ ಬೀಜ: ಕನಿಷ್ಠ ಬೆಲೆ ಆರು ಸಾವಿರ ಒಂಬತ್ತು ನೂರು ರೂಪಾಯಿ, ಗರಿಷ್ಠ ಬೆಲೆ ಆರು ಸಾವಿರ ಒಂಬತ್ತು ನೂರು ರೂಪಾಯಿ. ಅರಿಶಿನ: ಕನಿಷ್ಠ ಬೆಲೆ ಹದಿಮೂರು ಸಾವಿರ ಐದು ನೂರು ಐವತ್ತು ರೂಪಾಯಿ, ಗರಿಷ್ಠ ಬೆಲೆ ಹದಿಮೂರು ಸಾವಿರ ಐದು ನೂರು ಐವತ್ತು ರೂಪಾಯಿ. ಹಸಿರು ಮೆಣಸಿನಕಾಯಿ: ಕನಿಷ್ಠ ಬೆಲೆ ಎರಡು ಸಾವಿರ ಒಂಬತ್ತು ನೂರು ರೂಪಾಯಿ, ಗರಿಷ್ಠ ಬೆಲೆ ಮೂರು ಸಾವಿರ ಎರಡು ನೂರು ರೂಪಾಯಿ. ಬೆಲ್ಲ: ಕನಿಷ್ಠ ಬೆಲೆ ಐದು ಸಾವಿರ ಐದು ನೂರು ರೂಪಾಯಿ, ಗರಿಷ್ಠ ಬೆಲೆ ಐದು ಸಾವಿರ ಐದು ನೂರು ರೂಪಾಯಿ. ಹುರುಳಿಕಾಯಿ: ಕನಿಷ್ಠ ಬೆಲೆ ನಾಲ್ಕು ಸಾವಿರ ಏಳು ನೂರು ಐದು ರೂಪಾಯಿ, ಗರಿಷ್ಠ ಬೆಲೆ ನಾಲ್ಕು ಸಾವಿರ ಏಳು ನೂರು ಐದು ರೂಪಾಯಿ. ದಿನನಿತ್ಯದ ನಿಖರ ಮಾಹಿತಿಗಾಗಿ ನಮ್ಮ ಇನ್ಸ್ಟಾಗ್ರಾಮ್ ಮತ್ತು ಯೂಟ್ಯೂಬ್ ಚಾನೆಲ್‌ಗೆ ಸಬ್‌ಸ್ಕ್ರೈಬ್ ಆಗಿ. ಧನ್ಯವಾದಗಳು!
[2026-08-14T11:17:46Z INFO  raitha_darpana::ui] [job e9936461-7f01-49f8-93d8-dddf9016bbf1] Generating voiceover for GUNDLUPET...
[2026-08-14T11:17:55Z INFO  raitha_darpana::voiceover] 🎧 Found background music at assets\bg_music.mp3. Mixing at 6% volume.
[2026-08-14T11:17:56Z INFO  raitha_darpana::ui] [job e9936461-7f01-49f8-93d8-dddf9016bbf1] Generating Instagram video for GUNDLUPET...
[2026-08-14T11:17:56Z INFO  headless_chrome::browser::tab] Navigating a tab to file:///D:/Projects/uiraitah_darpana/raitha_darpana/rd_media/20260814/GUNDLUPET/frames/ig-kan/frame_00.html
[2026-08-14T11:17:57Z INFO  headless_chrome::browser::tab] Navigating a tab to file:///D:/Projects/uiraitah_darpana/raitha_darpana/rd_media/20260814/GUNDLUPET/frames/ig-kan/frame_01.html
[2026-08-14T11:17:59Z INFO  headless_chrome::browser::tab] Navigating a tab to file:///D:/Projects/uiraitah_darpana/raitha_darpana/rd_media/20260814/GUNDLUPET/frames/ig-kan/frame_02.html
[2026-08-14T11:18:00Z INFO  headless_chrome::browser::tab] Navigating a tab to file:///D:/Projects/uiraitah_darpana/raitha_darpana/rd_media/20260814/GUNDLUPET/frames/ig-kan/frame_03.html
[2026-08-14T11:18:02Z INFO  headless_chrome::browser::tab] Navigating a tab to file:///D:/Projects/uiraitah_darpana/raitha_darpana/rd_media/20260814/GUNDLUPET/frames/ig-kan/frame_04.html
[2026-08-14T11:18:03Z INFO  headless_chrome::browser::tab] Navigating a tab to file:///D:/Projects/uiraitah_darpana/raitha_darpana/rd_media/20260814/GUNDLUPET/frames/ig-kan/frame_05.html
[2026-08-14T11:18:05Z INFO  headless_chrome::browser::tab] Navigating a tab to file:///D:/Projects/uiraitah_darpana/raitha_darpana/rd_media/20260814/GUNDLUPET/frames/ig-kan/frame_06.html
[2026-08-14T11:18:06Z INFO  headless_chrome::browser::tab] Navigating a tab to file:///D:/Projects/uiraitah_darpana/raitha_darpana/rd_media/20260814/GUNDLUPET/frames/ig-kan/frame_07.html
[2026-08-14T11:18:08Z INFO  headless_chrome::browser::tab] Navigating a tab to file:///D:/Projects/uiraitah_darpana/raitha_darpana/rd_media/20260814/GUNDLUPET/frames/ig-kan/frame_08.html
[2026-08-14T11:18:09Z WARN  raitha_darpana::render] Animated Instagram video failed for 'GUNDLUPET', falling back to a static-image video: ffmpeg animated video generation failed: ffmpeg version 9.0-full_build-www.gyan.dev Copyright (c) 2000-2026 the FFmpeg developers
      built with gcc 16.1.0 (Rev2, Built by MSYS2 project)
      configuration: --enable-gpl --enable-version3 --enable-static --disable-w32threads --disable-autodetect --enable-cairo --enable-fontconfig --enable-iconv --enable-gnutls --enable-lcms2 --enable-libxml2 --enable-gmp --enable-bzlib --enable-lzma --enable-libsnappy --enable-zlib --enable-librist --enable-libsrt --enable-libssh --enable-libzmq --enable-avisynth --enable-libbluray --enable-libcaca --enable-libdvdnav --enable-libdvdread --enable-sdl2 --enable-libaribb24 --enable-libaribcaption --enable-libdav1d --enable-libdavs2 --enable-libopenjpeg --enable-libquirc --enable-libuavs3d --enable-libxevd --enable-libzvbi --enable-liboapv --enable-libqrencode --enable-librav1e --enable-libsvtav1 --enable-libvvenc --enable-libwebp --enable-libx264 --enable-libx265 --enable-libxavs2 --enable-libxeve --enable-libxvid --enable-libaom --enable-libjxl --enable-libsvtjpegxs --enable-libvpx --enable-mediafoundation --enable-libass --enable-frei0r --enable-libfreetype --enable-libfribidi --enable-libharfbuzz --enable-liblensfun --enable-libvidstab --enable-libvmaf --enable-libzimg --enable-amf --enable-cuda-llvm --enable-cuvid --enable-dxva2 --enable-d3d11va --enable-d3d12va --enable-ffnvcodec --enable-libvpl --enable-nvdec --enable-nvenc --enable-vaapi --enable-vulkan --enable-libplacebo --enable-opencl --enable-libcdio --enable-openal --enable-libgme --enable-libmodplug --enable-libopenmpt --enable-libopencore-amrwb --enable-libmp3lame --enable-libshine --enable-libtheora --enable-libtwolame --enable-libvo-amrwbenc --enable-libcodec2 --enable-libilbc --enable-libgsm --enable-liblc3 --enable-libopencore-amrnb --enable-libopus --enable-libspeex --enable-libvorbis --enable-ladspa --enable-libbs2b --enable-libflite --enable-libmysofa --enable-librubberband --enable-libsoxr --enable-chromaprint --enable-whisper
      libavutil      61.  1.100 / 61.  1.100
      libavcodec     63.  1.100 / 63.  1.100
      libavformat    63.  1.100 / 63.  1.100
      libavdevice    63.  1.100 / 63.  1.100
      libavfilter    12.  1.100 / 12.  1.100
      libswscale     10.  1.100 / 10.  1.100
      libswresample   7.  1.100 /  7.  1.100
    [in#0 @ 0000026f014dc4c0] Impossible to open 'rd_media\20260814\GUNDLUPET\rd_media/20260814/GUNDLUPET/frames/ig-kan/frame_00.png'
    [in#0 @ 0000026f01431b80] Error opening input: No such file or directory
    Error opening input file rd_media\20260814\GUNDLUPET\GUNDLUPET-20260814-ig-kan.frames.txt.
    Error opening input files: No such file or directory
    
[2026-08-14T11:18:52Z INFO  raitha_darpana::ui] [job e9936461-7f01-49f8-93d8-dddf9016bbf1] Generating YouTube video for GUNDLUPET...
[2026-08-14T11:18:52Z INFO  headless_chrome::browser::tab] Navigating a tab to file:///D:/Projects/uiraitah_darpana/raitha_darpana/rd_media/20260814/GUNDLUPET/frames/yt-kan/frame_00.html
[2026-08-14T11:18:53Z INFO  headless_chrome::browser::tab] Navigating a tab to file:///D:/Projects/uiraitah_darpana/raitha_darpana/rd_media/20260814/GUNDLUPET/frames/yt-kan/frame_01.html
[2026-08-14T11:18:54Z INFO  headless_chrome::browser::tab] Navigating a tab to file:///D:/Projects/uiraitah_darpana/raitha_darpana/rd_media/20260814/GUNDLUPET/frames/yt-kan/frame_02.html
[2026-08-14T11:18:56Z INFO  headless_chrome::browser::tab] Navigating a tab to file:///D:/Projects/uiraitah_darpana/raitha_darpana/rd_media/20260814/GUNDLUPET/frames/yt-kan/frame_03.html
[2026-08-14T11:18:57Z INFO  headless_chrome::browser::tab] Navigating a tab to file:///D:/Projects/uiraitah_darpana/raitha_darpana/rd_media/20260814/GUNDLUPET/frames/yt-kan/frame_04.html
[2026-08-14T11:18:58Z INFO  headless_chrome::browser::tab] Navigating a tab to file:///D:/Projects/uiraitah_darpana/raitha_darpana/rd_media/20260814/GUNDLUPET/frames/yt-kan/frame_05.html
[2026-08-14T11:18:59Z INFO  headless_chrome::browser::tab] Navigating a tab to file:///D:/Projects/uiraitah_darpana/raitha_darpana/rd_media/20260814/GUNDLUPET/frames/yt-kan/frame_06.html
[2026-08-14T11:19:01Z INFO  headless_chrome::browser::tab] Navigating a tab to file:///D:/Projects/uiraitah_darpana/raitha_darpana/rd_media/20260814/GUNDLUPET/frames/yt-kan/frame_07.html
[2026-08-14T11:19:02Z INFO  headless_chrome::browser::tab] Navigating a tab to file:///D:/Projects/uiraitah_darpana/raitha_darpana/rd_media/20260814/GUNDLUPET/frames/yt-kan/frame_08.html
[2026-08-14T11:19:04Z WARN  raitha_darpana::render] Animated YouTube video failed for 'GUNDLUPET', falling back to a static-image video: ffmpeg animated video generation failed: ffmpeg version 9.0-full_build-www.gyan.dev Copyright (c) 2000-2026 the FFmpeg developers
      built with gcc 16.1.0 (Rev2, Built by MSYS2 project)
      configuration: --enable-gpl --enable-version3 --enable-static --disable-w32threads --disable-autodetect --enable-cairo --enable-fontconfig --enable-iconv --enable-gnutls --enable-lcms2 --enable-libxml2 --enable-gmp --enable-bzlib --enable-lzma --enable-libsnappy --enable-zlib --enable-librist --enable-libsrt --enable-libssh --enable-libzmq --enable-avisynth --enable-libbluray --enable-libcaca --enable-libdvdnav --enable-libdvdread --enable-sdl2 --enable-libaribb24 --enable-libaribcaption --enable-libdav1d --enable-libdavs2 --enable-libopenjpeg --enable-libquirc --enable-libuavs3d --enable-libxevd --enable-libzvbi --enable-liboapv --enable-libqrencode --enable-librav1e --enable-libsvtav1 --enable-libvvenc --enable-libwebp --enable-libx264 --enable-libx265 --enable-libxavs2 --enable-libxeve --enable-libxvid --enable-libaom --enable-libjxl --enable-libsvtjpegxs --enable-libvpx --enable-mediafoundation --enable-libass --enable-frei0r --enable-libfreetype --enable-libfribidi --enable-libharfbuzz --enable-liblensfun --enable-libvidstab --enable-libvmaf --enable-libzimg --enable-amf --enable-cuda-llvm --enable-cuvid --enable-dxva2 --enable-d3d11va --enable-d3d12va --enable-ffnvcodec --enable-libvpl --enable-nvdec --enable-nvenc --enable-vaapi --enable-vulkan --enable-libplacebo --enable-opencl --enable-libcdio --enable-openal --enable-libgme --enable-libmodplug --enable-libopenmpt --enable-libopencore-amrwb --enable-libmp3lame --enable-libshine --enable-libtheora --enable-libtwolame --enable-libvo-amrwbenc --enable-libcodec2 --enable-libilbc --enable-libgsm --enable-liblc3 --enable-libopencore-amrnb --enable-libopus --enable-libspeex --enable-libvorbis --enable-ladspa --enable-libbs2b --enable-libflite --enable-libmysofa --enable-librubberband --enable-libsoxr --enable-chromaprint --enable-whisper
      libavutil      61.  1.100 / 61.  1.100
      libavcodec     63.  1.100 / 63.  1.100
      libavformat    63.  1.100 / 63.  1.100
      libavdevice    63.  1.100 / 63.  1.100
      libavfilter    12.  1.100 / 12.  1.100
      libswscale     10.  1.100 / 10.  1.100
      libswresample   7.  1.100 /  7.  1.100
    [in#0 @ 000001bce62ed000] Impossible to open 'rd_media\20260814\GUNDLUPET\rd_media/20260814/GUNDLUPET/frames/yt-kan/frame_00.png'
    [in#0 @ 000001bce6240e80] Error opening input: No such file or directory
    Error opening input file rd_media\20260814\GUNDLUPET\GUNDLUPET-20260814-yt-kan.frames.txt.
    Error opening input files: No such file or directory
    
[2026-08-14T11:19:54Z INFO  raitha_darpana::render] Rendering images for city '27]  ಮಾರುಕಟ್ಟೆ: ಬೀದರ್' -> 'BIDAR'
[2026-08-14T11:19:54Z INFO  raitha_darpana::ui] [job e9936461-7f01-49f8-93d8-dddf9016bbf1] BIDAR (Instagram) already exists, skipping.
[2026-08-14T11:19:54Z INFO  raitha_darpana::ui] [job e9936461-7f01-49f8-93d8-dddf9016bbf1] BIDAR (YouTube) already exists, skipping.
[2026-08-14T11:19:54Z INFO  raitha_darpana::voiceover] ನಮಸ್ಕಾರ ವೀಕ್ಷಕರೇ, ರೈತ ದರ್ಪಣ ಮಾರುಕಟ್ಟೆ ಬೆಲೆಗಳ ಮಾಹಿತಿ ಚಾನೆಲ್‌ಗೆ ಸುಸ್ವಾಗತ. ಇಂದಿನ BIDAR ಮಾರುಕಟ್ಟೆಯ ತರಕಾರಿ ಬೆಲೆಗಳ ಮಾಹಿತಿ ಇಲ್ಲಿದೆ. ವರದಿ ದಿನಾಂಕ: 14/08/2026. ತೊಗರಿ: ಕನಿಷ್ಠ ಬೆಲೆ ಮೂರು ಸಾವಿರ ಎಂಟು ನೂರು ಐವತ್ತು ಒಂದು ರೂಪಾಯಿ, ಗರಿಷ್ಠ ಬೆಲೆ ಎಂಟು ಸಾವಿರ ಒಂದು ನೂರು ಇಪ್ಪತ್ತು ಒಂಬತ್ತು ರೂಪಾಯಿ. ಉದ್ದಿನಕಾಳು: ಕನಿಷ್ಠ ಬೆಲೆ ಐದು ಸಾವಿರ ಏಳು ನೂರು ಇಪ್ಪತ್ತು ಎರಡು ರೂಪಾಯಿ, ಗರಿಷ್ಠ ಬೆಲೆ ಏಳು ಸಾವಿರ ಮೂರು ನೂರು ಇಪ್ಪತ್ತು ಐದು ರೂಪಾಯಿ. ಸೋಯಾಬಿನ್: ಕನಿಷ್ಠ ಬೆಲೆ ಐದು ಸಾವಿರ ಆರು ನೂರು ಇಪ್ಪತ್ತು ಒಂದು ರೂಪಾಯಿ, ಗರಿಷ್ಠ ಬೆಲೆ ಆರು ಸಾವಿರ ಐದು ನೂರು ಹದಿನಾರು ರೂಪಾಯಿ. ಕಡಲೆಕಾಳು: ಕನಿಷ್ಠ ಬೆಲೆ ನಾಲ್ಕು ಸಾವಿರ ಒಂಬತ್ತು ನೂರು ಇಪ್ಪತ್ತು ಐದು ರೂಪಾಯಿ, ಗರಿಷ್ಠ ಬೆಲೆ ಆರು ಸಾವಿರ ಒಂದು ನೂರು ಎಂಭತ್ತು ಒಂಬತ್ತು ರೂಪಾಯಿ. ಅಕ್ಕಿ: ಕನಿಷ್ಠ ಬೆಲೆ ನಾಲ್ಕು ಸಾವಿರ ನಾಲ್ಕು ನೂರು ರೂಪಾಯಿ, ಗರಿಷ್ಠ ಬೆಲೆ ಐದು ಸಾವಿರ ಆರು ನೂರು ರೂಪಾಯಿ. ಜೋಳ: ಕನಿಷ್ಠ ಬೆಲೆ ಮೂರು ಸಾವಿರ ನಾಲ್ಕು ನೂರು ರೂಪಾಯಿ, ಗರಿಷ್ಠ ಬೆಲೆ ಐದು ಸಾವಿರ ಮೂರು ನೂರು ರೂಪಾಯಿ. ಅಕ್ಕಿ: ಕನಿಷ್ಠ ಬೆಲೆ ಎರಡು ಸಾವಿರ ಐದು ನೂರು ರೂಪಾಯಿ, ಗರಿಷ್ಠ ಬೆಲೆ ಮೂರು ಸಾವಿರ ಎರಡು ನೂರು ರೂಪಾಯಿ. ಗೋಧಿ: ಕನಿಷ್ಠ ಬೆಲೆ ಎರಡು ಸಾವಿರ ಆರು ನೂರು ರೂಪಾಯಿ, ಗರಿಷ್ಠ ಬೆಲೆ ಮೂರು ಸಾವಿರ ನಾಲ್ಕು ನೂರು ಎಪ್ಪತ್ತು ಐದು ರೂಪಾಯಿ. ಹೆಸರುಕಾಳು: ಕನಿಷ್ಠ ಬೆಲೆ ಐದು ಸಾವಿರ ಒಂದು ನೂರು ಹನ್ನೊಂದು ರೂಪಾಯಿ, ಗರಿಷ್ಠ ಬೆಲೆ ಐದು ಸಾವಿರ ಐದು ನೂರು ಐವತ್ತು ಐದು ರೂಪಾಯಿ. ದಿನನಿತ್ಯದ ನಿಖರ ಮಾಹಿತಿಗಾಗಿ ನಮ್ಮ ಇನ್ಸ್ಟಾಗ್ರಾಮ್ ಮತ್ತು ಯೂಟ್ಯೂಬ್ ಚಾನೆಲ್‌ಗೆ ಸಬ್‌ಸ್ಕ್ರೈಬ್ ಆಗಿ. ಧನ್ಯವಾದಗಳು!
[2026-08-14T11:19:54Z INFO  raitha_darpana::ui] [job e9936461-7f01-49f8-93d8-dddf9016bbf1] Generating voiceover for BIDAR...
[2026-08-14T11:20:17Z INFO  raitha_darpana::voiceover] 🎧 Found background music at assets\bg_music.mp3. Mixing at 6% volume.
[2026-08-14T11:20:17Z INFO  raitha_darpana::ui] [job e9936461-7f01-49f8-93d8-dddf9016bbf1] Generating Instagram video for BIDAR...
[2026-08-14T11:20:17Z INFO  headless_chrome::browser::tab] Navigating a tab to file:///D:/Projects/uiraitah_darpana/raitha_darpana/rd_media/20260814/BIDAR/frames/ig-kan/frame_00.html
[2026-08-14T11:20:19Z INFO  headless_chrome::browser::tab] Navigating a tab to file:///D:/Projects/uiraitah_darpana/raitha_darpana/rd_media/20260814/BIDAR/frames/ig-kan/frame_01.html
[2026-08-14T11:20:20Z INFO  headless_chrome::browser::tab] Navigating a tab to file:///D:/Projects/uiraitah_darpana/raitha_darpana/rd_media/20260814/BIDAR/frames/ig-kan/frame_02.html
[2026-08-14T11:20:22Z INFO  headless_chrome::browser::tab] Navigating a tab to file:///D:/Projects/uiraitah_darpana/raitha_darpana/rd_media/20260814/BIDAR/frames/ig-kan/frame_03.html
[2026-08-14T11:20:23Z INFO  headless_chrome::browser::tab] Navigating a tab to file:///D:/Projects/uiraitah_darpana/raitha_darpana/rd_media/20260814/BIDAR/frames/ig-kan/frame_04.html
[2026-08-14T11:20:25Z INFO  headless_chrome::browser::tab] Navigating a tab to file:///D:/Projects/uiraitah_darpana/raitha_darpana/rd_media/20260814/BIDAR/frames/ig-kan/frame_05.html
[2026-08-14T11:20:26Z INFO  headless_chrome::browser::tab] Navigating a tab to file:///D:/Projects/uiraitah_darpana/raitha_darpana/rd_media/20260814/BIDAR/frames/ig-kan/frame_06.html
[2026-08-14T11:20:28Z INFO  headless_chrome::browser::tab] Navigating a tab to file:///D:/Projects/uiraitah_darpana/raitha_darpana/rd_media/20260814/BIDAR/frames/ig-kan/frame_07.html
[2026-08-14T11:20:29Z INFO  headless_chrome::browser::tab] Navigating a tab to file:///D:/Projects/uiraitah_darpana/raitha_darpana/rd_media/20260814/BIDAR/frames/ig-kan/frame_08.html
[2026-08-14T11:20:30Z INFO  headless_chrome::browser::tab] Navigating a tab to file:///D:/Projects/uiraitah_darpana/raitha_darpana/rd_media/20260814/BIDAR/frames/ig-kan/frame_09.html
[2026-08-14T11:20:32Z WARN  raitha_darpana::render] Animated Instagram video failed for 'BIDAR', falling back to a static-image video: ffmpeg animated video generation failed: ffmpeg version 9.0-full_build-www.gyan.dev Copyright (c) 2000-2026 the FFmpeg developers
      built with gcc 16.1.0 (Rev2, Built by MSYS2 project)
      configuration: --enable-gpl --enable-version3 --enable-static --disable-w32threads --disable-autodetect --enable-cairo --enable-fontconfig --enable-iconv --enable-gnutls --enable-lcms2 --enable-libxml2 --enable-gmp --enable-bzlib --enable-lzma --enable-libsnappy --enable-zlib --enable-librist --enable-libsrt --enable-libssh --enable-libzmq --enable-avisynth --enable-libbluray --enable-libcaca --enable-libdvdnav --enable-libdvdread --enable-sdl2 --enable-libaribb24 --enable-libaribcaption --enable-libdav1d --enable-libdavs2 --enable-libopenjpeg --enable-libquirc --enable-libuavs3d --enable-libxevd --enable-libzvbi --enable-liboapv --enable-libqrencode --enable-librav1e --enable-libsvtav1 --enable-libvvenc --enable-libwebp --enable-libx264 --enable-libx265 --enable-libxavs2 --enable-libxeve --enable-libxvid --enable-libaom --enable-libjxl --enable-libsvtjpegxs --enable-libvpx --enable-mediafoundation --enable-libass --enable-frei0r --enable-libfreetype --enable-libfribidi --enable-libharfbuzz --enable-liblensfun --enable-libvidstab --enable-libvmaf --enable-libzimg --enable-amf --enable-cuda-llvm --enable-cuvid --enable-dxva2 --enable-d3d11va --enable-d3d12va --enable-ffnvcodec --enable-libvpl --enable-nvdec --enable-nvenc --enable-vaapi --enable-vulkan --enable-libplacebo --enable-opencl --enable-libcdio --enable-openal --enable-libgme --enable-libmodplug --enable-libopenmpt --enable-libopencore-amrwb --enable-libmp3lame --enable-libshine --enable-libtheora --enable-libtwolame --enable-libvo-amrwbenc --enable-libcodec2 --enable-libilbc --enable-libgsm --enable-liblc3 --enable-libopencore-amrnb --enable-libopus --enable-libspeex --enable-libvorbis --enable-ladspa --enable-libbs2b --enable-libflite --enable-libmysofa --enable-librubberband --enable-libsoxr --enable-chromaprint --enable-whisper
      libavutil      61.  1.100 / 61.  1.100
      libavcodec     63.  1.100 / 63.  1.100
      libavformat    63.  1.100 / 63.  1.100
      libavdevice    63.  1.100 / 63.  1.100
      libavfilter    12.  1.100 / 12.  1.100
      libswscale     10.  1.100 / 10.  1.100
      libswresample   7.  1.100 /  7.  1.100
    [in#0 @ 000001ab1242b540] Impossible to open 'rd_media\20260814\BIDAR\rd_media/20260814/BIDAR/frames/ig-kan/frame_00.png'
    [in#0 @ 000001ab1241bd40] Error opening input: No such file or directory
    Error opening input file rd_media\20260814\BIDAR\BIDAR-20260814-ig-kan.frames.txt.
    Error opening input files: No such file or directory
    
[2026-08-14T11:21:33Z INFO  raitha_darpana::ui] [job e9936461-7f01-49f8-93d8-dddf9016bbf1] Generating YouTube video for BIDAR...
[2026-08-14T11:21:33Z INFO  headless_chrome::browser::tab] Navigating a tab to file:///D:/Projects/uiraitah_darpana/raitha_darpana/rd_media/20260814/BIDAR/frames/yt-kan/frame_00.html
[2026-08-14T11:21:34Z INFO  headless_chrome::browser::tab] Navigating a tab to file:///D:/Projects/uiraitah_darpana/raitha_darpana/rd_media/20260814/BIDAR/frames/yt-kan/frame_01.html
[2026-08-14T11:21:36Z INFO  headless_chrome::browser::tab] Navigating a tab to file:///D:/Projects/uiraitah_darpana/raitha_darpana/rd_media/20260814/BIDAR/frames/yt-kan/frame_02.html
[2026-08-14T11:21:37Z INFO  headless_chrome::browser::tab] Navigating a tab to file:///D:/Projects/uiraitah_darpana/raitha_darpana/rd_media/20260814/BIDAR/frames/yt-kan/frame_03.html
[2026-08-14T11:21:39Z INFO  headless_chrome::browser::tab] Navigating a tab to file:///D:/Projects/uiraitah_darpana/raitha_darpana/rd_media/20260814/BIDAR/frames/yt-kan/frame_04.html
[2026-08-14T11:21:40Z INFO  headless_chrome::browser::tab] Navigating a tab to file:///D:/Projects/uiraitah_darpana/raitha_darpana/rd_media/20260814/BIDAR/frames/yt-kan/frame_05.html
[2026-08-14T11:21:42Z INFO  headless_chrome::browser::tab] Navigating a tab to file:///D:/Projects/uiraitah_darpana/raitha_darpana/rd_media/20260814/BIDAR/frames/yt-kan/frame_06.html
[2026-08-14T11:21:43Z INFO  headless_chrome::browser::tab] Navigating a tab to file:///D:/Projects/uiraitah_darpana/raitha_darpana/rd_media/20260814/BIDAR/frames/yt-kan/frame_07.html
[2026-08-14T11:21:45Z INFO  headless_chrome::browser::tab] Navigating a tab to file:///D:/Projects/uiraitah_darpana/raitha_darpana/rd_media/20260814/BIDAR/frames/yt-kan/frame_08.html
[2026-08-14T11:21:46Z INFO  headless_chrome::browser::tab] Navigating a tab to file:///D:/Projects/uiraitah_darpana/raitha_darpana/rd_media/20260814/BIDAR/frames/yt-kan/frame_09.html
[2026-08-14T11:21:48Z WARN  raitha_darpana::render] Animated YouTube video failed for 'BIDAR', falling back to a static-image video: ffmpeg animated video generation failed: ffmpeg version 9.0-full_build-www.gyan.dev Copyright (c) 2000-2026 the FFmpeg developers
      built with gcc 16.1.0 (Rev2, Built by MSYS2 project)
      configuration: --enable-gpl --enable-version3 --enable-static --disable-w32threads --disable-autodetect --enable-cairo --enable-fontconfig --enable-iconv --enable-gnutls --enable-lcms2 --enable-libxml2 --enable-gmp --enable-bzlib --enable-lzma --enable-libsnappy --enable-zlib --enable-librist --enable-libsrt --enable-libssh --enable-libzmq --enable-avisynth --enable-libbluray --enable-libcaca --enable-libdvdnav --enable-libdvdread --enable-sdl2 --enable-libaribb24 --enable-libaribcaption --enable-libdav1d --enable-libdavs2 --enable-libopenjpeg --enable-libquirc --enable-libuavs3d --enable-libxevd --enable-libzvbi --enable-liboapv --enable-libqrencode --enable-librav1e --enable-libsvtav1 --enable-libvvenc --enable-libwebp --enable-libx264 --enable-libx265 --enable-libxavs2 --enable-libxeve --enable-libxvid --enable-libaom --enable-libjxl --enable-libsvtjpegxs --enable-libvpx --enable-mediafoundation --enable-libass --enable-frei0r --enable-libfreetype --enable-libfribidi --enable-libharfbuzz --enable-liblensfun --enable-libvidstab --enable-libvmaf --enable-libzimg --enable-amf --enable-cuda-llvm --enable-cuvid --enable-dxva2 --enable-d3d11va --enable-d3d12va --enable-ffnvcodec --enable-libvpl --enable-nvdec --enable-nvenc --enable-vaapi --enable-vulkan --enable-libplacebo --enable-opencl --enable-libcdio --enable-openal --enable-libgme --enable-libmodplug --enable-libopenmpt --enable-libopencore-amrwb --enable-libmp3lame --enable-libshine --enable-libtheora --enable-libtwolame --enable-libvo-amrwbenc --enable-libcodec2 --enable-libilbc --enable-libgsm --enable-liblc3 --enable-libopencore-amrnb --enable-libopus --enable-libspeex --enable-libvorbis --enable-ladspa --enable-libbs2b --enable-libflite --enable-libmysofa --enable-librubberband --enable-libsoxr --enable-chromaprint --enable-whisper
      libavutil      61.  1.100 / 61.  1.100
      libavcodec     63.  1.100 / 63.  1.100
      libavformat    63.  1.100 / 63.  1.100
      libavdevice    63.  1.100 / 63.  1.100
      libavfilter    12.  1.100 / 12.  1.100
      libswscale     10.  1.100 / 10.  1.100
      libswresample   7.  1.100 /  7.  1.100
    [in#0 @ 0000027d2c28e700] Impossible to open 'rd_media\20260814\BIDAR\rd_media/20260814/BIDAR/frames/yt-kan/frame_00.png'
    [in#0 @ 0000027d2c27ed00] Error opening input: No such file or directory
    Error opening input file rd_media\20260814\BIDAR\BIDAR-20260814-yt-kan.frames.txt.
    Error opening input files: No such file or directory
    
[2026-08-14T11:22:52Z INFO  raitha_darpana::render] Rendering images for city '30]  ಮಾರುಕಟ್ಟೆ: ಮಂಡ್ಯ' -> 'ಮಂಡ್ಯ'
[2026-08-14T11:22:52Z INFO  raitha_darpana::ui] [job e9936461-7f01-49f8-93d8-dddf9016bbf1] Rendering ಮಂಡ್ಯ (Instagram)...
[2026-08-14T11:22:52Z INFO  raitha_darpana::render] Navigating to file:///D:/Projects/uiraitah_darpana/raitha_darpana/rd_media/20260814/%E0%B2%AE%E0%B2%82%E0%B2%A1%E0%B3%8D%E0%B2%AF/%E0%B2%AE%E0%B2%82%E0%B2%A1%E0%B3%8D%E0%B2%AF-20260814-ig-kan.html (city: ಮಂಡ್ಯ)
[2026-08-14T11:22:53Z INFO  headless_chrome::browser::tab] Navigating a tab to file:///D:/Projects/uiraitah_darpana/raitha_darpana/rd_media/20260814/%E0%B2%AE%E0%B2%82%E0%B2%A1%E0%B3%8D%E0%B2%AF/%E0%B2%AE%E0%B2%82%E0%B2%A1%E0%B3%8D%E0%B2%AF-20260814-ig-kan.html
[2026-08-14T11:22:54Z INFO  raitha_darpana::ui] [job e9936461-7f01-49f8-93d8-dddf9016bbf1] Rendering ಮಂಡ್ಯ (YouTube)...
[2026-08-14T11:22:54Z INFO  raitha_darpana::render] Navigating to file:///D:/Projects/uiraitah_darpana/raitha_darpana/rd_media/20260814/%E0%B2%AE%E0%B2%82%E0%B2%A1%E0%B3%8D%E0%B2%AF/%E0%B2%AE%E0%B2%82%E0%B2%A1%E0%B3%8D%E0%B2%AF-20260814-yt-kan.html (city: ಮಂಡ್ಯ)
[2026-08-14T11:22:54Z INFO  headless_chrome::browser::tab] Navigating a tab to file:///D:/Projects/uiraitah_darpana/raitha_darpana/rd_media/20260814/%E0%B2%AE%E0%B2%82%E0%B2%A1%E0%B3%8D%E0%B2%AF/%E0%B2%AE%E0%B2%82%E0%B2%A1%E0%B3%8D%E0%B2%AF-20260814-yt-kan.html
[2026-08-14T11:22:55Z INFO  raitha_darpana::voiceover] ನಮಸ್ಕಾರ ವೀಕ್ಷಕರೇ, ರೈತ ದರ್ಪಣ ಮಾರುಕಟ್ಟೆ ಬೆಲೆಗಳ ಮಾಹಿತಿ ಚಾನೆಲ್‌ಗೆ ಸುಸ್ವಾಗತ. ಇಂದಿನ ಮಂಡ್ಯ ಮಾರುಕಟ್ಟೆಯ ತರಕಾರಿ ಬೆಲೆಗಳ ಮಾಹಿತಿ ಇಲ್ಲಿದೆ. ವರದಿ ದಿನಾಂಕ: 14/08/2026. ಎಳನೀರು: ಕನಿಷ್ಠ ಬೆಲೆ ಹದಿನೈದು ರೂಪಾಯಿ, ಗರಿಷ್ಠ ಬೆಲೆ ನಲವತ್ತು ರೂಪಾಯಿ. ಬೆಲ್ಲ: ಕನಿಷ್ಠ ಬೆಲೆ ನಾಲ್ಕು ಸಾವಿರ ಒಂದು ನೂರು ರೂಪಾಯಿ, ಗರಿಷ್ಠ ಬೆಲೆ ಐದು ಸಾವಿರ ಮೂರು ನೂರು ಐವತ್ತು ರೂಪಾಯಿ. ಬೆಲ್ಲ: ಕನಿಷ್ಠ ಬೆಲೆ ನಾಲ್ಕು ಸಾವಿರ ಒಂದು ನೂರು ರೂಪಾಯಿ, ಗರಿಷ್ಠ ಬೆಲೆ ನಾಲ್ಕು ಸಾವಿರ ಎಂಟು ನೂರು ಇಪ್ಪತ್ತು ರೂಪಾಯಿ. ಬೆಲ್ಲ: ಕನಿಷ್ಠ ಬೆಲೆ ನಾಲ್ಕು ಸಾವಿರ ಎರಡು ನೂರು ರೂಪಾಯಿ, ಗರಿಷ್ಠ ಬೆಲೆ ಐದು ಸಾವಿರ ಒಂದು ನೂರು ರೂಪಾಯಿ. ಬೆಲ್ಲ: ಕನಿಷ್ಠ ಬೆಲೆ ಮೂರು ಸಾವಿರ ಒಂಬತ್ತು ನೂರು ರೂಪಾಯಿ, ಗರಿಷ್ಠ ಬೆಲೆ ನಾಲ್ಕು ಸಾವಿರ ನಾಲ್ಕು ನೂರು ರೂಪಾಯಿ. ದಿನನಿತ್ಯದ ನಿಖರ ಮಾಹಿತಿಗಾಗಿ ನಮ್ಮ ಇನ್ಸ್ಟಾಗ್ರಾಮ್ ಮತ್ತು ಯೂಟ್ಯೂಬ್ ಚಾನೆಲ್‌ಗೆ ಸಬ್‌ಸ್ಕ್ರೈಬ್ ಆಗಿ. ಧನ್ಯವಾದಗಳು!
[2026-08-14T11:22:55Z INFO  raitha_darpana::ui] [job e9936461-7f01-49f8-93d8-dddf9016bbf1] Generating voiceover for ಮಂಡ್ಯ...
[2026-08-14T11:22:59Z INFO  raitha_darpana::voiceover] 🎧 Found background music at assets\bg_music.mp3. Mixing at 6% volume.
[2026-08-14T11:23:00Z INFO  raitha_darpana::ui] [job e9936461-7f01-49f8-93d8-dddf9016bbf1] Generating Instagram video for ಮಂಡ್ಯ...
[2026-08-14T11:23:00Z INFO  headless_chrome::browser::tab] Navigating a tab to file:///D:/Projects/uiraitah_darpana/raitha_darpana/rd_media/20260814/%E0%B2%AE%E0%B2%82%E0%B2%A1%E0%B3%8D%E0%B2%AF/frames/ig-kan/frame_00.html
[2026-08-14T11:23:02Z INFO  headless_chrome::browser::tab] Navigating a tab to file:///D:/Projects/uiraitah_darpana/raitha_darpana/rd_media/20260814/%E0%B2%AE%E0%B2%82%E0%B2%A1%E0%B3%8D%E0%B2%AF/frames/ig-kan/frame_01.html
[2026-08-14T11:23:03Z INFO  headless_chrome::browser::tab] Navigating a tab to file:///D:/Projects/uiraitah_darpana/raitha_darpana/rd_media/20260814/%E0%B2%AE%E0%B2%82%E0%B2%A1%E0%B3%8D%E0%B2%AF/frames/ig-kan/frame_02.html
[2026-08-14T11:23:05Z INFO  headless_chrome::browser::tab] Navigating a tab to file:///D:/Projects/uiraitah_darpana/raitha_darpana/rd_media/20260814/%E0%B2%AE%E0%B2%82%E0%B2%A1%E0%B3%8D%E0%B2%AF/frames/ig-kan/frame_03.html
[2026-08-14T11:23:07Z INFO  headless_chrome::browser::tab] Navigating a tab to file:///D:/Projects/uiraitah_darpana/raitha_darpana/rd_media/20260814/%E0%B2%AE%E0%B2%82%E0%B2%A1%E0%B3%8D%E0%B2%AF/frames/ig-kan/frame_04.html
[2026-08-14T11:23:08Z INFO  headless_chrome::browser::tab] Navigating a tab to file:///D:/Projects/uiraitah_darpana/raitha_darpana/rd_media/20260814/%E0%B2%AE%E0%B2%82%E0%B2%A1%E0%B3%8D%E0%B2%AF/frames/ig-kan/frame_05.html
[2026-08-14T11:23:10Z WARN  raitha_darpana::render] Animated Instagram video failed for 'ಮಂಡ್ಯ', falling back to a static-image video: ffmpeg animated video generation failed: ffmpeg version 9.0-full_build-www.gyan.dev Copyright (c) 2000-2026 the FFmpeg developers
      built with gcc 16.1.0 (Rev2, Built by MSYS2 project)
      configuration: --enable-gpl --enable-version3 --enable-static --disable-w32threads --disable-autodetect --enable-cairo --enable-fontconfig --enable-iconv --enable-gnutls --enable-lcms2 --enable-libxml2 --enable-gmp --enable-bzlib --enable-lzma --enable-libsnappy --enable-zlib --enable-librist --enable-libsrt --enable-libssh --enable-libzmq --enable-avisynth --enable-libbluray --enable-libcaca --enable-libdvdnav --enable-libdvdread --enable-sdl2 --enable-libaribb24 --enable-libaribcaption --enable-libdav1d --enable-libdavs2 --enable-libopenjpeg --enable-libquirc --enable-libuavs3d --enable-libxevd --enable-libzvbi --enable-liboapv --enable-libqrencode --enable-librav1e --enable-libsvtav1 --enable-libvvenc --enable-libwebp --enable-libx264 --enable-libx265 --enable-libxavs2 --enable-libxeve --enable-libxvid --enable-libaom --enable-libjxl --enable-libsvtjpegxs --enable-libvpx --enable-mediafoundation --enable-libass --enable-frei0r --enable-libfreetype --enable-libfribidi --enable-libharfbuzz --enable-liblensfun --enable-libvidstab --enable-libvmaf --enable-libzimg --enable-amf --enable-cuda-llvm --enable-cuvid --enable-dxva2 --enable-d3d11va --enable-d3d12va --enable-ffnvcodec --enable-libvpl --enable-nvdec --enable-nvenc --enable-vaapi --enable-vulkan --enable-libplacebo --enable-opencl --enable-libcdio --enable-openal --enable-libgme --enable-libmodplug --enable-libopenmpt --enable-libopencore-amrwb --enable-libmp3lame --enable-libshine --enable-libtheora --enable-libtwolame --enable-libvo-amrwbenc --enable-libcodec2 --enable-libilbc --enable-libgsm --enable-liblc3 --enable-libopencore-amrnb --enable-libopus --enable-libspeex --enable-libvorbis --enable-ladspa --enable-libbs2b --enable-libflite --enable-libmysofa --enable-librubberband --enable-libsoxr --enable-chromaprint --enable-whisper
      libavutil      61.  1.100 / 61.  1.100
      libavcodec     63.  1.100 / 63.  1.100
      libavformat    63.  1.100 / 63.  1.100
      libavdevice    63.  1.100 / 63.  1.100
      libavfilter    12.  1.100 / 12.  1.100
      libswscale     10.  1.100 / 10.  1.100
      libswresample   7.  1.100 /  7.  1.100
    [in#0 @ 000002920989a940] Impossible to open 'rd_media\20260814\ಮಂಡ್ಯ\rd_media/20260814/ಮಂಡ್ಯ/frames/ig-kan/frame_00.png'
    [in#0 @ 00000292097f6d40] Error opening input: No such file or directory
    Error opening input file rd_media\20260814\ಮಂಡ್ಯ\ಮಂಡ್ಯ-20260814-ig-kan.frames.txt.
    Error opening input files: No such file or directory
    
[2026-08-14T11:23:55Z INFO  raitha_darpana::ui] [job e9936461-7f01-49f8-93d8-dddf9016bbf1] Generating YouTube video for ಮಂಡ್ಯ...
[2026-08-14T11:23:55Z INFO  headless_chrome::browser::tab] Navigating a tab to file:///D:/Projects/uiraitah_darpana/raitha_darpana/rd_media/20260814/%E0%B2%AE%E0%B2%82%E0%B2%A1%E0%B3%8D%E0%B2%AF/frames/yt-kan/frame_00.html
[2026-08-14T11:23:56Z INFO  headless_chrome::browser::tab] Navigating a tab to file:///D:/Projects/uiraitah_darpana/raitha_darpana/rd_media/20260814/%E0%B2%AE%E0%B2%82%E0%B2%A1%E0%B3%8D%E0%B2%AF/frames/yt-kan/frame_01.html
[2026-08-14T11:23:58Z INFO  headless_chrome::browser::tab] Navigating a tab to file:///D:/Projects/uiraitah_darpana/raitha_darpana/rd_media/20260814/%E0%B2%AE%E0%B2%82%E0%B2%A1%E0%B3%8D%E0%B2%AF/frames/yt-kan/frame_02.html
[2026-08-14T11:23:59Z INFO  headless_chrome::browser::tab] Navigating a tab to file:///D:/Projects/uiraitah_darpana/raitha_darpana/rd_media/20260814/%E0%B2%AE%E0%B2%82%E0%B2%A1%E0%B3%8D%E0%B2%AF/frames/yt-kan/frame_03.html
[2026-08-14T11:24:01Z INFO  headless_chrome::browser::tab] Navigating a tab to file:///D:/Projects/uiraitah_darpana/raitha_darpana/rd_media/20260814/%E0%B2%AE%E0%B2%82%E0%B2%A1%E0%B3%8D%E0%B2%AF/frames/yt-kan/frame_04.html
[2026-08-14T11:24:02Z INFO  headless_chrome::browser::tab] Navigating a tab to file:///D:/Projects/uiraitah_darpana/raitha_darpana/rd_media/20260814/%E0%B2%AE%E0%B2%82%E0%B2%A1%E0%B3%8D%E0%B2%AF/frames/yt-kan/frame_05.html
[2026-08-14T11:24:03Z WARN  raitha_darpana::render] Animated YouTube video failed for 'ಮಂಡ್ಯ', falling back to a static-image video: ffmpeg animated video generation failed: ffmpeg version 9.0-full_build-www.gyan.dev Copyright (c) 2000-2026 the FFmpeg developers
      built with gcc 16.1.0 (Rev2, Built by MSYS2 project)
      configuration: --enable-gpl --enable-version3 --enable-static --disable-w32threads --disable-autodetect --enable-cairo --enable-fontconfig --enable-iconv --enable-gnutls --enable-lcms2 --enable-libxml2 --enable-gmp --enable-bzlib --enable-lzma --enable-libsnappy --enable-zlib --enable-librist --enable-libsrt --enable-libssh --enable-libzmq --enable-avisynth --enable-libbluray --enable-libcaca --enable-libdvdnav --enable-libdvdread --enable-sdl2 --enable-libaribb24 --enable-libaribcaption --enable-libdav1d --enable-libdavs2 --enable-libopenjpeg --enable-libquirc --enable-libuavs3d --enable-libxevd --enable-libzvbi --enable-liboapv --enable-libqrencode --enable-librav1e --enable-libsvtav1 --enable-libvvenc --enable-libwebp --enable-libx264 --enable-libx265 --enable-libxavs2 --enable-libxeve --enable-libxvid --enable-libaom --enable-libjxl --enable-libsvtjpegxs --enable-libvpx --enable-mediafoundation --enable-libass --enable-frei0r --enable-libfreetype --enable-libfribidi --enable-libharfbuzz --enable-liblensfun --enable-libvidstab --enable-libvmaf --enable-libzimg --enable-amf --enable-cuda-llvm --enable-cuvid --enable-dxva2 --enable-d3d11va --enable-d3d12va --enable-ffnvcodec --enable-libvpl --enable-nvdec --enable-nvenc --enable-vaapi --enable-vulkan --enable-libplacebo --enable-opencl --enable-libcdio --enable-openal --enable-libgme --enable-libmodplug --enable-libopenmpt --enable-libopencore-amrwb --enable-libmp3lame --enable-libshine --enable-libtheora --enable-libtwolame --enable-libvo-amrwbenc --enable-libcodec2 --enable-libilbc --enable-libgsm --enable-liblc3 --enable-libopencore-amrnb --enable-libopus --enable-libspeex --enable-libvorbis --enable-ladspa --enable-libbs2b --enable-libflite --enable-libmysofa --enable-librubberband --enable-libsoxr --enable-chromaprint --enable-whisper
      libavutil      61.  1.100 / 61.  1.100
      libavcodec     63.  1.100 / 63.  1.100
      libavformat    63.  1.100 / 63.  1.100
      libavdevice    63.  1.100 / 63.  1.100
      libavfilter    12.  1.100 / 12.  1.100
      libswscale     10.  1.100 / 10.  1.100
      libswresample   7.  1.100 /  7.  1.100
    [in#0 @ 000001ce8295aa80] Impossible to open 'rd_media\20260814\ಮಂಡ್ಯ\rd_media/20260814/ಮಂಡ್ಯ/frames/yt-kan/frame_00.png'
    [in#0 @ 000001ce8294b380] Error opening input: No such file or directory
    Error opening input file rd_media\20260814\ಮಂಡ್ಯ\ಮಂಡ್ಯ-20260814-yt-kan.frames.txt.
    Error opening input files: No such file or directory
    
[2026-08-14T11:24:45Z INFO  raitha_darpana::ui] [job e9936461-7f01-49f8-93d8-dddf9016bbf1] Render complete.
[2026-08-14T11:24:45Z INFO  headless_chrome::browser] Dropping browser
[2026-08-14T11:24:45Z INFO  headless_chrome::browser::process] Killing Chrome. PID: 12736
[2026-08-14T11:24:45Z INFO  headless_chrome::browser::transport] Transport incoming message loop loop received shutdown message
[2026-08-14T11:24:45Z INFO  headless_chrome::browser::transport] Shutting down message handling loop
[2026-08-14T11:24:45Z INFO  headless_chrome::browser::transport::web_socket_connection] Sending shutdown message to message handling loop
[2026-08-14T11:24:45Z INFO  headless_chrome::browser::transport] cleared listeners, I think
[2026-08-14T11:24:45Z INFO  headless_chrome::browser::tab] finished tab's event handling loop
[2026-08-14T11:24:45Z INFO  headless_chrome::browser] Finished browser's event handling loop
[2026-08-14T11:24:45Z INFO  headless_chrome::browser::tab] finished tab's event handling loop
[2026-08-14T11:24:45Z INFO  headless_chrome::browser::transport] dropping transport
[2026-08-14T11:24:45Z INFO  headless_chrome::browser::transport::web_socket_connection] dropping websocket connection
[2026-08-14T14:39:09Z INFO  raitha_darpana] === raitha_darpana started, logging to rd_media\rd.log ===
[2026-08-14T14:39:09Z INFO  raitha_darpana::ui] Web UI listening on http://127.0.0.1:63860
[2026-08-14T14:40:13Z INFO  headless_chrome::browser::process] Launching Chrome binary at C:\Program Files\Google\Chrome\Application\chrome.exe
[2026-08-14T14:40:13Z INFO  headless_chrome::browser::process] Started Chrome. PID: 27280
[2026-08-14T14:40:15Z INFO  headless_chrome::browser::tab] Navigating a tab to https://krama.karnataka.gov.in/Kannada/Main_rep
[2026-08-14T14:40:24Z INFO  raitha_darpana::scrape] Report Date: 14/08/2026
[2026-08-14T14:40:24Z INFO  raitha_darpana::scrape] Total Cities: 66
[2026-08-14T14:40:24Z INFO  raitha_darpana::scrape] City: 1]  ಮಾರುಕಟ್ಟೆ: ಅರಸೀಕೆರೆ - Commodities: 4
[2026-08-14T14:40:24Z INFO  raitha_darpana::scrape] City: 2]  ಮಾರುಕಟ್ಟೆ: ಕಡೂರು - Commodities: 6
[2026-08-14T14:40:24Z INFO  raitha_darpana::scrape] City: 3]  ಮಾರುಕಟ್ಟೆ: ಕಲಬುರಗಿ - Commodities: 23
[2026-08-14T14:40:24Z INFO  raitha_darpana::scrape] City: 4]  ಮಾರುಕಟ್ಟೆ: ಕುಂದಾಪುರ - Commodities: 1
[2026-08-14T14:40:24Z INFO  raitha_darpana::scrape] City: 5]  ಮಾರುಕಟ್ಟೆ: ಕುಡಚಿ - Commodities: 1
[2026-08-14T14:40:24Z INFO  raitha_darpana::scrape] City: 6]  ಮಾರುಕಟ್ಟೆ: ಕುಮುಟ - Commodities: 5
[2026-08-14T14:40:24Z INFO  raitha_darpana::scrape] City: 7]  ಮಾರುಕಟ್ಟೆ: ಕೊಟ್ಟೂರು - Commodities: 3
[2026-08-14T14:40:24Z INFO  raitha_darpana::scrape] City: 8]  ಮಾರುಕಟ್ಟೆ: ಗಂಗಾವತಿ - Commodities: 6
[2026-08-14T14:40:24Z INFO  raitha_darpana::scrape] City: 9]  ಮಾರುಕಟ್ಟೆ: ಗದಗ್ - Commodities: 12
[2026-08-14T14:40:24Z INFO  raitha_darpana::scrape] City: 10]  ಮಾರುಕಟ್ಟೆ: ಗುಂಡ್ಲುಪೇಟೆ - Commodities: 8
[2026-08-14T14:40:24Z INFO  raitha_darpana::scrape] City: 11]  ಮಾರುಕಟ್ಟೆ: ಗೋಣಿಕೊಪ್ಪಲ್ - Commodities: 1
[2026-08-14T14:40:24Z INFO  raitha_darpana::scrape] City: 12]  ಮಾರುಕಟ್ಟೆ: ಚಿಂತಾಮಣಿ - Commodities: 13
[2026-08-14T14:40:24Z INFO  raitha_darpana::scrape] City: 13]  ಮಾರುಕಟ್ಟೆ: ಚನ್ನಪಟ್ಟಣ - Commodities: 7
[2026-08-14T14:40:24Z INFO  raitha_darpana::scrape] City: 14]  ಮಾರುಕಟ್ಟೆ: ಚಾಮರಾಜನಗರ - Commodities: 16
[2026-08-14T14:40:24Z INFO  raitha_darpana::scrape] City: 15]  ಮಾರುಕಟ್ಟೆ: ತಾಳಿಕೋಟೆ - Commodities: 2
[2026-08-14T14:40:24Z INFO  raitha_darpana::scrape] City: 16]  ಮಾರುಕಟ್ಟೆ: ತೀರ್ಥಹಳ್ಳಿ - Commodities: 3
[2026-08-14T14:40:24Z INFO  raitha_darpana::scrape] City: 17]  ಮಾರುಕಟ್ಟೆ: ದಾವಣಗೆರೆ - Commodities: 45
[2026-08-14T14:40:24Z INFO  raitha_darpana::scrape] City: 18]  ಮಾರುಕಟ್ಟೆ: ದೊಡ್ಡಬಳ್ಳಾಪುರ - Commodities: 16
[2026-08-14T14:40:24Z INFO  raitha_darpana::scrape] City: 19]  ಮಾರುಕಟ್ಟೆ: ನಿಪ್ಪಾಣಿ - Commodities: 3
[2026-08-14T14:40:24Z INFO  raitha_darpana::scrape] City: 20]  ಮಾರುಕಟ್ಟೆ: ಪಾ೦ಡವಪುರ - Commodities: 1
[2026-08-14T14:40:24Z INFO  raitha_darpana::scrape] City: 21]  ಮಾರುಕಟ್ಟೆ: ಪುತ್ತೂರು - Commodities: 3
[2026-08-14T14:40:24Z INFO  raitha_darpana::scrape] City: 22]  ಮಾರುಕಟ್ಟೆ: ಬೆಂಗಳೂರು - Commodities: 40
[2026-08-14T14:40:24Z INFO  raitha_darpana::scrape] City: 23]  ಮಾರುಕಟ್ಟೆ: ಬಂಗಾರಪೇಟೆ - Commodities: 18
[2026-08-14T14:40:24Z INFO  raitha_darpana::scrape] City: 24]  ಮಾರುಕಟ್ಟೆ: ಬಂಟ್ವಾಳ - Commodities: 5
[2026-08-14T14:40:24Z INFO  raitha_darpana::scrape] City: 25]  ಮಾರುಕಟ್ಟೆ: ಬಿನ್ನಿಮಿಲ್ - Commodities: 47
[2026-08-14T14:40:24Z INFO  raitha_darpana::scrape] City: 26]  ಮಾರುಕಟ್ಟೆ: ಬ್ಯಾಡಗಿ - Commodities: 3
[2026-08-14T14:40:24Z INFO  raitha_darpana::scrape] City: 27]  ಮಾರುಕಟ್ಟೆ: ಬೆಳ್ತಂಗಡಿ - Commodities: 1
[2026-08-14T14:40:24Z INFO  raitha_darpana::scrape] City: 28]  ಮಾರುಕಟ್ಟೆ: ಬಳ್ಳಾರಿ - Commodities: 6
[2026-08-14T14:40:24Z INFO  raitha_darpana::scrape] City: 29]  ಮಾರುಕಟ್ಟೆ: ಬಸವಕಲ್ಯಾಣ - Commodities: 7
[2026-08-14T14:40:24Z INFO  raitha_darpana::scrape] City: 30]  ಮಾರುಕಟ್ಟೆ: ಬಾಗೆಪಲ್ಲಿ - Commodities: 1
[2026-08-14T14:40:24Z INFO  raitha_darpana::scrape] City: 31]  ಮಾರುಕಟ್ಟೆ: ಬಾಗಲಕೋಟೆ - Commodities: 3
[2026-08-14T14:40:24Z INFO  raitha_darpana::scrape] City: 32]  ಮಾರುಕಟ್ಟೆ: ಬೀದರ್ - Commodities: 9
[2026-08-14T14:40:24Z INFO  raitha_darpana::scrape] City: 33]  ಮಾರುಕಟ್ಟೆ: ಬೈಲಹೊಂಗಲ - Commodities: 2
[2026-08-14T14:40:24Z INFO  raitha_darpana::scrape] City: 34]  ಮಾರುಕಟ್ಟೆ: ಭದ್ರಾವತಿ - Commodities: 2
[2026-08-14T14:40:24Z INFO  raitha_darpana::scrape] City: 35]  ಮಾರುಕಟ್ಟೆ: ಮಂಗಳೂರು - Commodities: 1
[2026-08-14T14:40:24Z INFO  raitha_darpana::scrape] City: 36]  ಮಾರುಕಟ್ಟೆ: ಮಂಡ್ಯ - Commodities: 5
[2026-08-14T14:40:24Z INFO  raitha_darpana::scrape] City: 37]  ಮಾರುಕಟ್ಟೆ: ಮಸ್ಕಿ - Commodities: 2
[2026-08-14T14:40:24Z INFO  raitha_darpana::scrape] City: 38]  ಮಾರುಕಟ್ಟೆ: ಮಾನ್ವಿ - Commodities: 4
[2026-08-14T14:40:24Z INFO  raitha_darpana::scrape] City: 39]  ಮಾರುಕಟ್ಟೆ: ಮಾಲೂರು - Commodities: 3
[2026-08-14T14:40:24Z INFO  raitha_darpana::scrape] City: 40]  ಮಾರುಕಟ್ಟೆ: ಮುಂಡರಗಿ - Commodities: 3
[2026-08-14T14:40:24Z INFO  raitha_darpana::scrape] City: 41]  ಮಾರುಕಟ್ಟೆ: ಮುಳಬಾಗಿಲು - Commodities: 5
[2026-08-14T14:40:24Z INFO  raitha_darpana::scrape] City: 42]  ಮಾರುಕಟ್ಟೆ: ಮೂಡಿಗೆರೆ - Commodities: 1
[2026-08-14T14:40:24Z INFO  raitha_darpana::scrape] City: 43]  ಮಾರುಕಟ್ಟೆ: ಯಲ್ಲಾಪೂರ - Commodities: 8
[2026-08-14T14:40:24Z INFO  raitha_darpana::scrape] City: 44]  ಮಾರುಕಟ್ಟೆ: ರಾಣೆಬೆನ್ನೂರು - Commodities: 8
[2026-08-14T14:40:24Z INFO  raitha_darpana::scrape] City: 45]  ಮಾರುಕಟ್ಟೆ: ರಾಮದುರ್ಗ - Commodities: 2
[2026-08-14T14:40:24Z INFO  raitha_darpana::scrape] City: 46]  ಮಾರುಕಟ್ಟೆ: ರಾಮನಗರ - Commodities: 22
[2026-08-14T14:40:24Z INFO  raitha_darpana::scrape] City: 47]  ಮಾರುಕಟ್ಟೆ: ರಾಯಚೂರು - Commodities: 3
[2026-08-14T14:40:24Z INFO  raitha_darpana::scrape] City: 48]  ಮಾರುಕಟ್ಟೆ: ರೋಣ - Commodities: 3
[2026-08-14T14:40:24Z INFO  raitha_darpana::scrape] City: 49]  ಮಾರುಕಟ್ಟೆ: ಲಿಂಗಸುಗೂರು - Commodities: 4
[2026-08-14T14:40:24Z INFO  raitha_darpana::scrape] City: 50]  ಮಾರುಕಟ್ಟೆ: ಲಕ್ಷ್ಮೇಶ್ವರ - Commodities: 13
[2026-08-14T14:40:24Z INFO  raitha_darpana::scrape] City: 51]  ಮಾರುಕಟ್ಟೆ: ವಿಜಯಾಪುರ - Commodities: 9
[2026-08-14T14:40:24Z INFO  raitha_darpana::scrape] City: 52]  ಮಾರುಕಟ್ಟೆ: ಶಿಕಾರಿಪುರ - Commodities: 3
[2026-08-14T14:40:24Z INFO  raitha_darpana::scrape] City: 53]  ಮಾರುಕಟ್ಟೆ: ಶಿವಮೊಗ್ಗ - Commodities: 23
[2026-08-14T14:40:24Z INFO  raitha_darpana::scrape] City: 54]  ಮಾರುಕಟ್ಟೆ: ಸಿಂಧನೂರು - Commodities: 4
[2026-08-14T14:40:24Z INFO  raitha_darpana::scrape] City: 55]  ಮಾರುಕಟ್ಟೆ: ಸಿದ್ಧಾಪುರ - Commodities: 7
[2026-08-14T14:40:24Z INFO  raitha_darpana::scrape] City: 56]  ಮಾರುಕಟ್ಟೆ: ಸುಳ್ಯ - Commodities: 4
[2026-08-14T14:40:24Z INFO  raitha_darpana::scrape] City: 57]  ಮಾರುಕಟ್ಟೆ: ಹರಪನಹಳ್ಳಿ - Commodities: 1
[2026-08-14T14:40:24Z INFO  raitha_darpana::scrape] City: 58]  ಮಾರುಕಟ್ಟೆ: ಹಿರಿಯೂರು - Commodities: 2
[2026-08-14T14:40:24Z INFO  raitha_darpana::scrape] City: 59]  ಮಾರುಕಟ್ಟೆ: ಹರಿಹರ - Commodities: 3
[2026-08-14T14:40:24Z INFO  raitha_darpana::scrape] City: 60]  ಮಾರುಕಟ್ಟೆ: ಹಳಿಯಾಳ - Commodities: 2
[2026-08-14T14:40:24Z INFO  raitha_darpana::scrape] City: 61]  ಮಾರುಕಟ್ಟೆ: ಹಾನ್ ಗಲ್ - Commodities: 2
[2026-08-14T14:40:24Z INFO  raitha_darpana::scrape] City: 62]  ಮಾರುಕಟ್ಟೆ: ಹಾವೇರಿ - Commodities: 1
[2026-08-14T14:40:24Z INFO  raitha_darpana::scrape] City: 63]  ಮಾರುಕಟ್ಟೆ: ಹುಬ್ಬಳ್ಳಿ - Commodities: 10
[2026-08-14T14:40:24Z INFO  raitha_darpana::scrape] City: 64]  ಮಾರುಕಟ್ಟೆ: ಹೊನ್ನಾಳಿ - Commodities: 12
[2026-08-14T14:40:24Z INFO  raitha_darpana::scrape] City: 65]  ಮಾರುಕಟ್ಟೆ: ಹೊನ್ನಾವರ - Commodities: 2
[2026-08-14T14:40:24Z INFO  raitha_darpana::scrape] City: 66]  ಮಾರುಕಟ್ಟೆ: ಹೊಳ್ಳಕೆರೆ - Commodities: 3
[2026-08-14T14:40:24Z INFO  headless_chrome::browser] Dropping browser
[2026-08-14T14:40:24Z INFO  headless_chrome::browser::process] Killing Chrome. PID: 27280
[2026-08-14T14:40:24Z INFO  headless_chrome::browser::transport] Transport incoming message loop loop received shutdown message
[2026-08-14T14:40:24Z INFO  headless_chrome::browser::transport] Shutting down message handling loop
[2026-08-14T14:40:24Z INFO  headless_chrome::browser] Browser event loop received shutdown message
[2026-08-14T14:40:24Z INFO  headless_chrome::browser] Finished browser's event handling loop
[2026-08-14T14:40:24Z INFO  headless_chrome::browser::transport::web_socket_connection] Sending shutdown message to message handling loop
[2026-08-14T14:40:24Z INFO  headless_chrome::browser::transport] cleared listeners, I think
[2026-08-14T14:40:24Z INFO  headless_chrome::browser::tab] finished tab's event handling loop
[2026-08-14T14:40:24Z INFO  headless_chrome::browser::tab] finished tab's event handling loop
[2026-08-14T14:41:22Z INFO  raitha_darpana::ui] [job 4b515e7c-71df-4885-8641-67bbadf9a5fa] Launching renderer...
[2026-08-14T14:41:22Z INFO  headless_chrome::browser::process] Launching Chrome binary at C:\Program Files\Google\Chrome\Application\chrome.exe
[2026-08-14T14:41:22Z INFO  headless_chrome::browser::process] Started Chrome. PID: 36744
[2026-08-14T14:41:25Z INFO  raitha_darpana::render] Rendering images for city '16]  ಮಾರುಕಟ್ಟೆ: ತೀರ್ಥಹಳ್ಳಿ' -> 'ತೀರ್ಥಹಳ್ಳಿ'
[2026-08-14T14:41:25Z INFO  raitha_darpana::ui] [job 4b515e7c-71df-4885-8641-67bbadf9a5fa] Rendering ತೀರ್ಥಹಳ್ಳಿ (Instagram)...
[2026-08-14T14:41:25Z INFO  raitha_darpana::render] Navigating to file:///D:/Projects/uiraitah_darpana/raitha_darpana/rd_media/20260814/%E0%B2%A4%E0%B3%80%E0%B2%B0%E0%B3%8D%E0%B2%A5%E0%B2%B9%E0%B2%B3%E0%B3%8D%E0%B2%B3%E0%B2%BF/%E0%B2%A4%E0%B3%80%E0%B2%B0%E0%B3%8D%E0%B2%A5%E0%B2%B9%E0%B2%B3%E0%B3%8D%E0%B2%B3%E0%B2%BF-20260814-ig-kan.html (city: ತೀರ್ಥಹಳ್ಳಿ)
[2026-08-14T14:41:25Z INFO  headless_chrome::browser::tab] Navigating a tab to file:///D:/Projects/uiraitah_darpana/raitha_darpana/rd_media/20260814/%E0%B2%A4%E0%B3%80%E0%B2%B0%E0%B3%8D%E0%B2%A5%E0%B2%B9%E0%B2%B3%E0%B3%8D%E0%B2%B3%E0%B2%BF/%E0%B2%A4%E0%B3%80%E0%B2%B0%E0%B3%8D%E0%B2%A5%E0%B2%B9%E0%B2%B3%E0%B3%8D%E0%B2%B3%E0%B2%BF-20260814-ig-kan.html
[2026-08-14T14:41:27Z INFO  raitha_darpana::ui] [job 4b515e7c-71df-4885-8641-67bbadf9a5fa] Rendering ತೀರ್ಥಹಳ್ಳಿ (YouTube)...
[2026-08-14T14:41:27Z INFO  raitha_darpana::render] Navigating to file:///D:/Projects/uiraitah_darpana/raitha_darpana/rd_media/20260814/%E0%B2%A4%E0%B3%80%E0%B2%B0%E0%B3%8D%E0%B2%A5%E0%B2%B9%E0%B2%B3%E0%B3%8D%E0%B2%B3%E0%B2%BF/%E0%B2%A4%E0%B3%80%E0%B2%B0%E0%B3%8D%E0%B2%A5%E0%B2%B9%E0%B2%B3%E0%B3%8D%E0%B2%B3%E0%B2%BF-20260814-yt-kan.html (city: ತೀರ್ಥಹಳ್ಳಿ)
[2026-08-14T14:41:27Z INFO  headless_chrome::browser::tab] Navigating a tab to file:///D:/Projects/uiraitah_darpana/raitha_darpana/rd_media/20260814/%E0%B2%A4%E0%B3%80%E0%B2%B0%E0%B3%8D%E0%B2%A5%E0%B2%B9%E0%B2%B3%E0%B3%8D%E0%B2%B3%E0%B2%BF/%E0%B2%A4%E0%B3%80%E0%B2%B0%E0%B3%8D%E0%B2%A5%E0%B2%B9%E0%B2%B3%E0%B3%8D%E0%B2%B3%E0%B2%BF-20260814-yt-kan.html
[2026-08-14T14:41:28Z INFO  raitha_darpana::voiceover] ನಮಸ್ಕಾರ ವೀಕ್ಷಕರೇ, ರೈತ ದರ್ಪಣ ಮಾರುಕಟ್ಟೆ ಬೆಲೆಗಳ ಮಾಹಿತಿ ಚಾನೆಲ್‌ಗೆ ಸುಸ್ವಾಗತ. ಇಂದಿನ ತೀರ್ಥಹಳ್ಳಿ ಮಾರುಕಟ್ಟೆಯ ತರಕಾರಿ ಬೆಲೆಗಳ ಮಾಹಿತಿ ಇಲ್ಲಿದೆ. ವರದಿ ದಿನಾಂಕ: 14/08/2026. ಅಡಿಕೆ, ತಳಿ ಇತರೆ: ಕನಿಷ್ಠ ಬೆಲೆ ಇಪ್ಪತ್ತು ಎಂಟು ಸಾವಿರ ಏಳು ನೂರು ಐವತ್ತು ಎರಡು ರೂಪಾಯಿ, ಗರಿಷ್ಠ ಬೆಲೆ ಮಪ್ಪತ್ತು ಸಾವಿರ ರೂಪಾಯಿ. ಮೆಣಸು, ತಳಿ ಇತರೆ: ಕನಿಷ್ಠ ಬೆಲೆ ಇಪ್ಪತ್ತು ಎಂಟು ಸಾವಿರ ಎಂಟು ನೂರು ಅರವತ್ತು ಐದು ರೂಪಾಯಿ, ಗರಿಷ್ಠ ಬೆಲೆ ಮಪ್ಪತ್ತು ಸಾವಿರ ರೂಪಾಯಿ. ಅಡಿಕೆ, ತಳಿ ಗೊರಬಲು: ಕನಿಷ್ಠ ಬೆಲೆ ನಲವತ್ತು ಸಾವಿರ ನಾಲ್ಕು ನೂರು ತೊಂಬತ್ತು ಮೂರು ರೂಪಾಯಿ, ಗರಿಷ್ಠ ಬೆಲೆ ನಲವತ್ತು ಸಾವಿರ ನಾಲ್ಕು ನೂರು ತೊಂಬತ್ತು ಮೂರು ರೂಪಾಯಿ. ದಿನನಿತ್ಯದ ನಿಖರ ಮಾಹಿತಿಗಾಗಿ ನಮ್ಮ ಇನ್ಸ್ಟಾಗ್ರಾಮ್ ಮತ್ತು ಯೂಟ್ಯೂಬ್ ಚಾನೆಲ್‌ಗೆ ಸಬ್‌ಸ್ಕ್ರೈಬ್ ಆಗಿ. ಧನ್ಯವಾದಗಳು!
[2026-08-14T14:41:28Z INFO  raitha_darpana::ui] [job 4b515e7c-71df-4885-8641-67bbadf9a5fa] Generating voiceover for ತೀರ್ಥಹಳ್ಳಿ...
[2026-08-14T14:41:31Z INFO  raitha_darpana::voiceover] 🎧 Found background music at assets\bg_music.mp3. Mixing at 6% volume.
[2026-08-14T14:41:32Z INFO  raitha_darpana::ui] [job 4b515e7c-71df-4885-8641-67bbadf9a5fa] Generating Instagram video for ತೀರ್ಥಹಳ್ಳಿ...
[2026-08-14T14:41:32Z INFO  headless_chrome::browser::tab] Navigating a tab to file:///D:/Projects/uiraitah_darpana/raitha_darpana/rd_media/20260814/%E0%B2%A4%E0%B3%80%E0%B2%B0%E0%B3%8D%E0%B2%A5%E0%B2%B9%E0%B2%B3%E0%B3%8D%E0%B2%B3%E0%B2%BF/frames/ig-kan/frame_00.html
[2026-08-14T14:41:34Z INFO  headless_chrome::browser::tab] Navigating a tab to file:///D:/Projects/uiraitah_darpana/raitha_darpana/rd_media/20260814/%E0%B2%A4%E0%B3%80%E0%B2%B0%E0%B3%8D%E0%B2%A5%E0%B2%B9%E0%B2%B3%E0%B3%8D%E0%B2%B3%E0%B2%BF/frames/ig-kan/frame_01.html
[2026-08-14T14:41:35Z INFO  headless_chrome::browser::tab] Navigating a tab to file:///D:/Projects/uiraitah_darpana/raitha_darpana/rd_media/20260814/%E0%B2%A4%E0%B3%80%E0%B2%B0%E0%B3%8D%E0%B2%A5%E0%B2%B9%E0%B2%B3%E0%B3%8D%E0%B2%B3%E0%B2%BF/frames/ig-kan/frame_02.html
[2026-08-14T14:41:37Z INFO  headless_chrome::browser::tab] Navigating a tab to file:///D:/Projects/uiraitah_darpana/raitha_darpana/rd_media/20260814/%E0%B2%A4%E0%B3%80%E0%B2%B0%E0%B3%8D%E0%B2%A5%E0%B2%B9%E0%B2%B3%E0%B3%8D%E0%B2%B3%E0%B2%BF/frames/ig-kan/frame_03.html
[2026-08-14T14:41:39Z WARN  raitha_darpana::render] Animated Instagram video failed for 'ತೀರ್ಥಹಳ್ಳಿ', falling back to a static-image video: ffmpeg animated video generation failed: ffmpeg version 9.0-full_build-www.gyan.dev Copyright (c) 2000-2026 the FFmpeg developers
      built with gcc 16.1.0 (Rev2, Built by MSYS2 project)
      configuration: --enable-gpl --enable-version3 --enable-static --disable-w32threads --disable-autodetect --enable-cairo --enable-fontconfig --enable-iconv --enable-gnutls --enable-lcms2 --enable-libxml2 --enable-gmp --enable-bzlib --enable-lzma --enable-libsnappy --enable-zlib --enable-librist --enable-libsrt --enable-libssh --enable-libzmq --enable-avisynth --enable-libbluray --enable-libcaca --enable-libdvdnav --enable-libdvdread --enable-sdl2 --enable-libaribb24 --enable-libaribcaption --enable-libdav1d --enable-libdavs2 --enable-libopenjpeg --enable-libquirc --enable-libuavs3d --enable-libxevd --enable-libzvbi --enable-liboapv --enable-libqrencode --enable-librav1e --enable-libsvtav1 --enable-libvvenc --enable-libwebp --enable-libx264 --enable-libx265 --enable-libxavs2 --enable-libxeve --enable-libxvid --enable-libaom --enable-libjxl --enable-libsvtjpegxs --enable-libvpx --enable-mediafoundation --enable-libass --enable-frei0r --enable-libfreetype --enable-libfribidi --enable-libharfbuzz --enable-liblensfun --enable-libvidstab --enable-libvmaf --enable-libzimg --enable-amf --enable-cuda-llvm --enable-cuvid --enable-dxva2 --enable-d3d11va --enable-d3d12va --enable-ffnvcodec --enable-libvpl --enable-nvdec --enable-nvenc --enable-vaapi --enable-vulkan --enable-libplacebo --enable-opencl --enable-libcdio --enable-openal --enable-libgme --enable-libmodplug --enable-libopenmpt --enable-libopencore-amrwb --enable-libmp3lame --enable-libshine --enable-libtheora --enable-libtwolame --enable-libvo-amrwbenc --enable-libcodec2 --enable-libilbc --enable-libgsm --enable-liblc3 --enable-libopencore-amrnb --enable-libopus --enable-libspeex --enable-libvorbis --enable-ladspa --enable-libbs2b --enable-libflite --enable-libmysofa --enable-librubberband --enable-libsoxr --enable-chromaprint --enable-whisper
      libavutil      61.  1.100 / 61.  1.100
      libavcodec     63.  1.100 / 63.  1.100
      libavformat    63.  1.100 / 63.  1.100
      libavdevice    63.  1.100 / 63.  1.100
      libavfilter    12.  1.100 / 12.  1.100
      libswscale     10.  1.100 / 10.  1.100
      libswresample   7.  1.100 /  7.  1.100
    [in#0 @ 000001acef8df2c0] Impossible to open 'rd_media\20260814\ತೀರ್ಥಹಳ್ಳಿ\rd_media/20260814/ತೀರ್ಥಹಳ್ಳಿ/frames/ig-kan/frame_00.png'
    [in#0 @ 000001acef830dc0] Error opening input: No such file or directory
    Error opening input file rd_media\20260814\ತೀರ್ಥಹಳ್ಳಿ\ತೀರ್ಥಹಳ್ಳಿ-20260814-ig-kan.frames.txt.
    Error opening input files: No such file or directory
    
[2026-08-14T14:42:14Z INFO  raitha_darpana::ui] [job 4b515e7c-71df-4885-8641-67bbadf9a5fa] Generating YouTube video for ತೀರ್ಥಹಳ್ಳಿ...
[2026-08-14T14:42:14Z INFO  headless_chrome::browser::tab] Navigating a tab to file:///D:/Projects/uiraitah_darpana/raitha_darpana/rd_media/20260814/%E0%B2%A4%E0%B3%80%E0%B2%B0%E0%B3%8D%E0%B2%A5%E0%B2%B9%E0%B2%B3%E0%B3%8D%E0%B2%B3%E0%B2%BF/frames/yt-kan/frame_00.html
[2026-08-14T14:42:16Z INFO  headless_chrome::browser::tab] Navigating a tab to file:///D:/Projects/uiraitah_darpana/raitha_darpana/rd_media/20260814/%E0%B2%A4%E0%B3%80%E0%B2%B0%E0%B3%8D%E0%B2%A5%E0%B2%B9%E0%B2%B3%E0%B3%8D%E0%B2%B3%E0%B2%BF/frames/yt-kan/frame_01.html
[2026-08-14T14:42:17Z INFO  headless_chrome::browser::tab] Navigating a tab to file:///D:/Projects/uiraitah_darpana/raitha_darpana/rd_media/20260814/%E0%B2%A4%E0%B3%80%E0%B2%B0%E0%B3%8D%E0%B2%A5%E0%B2%B9%E0%B2%B3%E0%B3%8D%E0%B2%B3%E0%B2%BF/frames/yt-kan/frame_02.html
[2026-08-14T14:42:18Z INFO  headless_chrome::browser::tab] Navigating a tab to file:///D:/Projects/uiraitah_darpana/raitha_darpana/rd_media/20260814/%E0%B2%A4%E0%B3%80%E0%B2%B0%E0%B3%8D%E0%B2%A5%E0%B2%B9%E0%B2%B3%E0%B3%8D%E0%B2%B3%E0%B2%BF/frames/yt-kan/frame_03.html
[2026-08-14T14:42:19Z WARN  raitha_darpana::render] Animated YouTube video failed for 'ತೀರ್ಥಹಳ್ಳಿ', falling back to a static-image video: ffmpeg animated video generation failed: ffmpeg version 9.0-full_build-www.gyan.dev Copyright (c) 2000-2026 the FFmpeg developers
      built with gcc 16.1.0 (Rev2, Built by MSYS2 project)
      configuration: --enable-gpl --enable-version3 --enable-static --disable-w32threads --disable-autodetect --enable-cairo --enable-fontconfig --enable-iconv --enable-gnutls --enable-lcms2 --enable-libxml2 --enable-gmp --enable-bzlib --enable-lzma --enable-libsnappy --enable-zlib --enable-librist --enable-libsrt --enable-libssh --enable-libzmq --enable-avisynth --enable-libbluray --enable-libcaca --enable-libdvdnav --enable-libdvdread --enable-sdl2 --enable-libaribb24 --enable-libaribcaption --enable-libdav1d --enable-libdavs2 --enable-libopenjpeg --enable-libquirc --enable-libuavs3d --enable-libxevd --enable-libzvbi --enable-liboapv --enable-libqrencode --enable-librav1e --enable-libsvtav1 --enable-libvvenc --enable-libwebp --enable-libx264 --enable-libx265 --enable-libxavs2 --enable-libxeve --enable-libxvid --enable-libaom --enable-libjxl --enable-libsvtjpegxs --enable-libvpx --enable-mediafoundation --enable-libass --enable-frei0r --enable-libfreetype --enable-libfribidi --enable-libharfbuzz --enable-liblensfun --enable-libvidstab --enable-libvmaf --enable-libzimg --enable-amf --enable-cuda-llvm --enable-cuvid --enable-dxva2 --enable-d3d11va --enable-d3d12va --enable-ffnvcodec --enable-libvpl --enable-nvdec --enable-nvenc --enable-vaapi --enable-vulkan --enable-libplacebo --enable-opencl --enable-libcdio --enable-openal --enable-libgme --enable-libmodplug --enable-libopenmpt --enable-libopencore-amrwb --enable-libmp3lame --enable-libshine --enable-libtheora --enable-libtwolame --enable-libvo-amrwbenc --enable-libcodec2 --enable-libilbc --enable-libgsm --enable-liblc3 --enable-libopencore-amrnb --enable-libopus --enable-libspeex --enable-libvorbis --enable-ladspa --enable-libbs2b --enable-libflite --enable-libmysofa --enable-librubberband --enable-libsoxr --enable-chromaprint --enable-whisper
      libavutil      61.  1.100 / 61.  1.100
      libavcodec     63.  1.100 / 63.  1.100
      libavformat    63.  1.100 / 63.  1.100
      libavdevice    63.  1.100 / 63.  1.100
      libavfilter    12.  1.100 / 12.  1.100
      libswscale     10.  1.100 / 10.  1.100
      libswresample   7.  1.100 /  7.  1.100
    [in#0 @ 0000022689c0fbc0] Impossible to open 'rd_media\20260814\ತೀರ್ಥಹಳ್ಳಿ\rd_media/20260814/ತೀರ್ಥಹಳ್ಳಿ/frames/yt-kan/frame_00.png'
    [in#0 @ 0000022689b61b80] Error opening input: No such file or directory
    Error opening input file rd_media\20260814\ತೀರ್ಥಹಳ್ಳಿ\ತೀರ್ಥಹಳ್ಳಿ-20260814-yt-kan.frames.txt.
    Error opening input files: No such file or directory
    
[2026-08-14T14:42:51Z INFO  raitha_darpana::render] Rendering images for city '22]  ಮಾರುಕಟ್ಟೆ: ಬೆಂಗಳೂರು' -> 'BENGALURU'
[2026-08-14T14:42:51Z INFO  raitha_darpana::ui] [job 4b515e7c-71df-4885-8641-67bbadf9a5fa] Rendering BENGALURU (Instagram)...
[2026-08-14T14:42:51Z INFO  raitha_darpana::render] Navigating to file:///D:/Projects/uiraitah_darpana/raitha_darpana/rd_media/20260814/BENGALURU/BENGALURU-20260814-ig-kan.html (city: BENGALURU)
[2026-08-14T14:42:51Z INFO  headless_chrome::browser::tab] Navigating a tab to file:///D:/Projects/uiraitah_darpana/raitha_darpana/rd_media/20260814/BENGALURU/BENGALURU-20260814-ig-kan.html
[2026-08-14T14:42:52Z INFO  raitha_darpana::ui] [job 4b515e7c-71df-4885-8641-67bbadf9a5fa] Rendering BENGALURU (YouTube)...
[2026-08-14T14:42:52Z INFO  raitha_darpana::render] Navigating to file:///D:/Projects/uiraitah_darpana/raitha_darpana/rd_media/20260814/BENGALURU/BENGALURU-20260814-yt-kan.html (city: BENGALURU)
[2026-08-14T14:42:52Z INFO  headless_chrome::browser::tab] Navigating a tab to file:///D:/Projects/uiraitah_darpana/raitha_darpana/rd_media/20260814/BENGALURU/BENGALURU-20260814-yt-kan.html
[2026-08-14T14:42:53Z INFO  raitha_darpana::voiceover] ನಮಸ್ಕಾರ ವೀಕ್ಷಕರೇ, ರೈತ ದರ್ಪಣ ಮಾರುಕಟ್ಟೆ ಬೆಲೆಗಳ ಮಾಹಿತಿ ಚಾನೆಲ್‌ಗೆ ಸುಸ್ವಾಗತ. ಇಂದಿನ BENGALURU ಮಾರುಕಟ್ಟೆಯ ತರಕಾರಿ ಬೆಲೆಗಳ ಮಾಹಿತಿ ಇಲ್ಲಿದೆ. ವರದಿ ದಿನಾಂಕ: 14/08/2026. ತೆಂಗಿನಕಾಯಿ: ಕನಿಷ್ಠ ಬೆಲೆ ಇಪ್ಪತ್ತು ಸಾವಿರ ರೂಪಾಯಿ, ಗರಿಷ್ಠ ಬೆಲೆ ಮಪ್ಪತ್ತು ಸಾವಿರ ರೂಪಾಯಿ. ಈರುಳ್ಳಿ, ತಳಿ ಪೂನ: ಕನಿಷ್ಠ ಬೆಲೆ ಎರಡು ಸಾವಿರ ರೂಪಾಯಿ, ಗರಿಷ್ಠ ಬೆಲೆ ಮೂರು ಸಾವಿರ ಎರಡು ನೂರು ರೂಪಾಯಿ. ಆಲೂಗಡ್ಡೆ: ಕನಿಷ್ಠ ಬೆಲೆ ಒಂದು ಸಾವಿರ ರೂಪಾಯಿ, ಗರಿಷ್ಠ ಬೆಲೆ ಎರಡು ಸಾವಿರ ರೂಪಾಯಿ. ಅಕ್ಕಿ, ತಳಿ ಉತ್ತಮ: ಕನಿಷ್ಠ ಬೆಲೆ ಆರು ಸಾವಿರ ರೂಪಾಯಿ, ಗರಿಷ್ಠ ಬೆಲೆ ಏಳು ಸಾವಿರ ರೂಪಾಯಿ. ಅಕ್ಕಿ, ತಳಿ ದಪ್ಪ: ಕನಿಷ್ಠ ಬೆಲೆ ಮೂರು ಸಾವಿರ ರೂಪಾಯಿ, ಗರಿಷ್ಠ ಬೆಲೆ ಮೂರು ಸಾವಿರ ಒಂದು ನೂರು ರೂಪಾಯಿ. ಅಕ್ಕಿ, ತಳಿ ಮಧ್ಯಮ: ಕನಿಷ್ಠ ಬೆಲೆ ಐದು ಸಾವಿರ ರೂಪಾಯಿ, ಗರಿಷ್ಠ ಬೆಲೆ ಆರು ಸಾವಿರ ರೂಪಾಯಿ. ಆಲೂಗಡ್ಡೆ, ತಳಿ ಸ್ಥಳೀಯ: ಕನಿಷ್ಠ ಬೆಲೆ ಒಂದು ಸಾವಿರ ರೂಪಾಯಿ, ಗರಿಷ್ಠ ಬೆಲೆ ಎರಡು ಸಾವಿರ ನಾಲ್ಕು ನೂರು ರೂಪಾಯಿ. ಈರುಳ್ಳಿ, ತಳಿ ಬೆಂಗಳೂರು ಸಣ್ಣ: ಕನಿಷ್ಠ ಬೆಲೆ ಒಂದು ಸಾವಿರ ರೂಪಾಯಿ, ಗರಿಷ್ಠ ಬೆಲೆ ಒಂದು ಸಾವಿರ ಎಂಟು ನೂರು ರೂಪಾಯಿ. ಈರುಳ್ಳಿ, ತಳಿ ಸ್ಥಳೀಯ: ಕನಿಷ್ಠ ಬೆಲೆ ಒಂದು ಸಾವಿರ ಎಂಟು ನೂರು ರೂಪಾಯಿ, ಗರಿಷ್ಠ ಬೆಲೆ ಎರಡು ಸಾವಿರ ನಾಲ್ಕು ನೂರು ರೂಪಾಯಿ. ಈರುಳ್ಳಿ: ಕನಿಷ್ಠ ಬೆಲೆ ಎರಡು ಸಾವಿರ ನಾಲ್ಕು ನೂರು ರೂಪಾಯಿ, ಗರಿಷ್ಠ ಬೆಲೆ ಎರಡು ಸಾವಿರ ಒಂಬತ್ತು ನೂರು ರೂಪಾಯಿ. ದಿನನಿತ್ಯದ ನಿಖರ ಮಾಹಿತಿಗಾಗಿ ನಮ್ಮ ಇನ್ಸ್ಟಾಗ್ರಾಮ್ ಮತ್ತು ಯೂಟ್ಯೂಬ್ ಚಾನೆಲ್‌ಗೆ ಸಬ್‌ಸ್ಕ್ರೈಬ್ ಆಗಿ. ಧನ್ಯವಾದಗಳು!
[2026-08-14T14:42:53Z INFO  raitha_darpana::ui] [job 4b515e7c-71df-4885-8641-67bbadf9a5fa] Generating voiceover for BENGALURU...
[2026-08-14T14:42:59Z INFO  raitha_darpana::voiceover] 🎧 Found background music at assets\bg_music.mp3. Mixing at 6% volume.
[2026-08-14T14:43:00Z INFO  raitha_darpana::ui] [job 4b515e7c-71df-4885-8641-67bbadf9a5fa] Generating Instagram video for BENGALURU...
[2026-08-14T14:43:00Z INFO  headless_chrome::browser::tab] Navigating a tab to file:///D:/Projects/uiraitah_darpana/raitha_darpana/rd_media/20260814/BENGALURU/frames/ig-kan/frame_00.html
[2026-08-14T14:43:02Z INFO  headless_chrome::browser::tab] Navigating a tab to file:///D:/Projects/uiraitah_darpana/raitha_darpana/rd_media/20260814/BENGALURU/frames/ig-kan/frame_01.html
[2026-08-14T14:43:03Z INFO  headless_chrome::browser::tab] Navigating a tab to file:///D:/Projects/uiraitah_darpana/raitha_darpana/rd_media/20260814/BENGALURU/frames/ig-kan/frame_02.html
[2026-08-14T14:43:04Z INFO  headless_chrome::browser::tab] Navigating a tab to file:///D:/Projects/uiraitah_darpana/raitha_darpana/rd_media/20260814/BENGALURU/frames/ig-kan/frame_03.html
[2026-08-14T14:43:06Z INFO  headless_chrome::browser::tab] Navigating a tab to file:///D:/Projects/uiraitah_darpana/raitha_darpana/rd_media/20260814/BENGALURU/frames/ig-kan/frame_04.html
[2026-08-14T14:43:08Z INFO  headless_chrome::browser::tab] Navigating a tab to file:///D:/Projects/uiraitah_darpana/raitha_darpana/rd_media/20260814/BENGALURU/frames/ig-kan/frame_05.html
[2026-08-14T14:43:09Z INFO  headless_chrome::browser::tab] Navigating a tab to file:///D:/Projects/uiraitah_darpana/raitha_darpana/rd_media/20260814/BENGALURU/frames/ig-kan/frame_06.html
[2026-08-14T14:43:11Z INFO  headless_chrome::browser::tab] Navigating a tab to file:///D:/Projects/uiraitah_darpana/raitha_darpana/rd_media/20260814/BENGALURU/frames/ig-kan/frame_07.html
[2026-08-14T14:43:12Z INFO  headless_chrome::browser::tab] Navigating a tab to file:///D:/Projects/uiraitah_darpana/raitha_darpana/rd_media/20260814/BENGALURU/frames/ig-kan/frame_08.html
[2026-08-14T14:43:13Z INFO  headless_chrome::browser::tab] Navigating a tab to file:///D:/Projects/uiraitah_darpana/raitha_darpana/rd_media/20260814/BENGALURU/frames/ig-kan/frame_09.html
[2026-08-14T14:43:14Z INFO  headless_chrome::browser::tab] Navigating a tab to file:///D:/Projects/uiraitah_darpana/raitha_darpana/rd_media/20260814/BENGALURU/frames/ig-kan/frame_10.html
[2026-08-14T14:43:16Z WARN  raitha_darpana::render] Animated Instagram video failed for 'BENGALURU', falling back to a static-image video: ffmpeg animated video generation failed: ffmpeg version 9.0-full_build-www.gyan.dev Copyright (c) 2000-2026 the FFmpeg developers
      built with gcc 16.1.0 (Rev2, Built by MSYS2 project)
      configuration: --enable-gpl --enable-version3 --enable-static --disable-w32threads --disable-autodetect --enable-cairo --enable-fontconfig --enable-iconv --enable-gnutls --enable-lcms2 --enable-libxml2 --enable-gmp --enable-bzlib --enable-lzma --enable-libsnappy --enable-zlib --enable-librist --enable-libsrt --enable-libssh --enable-libzmq --enable-avisynth --enable-libbluray --enable-libcaca --enable-libdvdnav --enable-libdvdread --enable-sdl2 --enable-libaribb24 --enable-libaribcaption --enable-libdav1d --enable-libdavs2 --enable-libopenjpeg --enable-libquirc --enable-libuavs3d --enable-libxevd --enable-libzvbi --enable-liboapv --enable-libqrencode --enable-librav1e --enable-libsvtav1 --enable-libvvenc --enable-libwebp --enable-libx264 --enable-libx265 --enable-libxavs2 --enable-libxeve --enable-libxvid --enable-libaom --enable-libjxl --enable-libsvtjpegxs --enable-libvpx --enable-mediafoundation --enable-libass --enable-frei0r --enable-libfreetype --enable-libfribidi --enable-libharfbuzz --enable-liblensfun --enable-libvidstab --enable-libvmaf --enable-libzimg --enable-amf --enable-cuda-llvm --enable-cuvid --enable-dxva2 --enable-d3d11va --enable-d3d12va --enable-ffnvcodec --enable-libvpl --enable-nvdec --enable-nvenc --enable-vaapi --enable-vulkan --enable-libplacebo --enable-opencl --enable-libcdio --enable-openal --enable-libgme --enable-libmodplug --enable-libopenmpt --enable-libopencore-amrwb --enable-libmp3lame --enable-libshine --enable-libtheora --enable-libtwolame --enable-libvo-amrwbenc --enable-libcodec2 --enable-libilbc --enable-libgsm --enable-liblc3 --enable-libopencore-amrnb --enable-libopus --enable-libspeex --enable-libvorbis --enable-ladspa --enable-libbs2b --enable-libflite --enable-libmysofa --enable-librubberband --enable-libsoxr --enable-chromaprint --enable-whisper
      libavutil      61.  1.100 / 61.  1.100
      libavcodec     63.  1.100 / 63.  1.100
      libavformat    63.  1.100 / 63.  1.100
      libavdevice    63.  1.100 / 63.  1.100
      libavfilter    12.  1.100 / 12.  1.100
      libswscale     10.  1.100 / 10.  1.100
      libswresample   7.  1.100 /  7.  1.100
    [in#0 @ 00000154c534e140] Impossible to open 'rd_media\20260814\BENGALURU\rd_media/20260814/BENGALURU/frames/ig-kan/frame_00.png'
    [in#0 @ 00000154c533eb40] Error opening input: No such file or directory
    Error opening input file rd_media\20260814\BENGALURU\BENGALURU-20260814-ig-kan.frames.txt.
    Error opening input files: No such file or directory
    
[2026-08-14T14:44:03Z INFO  raitha_darpana::ui] [job 4b515e7c-71df-4885-8641-67bbadf9a5fa] Generating YouTube video for BENGALURU...
[2026-08-14T14:44:03Z INFO  headless_chrome::browser::tab] Navigating a tab to file:///D:/Projects/uiraitah_darpana/raitha_darpana/rd_media/20260814/BENGALURU/frames/yt-kan/frame_00.html
[2026-08-14T14:44:04Z INFO  headless_chrome::browser::tab] Navigating a tab to file:///D:/Projects/uiraitah_darpana/raitha_darpana/rd_media/20260814/BENGALURU/frames/yt-kan/frame_01.html
[2026-08-14T14:44:05Z INFO  headless_chrome::browser::tab] Navigating a tab to file:///D:/Projects/uiraitah_darpana/raitha_darpana/rd_media/20260814/BENGALURU/frames/yt-kan/frame_02.html
[2026-08-14T14:44:07Z INFO  headless_chrome::browser::tab] Navigating a tab to file:///D:/Projects/uiraitah_darpana/raitha_darpana/rd_media/20260814/BENGALURU/frames/yt-kan/frame_03.html
[2026-08-14T14:44:08Z INFO  headless_chrome::browser::tab] Navigating a tab to file:///D:/Projects/uiraitah_darpana/raitha_darpana/rd_media/20260814/BENGALURU/frames/yt-kan/frame_04.html
[2026-08-14T14:44:09Z INFO  headless_chrome::browser::tab] Navigating a tab to file:///D:/Projects/uiraitah_darpana/raitha_darpana/rd_media/20260814/BENGALURU/frames/yt-kan/frame_05.html
[2026-08-14T14:44:11Z INFO  headless_chrome::browser::tab] Navigating a tab to file:///D:/Projects/uiraitah_darpana/raitha_darpana/rd_media/20260814/BENGALURU/frames/yt-kan/frame_06.html
[2026-08-14T14:44:12Z INFO  headless_chrome::browser::tab] Navigating a tab to file:///D:/Projects/uiraitah_darpana/raitha_darpana/rd_media/20260814/BENGALURU/frames/yt-kan/frame_07.html
[2026-08-14T14:44:14Z INFO  headless_chrome::browser::tab] Navigating a tab to file:///D:/Projects/uiraitah_darpana/raitha_darpana/rd_media/20260814/BENGALURU/frames/yt-kan/frame_08.html
[2026-08-14T14:44:15Z INFO  headless_chrome::browser::tab] Navigating a tab to file:///D:/Projects/uiraitah_darpana/raitha_darpana/rd_media/20260814/BENGALURU/frames/yt-kan/frame_09.html
[2026-08-14T14:44:16Z INFO  headless_chrome::browser::tab] Navigating a tab to file:///D:/Projects/uiraitah_darpana/raitha_darpana/rd_media/20260814/BENGALURU/frames/yt-kan/frame_10.html
[2026-08-14T14:44:18Z WARN  raitha_darpana::render] Animated YouTube video failed for 'BENGALURU', falling back to a static-image video: ffmpeg animated video generation failed: ffmpeg version 9.0-full_build-www.gyan.dev Copyright (c) 2000-2026 the FFmpeg developers
      built with gcc 16.1.0 (Rev2, Built by MSYS2 project)
      configuration: --enable-gpl --enable-version3 --enable-static --disable-w32threads --disable-autodetect --enable-cairo --enable-fontconfig --enable-iconv --enable-gnutls --enable-lcms2 --enable-libxml2 --enable-gmp --enable-bzlib --enable-lzma --enable-libsnappy --enable-zlib --enable-librist --enable-libsrt --enable-libssh --enable-libzmq --enable-avisynth --enable-libbluray --enable-libcaca --enable-libdvdnav --enable-libdvdread --enable-sdl2 --enable-libaribb24 --enable-libaribcaption --enable-libdav1d --enable-libdavs2 --enable-libopenjpeg --enable-libquirc --enable-libuavs3d --enable-libxevd --enable-libzvbi --enable-liboapv --enable-libqrencode --enable-librav1e --enable-libsvtav1 --enable-libvvenc --enable-libwebp --enable-libx264 --enable-libx265 --enable-libxavs2 --enable-libxeve --enable-libxvid --enable-libaom --enable-libjxl --enable-libsvtjpegxs --enable-libvpx --enable-mediafoundation --enable-libass --enable-frei0r --enable-libfreetype --enable-libfribidi --enable-libharfbuzz --enable-liblensfun --enable-libvidstab --enable-libvmaf --enable-libzimg --enable-amf --enable-cuda-llvm --enable-cuvid --enable-dxva2 --enable-d3d11va --enable-d3d12va --enable-ffnvcodec --enable-libvpl --enable-nvdec --enable-nvenc --enable-vaapi --enable-vulkan --enable-libplacebo --enable-opencl --enable-libcdio --enable-openal --enable-libgme --enable-libmodplug --enable-libopenmpt --enable-libopencore-amrwb --enable-libmp3lame --enable-libshine --enable-libtheora --enable-libtwolame --enable-libvo-amrwbenc --enable-libcodec2 --enable-libilbc --enable-libgsm --enable-liblc3 --enable-libopencore-amrnb --enable-libopus --enable-libspeex --enable-libvorbis --enable-ladspa --enable-libbs2b --enable-libflite --enable-libmysofa --enable-librubberband --enable-libsoxr --enable-chromaprint --enable-whisper
      libavutil      61.  1.100 / 61.  1.100
      libavcodec     63.  1.100 / 63.  1.100
      libavformat    63.  1.100 / 63.  1.100
      libavdevice    63.  1.100 / 63.  1.100
      libavfilter    12.  1.100 / 12.  1.100
      libswscale     10.  1.100 / 10.  1.100
      libswresample   7.  1.100 /  7.  1.100
    [in#0 @ 0000022ed6b7d040] Impossible to open 'rd_media\20260814\BENGALURU\rd_media/20260814/BENGALURU/frames/yt-kan/frame_00.png'
    [in#0 @ 0000022ed6ad0b00] Error opening input: No such file or directory
    Error opening input file rd_media\20260814\BENGALURU\BENGALURU-20260814-yt-kan.frames.txt.
    Error opening input files: No such file or directory
    
[2026-08-14T14:45:04Z INFO  raitha_darpana::render] Rendering images for city '46]  ಮಾರುಕಟ್ಟೆ: ರಾಮನಗರ' -> 'ರಾಮನಗರ'
[2026-08-14T14:45:04Z INFO  raitha_darpana::ui] [job 4b515e7c-71df-4885-8641-67bbadf9a5fa] Rendering ರಾಮನಗರ (Instagram)...
[2026-08-14T14:45:04Z INFO  raitha_darpana::render] Navigating to file:///D:/Projects/uiraitah_darpana/raitha_darpana/rd_media/20260814/%E0%B2%B0%E0%B2%BE%E0%B2%AE%E0%B2%A8%E0%B2%97%E0%B2%B0/%E0%B2%B0%E0%B2%BE%E0%B2%AE%E0%B2%A8%E0%B2%97%E0%B2%B0-20260814-ig-kan.html (city: ರಾಮನಗರ)
[2026-08-14T14:45:04Z INFO  headless_chrome::browser::tab] Navigating a tab to file:///D:/Projects/uiraitah_darpana/raitha_darpana/rd_media/20260814/%E0%B2%B0%E0%B2%BE%E0%B2%AE%E0%B2%A8%E0%B2%97%E0%B2%B0/%E0%B2%B0%E0%B2%BE%E0%B2%AE%E0%B2%A8%E0%B2%97%E0%B2%B0-20260814-ig-kan.html
[2026-08-14T14:45:06Z INFO  raitha_darpana::ui] [job 4b515e7c-71df-4885-8641-67bbadf9a5fa] Rendering ರಾಮನಗರ (YouTube)...
[2026-08-14T14:45:06Z INFO  raitha_darpana::render] Navigating to file:///D:/Projects/uiraitah_darpana/raitha_darpana/rd_media/20260814/%E0%B2%B0%E0%B2%BE%E0%B2%AE%E0%B2%A8%E0%B2%97%E0%B2%B0/%E0%B2%B0%E0%B2%BE%E0%B2%AE%E0%B2%A8%E0%B2%97%E0%B2%B0-20260814-yt-kan.html (city: ರಾಮನಗರ)
[2026-08-14T14:45:06Z INFO  headless_chrome::browser::tab] Navigating a tab to file:///D:/Projects/uiraitah_darpana/raitha_darpana/rd_media/20260814/%E0%B2%B0%E0%B2%BE%E0%B2%AE%E0%B2%A8%E0%B2%97%E0%B2%B0/%E0%B2%B0%E0%B2%BE%E0%B2%AE%E0%B2%A8%E0%B2%97%E0%B2%B0-20260814-yt-kan.html
[2026-08-14T14:45:07Z INFO  raitha_darpana::voiceover] ನಮಸ್ಕಾರ ವೀಕ್ಷಕರೇ, ರೈತ ದರ್ಪಣ ಮಾರುಕಟ್ಟೆ ಬೆಲೆಗಳ ಮಾಹಿತಿ ಚಾನೆಲ್‌ಗೆ ಸುಸ್ವಾಗತ. ಇಂದಿನ ರಾಮನಗರ ಮಾರುಕಟ್ಟೆಯ ತರಕಾರಿ ಬೆಲೆಗಳ ಮಾಹಿತಿ ಇಲ್ಲಿದೆ. ವರದಿ ದಿನಾಂಕ: 14/08/2026. ಟೊಮ್ಯಾಟೊ, ತಳಿ ಟೊಮ್ಯೂಟೊ: ಕನಿಷ್ಠ ಬೆಲೆ ಎಂಟು ನೂರು ರೂಪಾಯಿ, ಗರಿಷ್ಠ ಬೆಲೆ ಒಂದು ಸಾವಿರ ಐದು ನೂರು ರೂಪಾಯಿ. ಸೌತೆಕಾಯಿ: ಕನಿಷ್ಠ ಬೆಲೆ ಒಂದು ಸಾವಿರ ಎಂಟು ನೂರು ರೂಪಾಯಿ, ಗರಿಷ್ಠ ಬೆಲೆ ಎರಡು ಸಾವಿರ ಎರಡು ನೂರು ರೂಪಾಯಿ. ಎಲೆಕೋಸು: ಕನಿಷ್ಠ ಬೆಲೆ ಒಂದು ಸಾವಿರ ರೂಪಾಯಿ, ಗರಿಷ್ಠ ಬೆಲೆ ಒಂದು ಸಾವಿರ ಆರು ನೂರು ರೂಪಾಯಿ. ಹೂಕೋಸು: ಕನಿಷ್ಠ ಬೆಲೆ ಒಂದು ಸಾವಿರ ನಾಲ್ಕು ನೂರು ರೂಪಾಯಿ, ಗರಿಷ್ಠ ಬೆಲೆ ಎರಡು ಸಾವಿರ ನಾಲ್ಕು ನೂರು ರೂಪಾಯಿ. ಹಸಿರು ಮೆಣಸಿನಕಾಯಿ: ಕನಿಷ್ಠ ಬೆಲೆ ನಾಲ್ಕು ಸಾವಿರ ರೂಪಾಯಿ, ಗರಿಷ್ಠ ಬೆಲೆ ಆರು ಸಾವಿರ ರೂಪಾಯಿ. ಬದನೆಕಾಯಿ: ಕನಿಷ್ಠ ಬೆಲೆ ಎರಡು ಸಾವಿರ ನಾಲ್ಕು ನೂರು ರೂಪಾಯಿ, ಗರಿಷ್ಠ ಬೆಲೆ ನಾಲ್ಕು ಸಾವಿರ ರೂಪಾಯಿ. ಹೀರೇಕಾಯಿ, ತಳಿ ಹೀರೆಕಾಯಿ: ಕನಿಷ್ಠ ಬೆಲೆ ಎರಡು ಸಾವಿರ ಎರಡು ನೂರು ರೂಪಾಯಿ, ಗರಿಷ್ಠ ಬೆಲೆ ಮೂರು ಸಾವಿರ ರೂಪಾಯಿ. ಹುರುಳಿಕಾಯಿ, ತಳಿ ಬೀನ್ಸ್ (ವೋಲ್): ಕನಿಷ್ಠ ಬೆಲೆ ನಾಲ್ಕು ಸಾವಿರ ರೂಪಾಯಿ, ಗರಿಷ್ಠ ಬೆಲೆ ಆರು ಸಾವಿರ ರೂಪಾಯಿ. ನವಿಲುಕೋಸು: ಕನಿಷ್ಠ ಬೆಲೆ ಮೂರು ಸಾವಿರ ರೂಪಾಯಿ, ಗರಿಷ್ಠ ಬೆಲೆ ನಾಲ್ಕು ಸಾವಿರ ರೂಪಾಯಿ. ಪಡವಲಕಾಯಿ: ಕನಿಷ್ಠ ಬೆಲೆ ಒಂದು ಸಾವಿರ ಆರು ನೂರು ರೂಪಾಯಿ, ಗರಿಷ್ಠ ಬೆಲೆ ಎರಡು ಸಾವಿರ ಮೂರು ನೂರು ರೂಪಾಯಿ. ದಿನನಿತ್ಯದ ನಿಖರ ಮಾಹಿತಿಗಾಗಿ ನಮ್ಮ ಇನ್ಸ್ಟಾಗ್ರಾಮ್ ಮತ್ತು ಯೂಟ್ಯೂಬ್ ಚಾನೆಲ್‌ಗೆ ಸಬ್‌ಸ್ಕ್ರೈಬ್ ಆಗಿ. ಧನ್ಯವಾದಗಳು!
[2026-08-14T14:45:07Z INFO  raitha_darpana::ui] [job 4b515e7c-71df-4885-8641-67bbadf9a5fa] Generating voiceover for ರಾಮನಗರ...
[2026-08-14T14:45:15Z INFO  raitha_darpana::voiceover] 🎧 Found background music at assets\bg_music.mp3. Mixing at 6% volume.
[2026-08-14T14:45:16Z INFO  raitha_darpana::ui] [job 4b515e7c-71df-4885-8641-67bbadf9a5fa] Generating Instagram video for ರಾಮನಗರ...
[2026-08-14T14:45:16Z INFO  headless_chrome::browser::tab] Navigating a tab to file:///D:/Projects/uiraitah_darpana/raitha_darpana/rd_media/20260814/%E0%B2%B0%E0%B2%BE%E0%B2%AE%E0%B2%A8%E0%B2%97%E0%B2%B0/frames/ig-kan/frame_00.html
[2026-08-14T14:45:17Z INFO  headless_chrome::browser::tab] Navigating a tab to file:///D:/Projects/uiraitah_darpana/raitha_darpana/rd_media/20260814/%E0%B2%B0%E0%B2%BE%E0%B2%AE%E0%B2%A8%E0%B2%97%E0%B2%B0/frames/ig-kan/frame_01.html
[2026-08-14T14:45:19Z INFO  headless_chrome::browser::tab] Navigating a tab to file:///D:/Projects/uiraitah_darpana/raitha_darpana/rd_media/20260814/%E0%B2%B0%E0%B2%BE%E0%B2%AE%E0%B2%A8%E0%B2%97%E0%B2%B0/frames/ig-kan/frame_02.html
[2026-08-14T14:45:20Z INFO  headless_chrome::browser::tab] Navigating a tab to file:///D:/Projects/uiraitah_darpana/raitha_darpana/rd_media/20260814/%E0%B2%B0%E0%B2%BE%E0%B2%AE%E0%B2%A8%E0%B2%97%E0%B2%B0/frames/ig-kan/frame_03.html
[2026-08-14T14:45:22Z INFO  headless_chrome::browser::tab] Navigating a tab to file:///D:/Projects/uiraitah_darpana/raitha_darpana/rd_media/20260814/%E0%B2%B0%E0%B2%BE%E0%B2%AE%E0%B2%A8%E0%B2%97%E0%B2%B0/frames/ig-kan/frame_04.html
[2026-08-14T14:45:23Z INFO  headless_chrome::browser::tab] Navigating a tab to file:///D:/Projects/uiraitah_darpana/raitha_darpana/rd_media/20260814/%E0%B2%B0%E0%B2%BE%E0%B2%AE%E0%B2%A8%E0%B2%97%E0%B2%B0/frames/ig-kan/frame_05.html
[2026-08-14T14:45:25Z INFO  headless_chrome::browser::tab] Navigating a tab to file:///D:/Projects/uiraitah_darpana/raitha_darpana/rd_media/20260814/%E0%B2%B0%E0%B2%BE%E0%B2%AE%E0%B2%A8%E0%B2%97%E0%B2%B0/frames/ig-kan/frame_06.html
[2026-08-14T14:45:26Z INFO  headless_chrome::browser::tab] Navigating a tab to file:///D:/Projects/uiraitah_darpana/raitha_darpana/rd_media/20260814/%E0%B2%B0%E0%B2%BE%E0%B2%AE%E0%B2%A8%E0%B2%97%E0%B2%B0/frames/ig-kan/frame_07.html
[2026-08-14T14:45:28Z INFO  headless_chrome::browser::tab] Navigating a tab to file:///D:/Projects/uiraitah_darpana/raitha_darpana/rd_media/20260814/%E0%B2%B0%E0%B2%BE%E0%B2%AE%E0%B2%A8%E0%B2%97%E0%B2%B0/frames/ig-kan/frame_08.html
[2026-08-14T14:45:29Z INFO  headless_chrome::browser::tab] Navigating a tab to file:///D:/Projects/uiraitah_darpana/raitha_darpana/rd_media/20260814/%E0%B2%B0%E0%B2%BE%E0%B2%AE%E0%B2%A8%E0%B2%97%E0%B2%B0/frames/ig-kan/frame_09.html
[2026-08-14T14:45:30Z INFO  headless_chrome::browser::tab] Navigating a tab to file:///D:/Projects/uiraitah_darpana/raitha_darpana/rd_media/20260814/%E0%B2%B0%E0%B2%BE%E0%B2%AE%E0%B2%A8%E0%B2%97%E0%B2%B0/frames/ig-kan/frame_10.html
[2026-08-14T14:45:32Z WARN  raitha_darpana::render] Animated Instagram video failed for 'ರಾಮನಗರ', falling back to a static-image video: ffmpeg animated video generation failed: ffmpeg version 9.0-full_build-www.gyan.dev Copyright (c) 2000-2026 the FFmpeg developers
      built with gcc 16.1.0 (Rev2, Built by MSYS2 project)
      configuration: --enable-gpl --enable-version3 --enable-static --disable-w32threads --disable-autodetect --enable-cairo --enable-fontconfig --enable-iconv --enable-gnutls --enable-lcms2 --enable-libxml2 --enable-gmp --enable-bzlib --enable-lzma --enable-libsnappy --enable-zlib --enable-librist --enable-libsrt --enable-libssh --enable-libzmq --enable-avisynth --enable-libbluray --enable-libcaca --enable-libdvdnav --enable-libdvdread --enable-sdl2 --enable-libaribb24 --enable-libaribcaption --enable-libdav1d --enable-libdavs2 --enable-libopenjpeg --enable-libquirc --enable-libuavs3d --enable-libxevd --enable-libzvbi --enable-liboapv --enable-libqrencode --enable-librav1e --enable-libsvtav1 --enable-libvvenc --enable-libwebp --enable-libx264 --enable-libx265 --enable-libxavs2 --enable-libxeve --enable-libxvid --enable-libaom --enable-libjxl --enable-libsvtjpegxs --enable-libvpx --enable-mediafoundation --enable-libass --enable-frei0r --enable-libfreetype --enable-libfribidi --enable-libharfbuzz --enable-liblensfun --enable-libvidstab --enable-libvmaf --enable-libzimg --enable-amf --enable-cuda-llvm --enable-cuvid --enable-dxva2 --enable-d3d11va --enable-d3d12va --enable-ffnvcodec --enable-libvpl --enable-nvdec --enable-nvenc --enable-vaapi --enable-vulkan --enable-libplacebo --enable-opencl --enable-libcdio --enable-openal --enable-libgme --enable-libmodplug --enable-libopenmpt --enable-libopencore-amrwb --enable-libmp3lame --enable-libshine --enable-libtheora --enable-libtwolame --enable-libvo-amrwbenc --enable-libcodec2 --enable-libilbc --enable-libgsm --enable-liblc3 --enable-libopencore-amrnb --enable-libopus --enable-libspeex --enable-libvorbis --enable-ladspa --enable-libbs2b --enable-libflite --enable-libmysofa --enable-librubberband --enable-libsoxr --enable-chromaprint --enable-whisper
      libavutil      61.  1.100 / 61.  1.100
      libavcodec     63.  1.100 / 63.  1.100
      libavformat    63.  1.100 / 63.  1.100
      libavdevice    63.  1.100 / 63.  1.100
      libavfilter    12.  1.100 / 12.  1.100
      libswscale     10.  1.100 / 10.  1.100
      libswresample   7.  1.100 /  7.  1.100
    [in#0 @ 000002a0ed9fd280] Impossible to open 'rd_media\20260814\ರಾಮನಗರ\rd_media/20260814/ರಾಮನಗರ/frames/ig-kan/frame_00.png'
    [in#0 @ 000002a0ed9eca80] Error opening input: No such file or directory
    Error opening input file rd_media\20260814\ರಾಮನಗರ\ರಾಮನಗರ-20260814-ig-kan.frames.txt.
    Error opening input files: No such file or directory
    
[2026-08-14T14:46:14Z INFO  raitha_darpana::ui] [job 4b515e7c-71df-4885-8641-67bbadf9a5fa] Generating YouTube video for ರಾಮನಗರ...
[2026-08-14T14:46:14Z INFO  headless_chrome::browser::tab] Navigating a tab to file:///D:/Projects/uiraitah_darpana/raitha_darpana/rd_media/20260814/%E0%B2%B0%E0%B2%BE%E0%B2%AE%E0%B2%A8%E0%B2%97%E0%B2%B0/frames/yt-kan/frame_00.html
[2026-08-14T14:46:15Z INFO  headless_chrome::browser::tab] Navigating a tab to file:///D:/Projects/uiraitah_darpana/raitha_darpana/rd_media/20260814/%E0%B2%B0%E0%B2%BE%E0%B2%AE%E0%B2%A8%E0%B2%97%E0%B2%B0/frames/yt-kan/frame_01.html
[2026-08-14T14:46:17Z INFO  headless_chrome::browser::tab] Navigating a tab to file:///D:/Projects/uiraitah_darpana/raitha_darpana/rd_media/20260814/%E0%B2%B0%E0%B2%BE%E0%B2%AE%E0%B2%A8%E0%B2%97%E0%B2%B0/frames/yt-kan/frame_02.html
[2026-08-14T14:46:18Z INFO  headless_chrome::browser::tab] Navigating a tab to file:///D:/Projects/uiraitah_darpana/raitha_darpana/rd_media/20260814/%E0%B2%B0%E0%B2%BE%E0%B2%AE%E0%B2%A8%E0%B2%97%E0%B2%B0/frames/yt-kan/frame_03.html
[2026-08-14T14:46:20Z INFO  headless_chrome::browser::tab] Navigating a tab to file:///D:/Projects/uiraitah_darpana/raitha_darpana/rd_media/20260814/%E0%B2%B0%E0%B2%BE%E0%B2%AE%E0%B2%A8%E0%B2%97%E0%B2%B0/frames/yt-kan/frame_04.html
[2026-08-14T14:46:21Z INFO  headless_chrome::browser::tab] Navigating a tab to file:///D:/Projects/uiraitah_darpana/raitha_darpana/rd_media/20260814/%E0%B2%B0%E0%B2%BE%E0%B2%AE%E0%B2%A8%E0%B2%97%E0%B2%B0/frames/yt-kan/frame_05.html
[2026-08-14T14:46:22Z INFO  headless_chrome::browser::tab] Navigating a tab to file:///D:/Projects/uiraitah_darpana/raitha_darpana/rd_media/20260814/%E0%B2%B0%E0%B2%BE%E0%B2%AE%E0%B2%A8%E0%B2%97%E0%B2%B0/frames/yt-kan/frame_06.html
[2026-08-14T14:46:24Z INFO  headless_chrome::browser::tab] Navigating a tab to file:///D:/Projects/uiraitah_darpana/raitha_darpana/rd_media/20260814/%E0%B2%B0%E0%B2%BE%E0%B2%AE%E0%B2%A8%E0%B2%97%E0%B2%B0/frames/yt-kan/frame_07.html
[2026-08-14T14:46:25Z INFO  headless_chrome::browser::tab] Navigating a tab to file:///D:/Projects/uiraitah_darpana/raitha_darpana/rd_media/20260814/%E0%B2%B0%E0%B2%BE%E0%B2%AE%E0%B2%A8%E0%B2%97%E0%B2%B0/frames/yt-kan/frame_08.html
[2026-08-14T14:46:26Z INFO  headless_chrome::browser::tab] Navigating a tab to file:///D:/Projects/uiraitah_darpana/raitha_darpana/rd_media/20260814/%E0%B2%B0%E0%B2%BE%E0%B2%AE%E0%B2%A8%E0%B2%97%E0%B2%B0/frames/yt-kan/frame_09.html
[2026-08-14T14:46:28Z INFO  headless_chrome::browser::tab] Navigating a tab to file:///D:/Projects/uiraitah_darpana/raitha_darpana/rd_media/20260814/%E0%B2%B0%E0%B2%BE%E0%B2%AE%E0%B2%A8%E0%B2%97%E0%B2%B0/frames/yt-kan/frame_10.html
[2026-08-14T14:46:29Z WARN  raitha_darpana::render] Animated YouTube video failed for 'ರಾಮನಗರ', falling back to a static-image video: ffmpeg animated video generation failed: ffmpeg version 9.0-full_build-www.gyan.dev Copyright (c) 2000-2026 the FFmpeg developers
      built with gcc 16.1.0 (Rev2, Built by MSYS2 project)
      configuration: --enable-gpl --enable-version3 --enable-static --disable-w32threads --disable-autodetect --enable-cairo --enable-fontconfig --enable-iconv --enable-gnutls --enable-lcms2 --enable-libxml2 --enable-gmp --enable-bzlib --enable-lzma --enable-libsnappy --enable-zlib --enable-librist --enable-libsrt --enable-libssh --enable-libzmq --enable-avisynth --enable-libbluray --enable-libcaca --enable-libdvdnav --enable-libdvdread --enable-sdl2 --enable-libaribb24 --enable-libaribcaption --enable-libdav1d --enable-libdavs2 --enable-libopenjpeg --enable-libquirc --enable-libuavs3d --enable-libxevd --enable-libzvbi --enable-liboapv --enable-libqrencode --enable-librav1e --enable-libsvtav1 --enable-libvvenc --enable-libwebp --enable-libx264 --enable-libx265 --enable-libxavs2 --enable-libxeve --enable-libxvid --enable-libaom --enable-libjxl --enable-libsvtjpegxs --enable-libvpx --enable-mediafoundation --enable-libass --enable-frei0r --enable-libfreetype --enable-libfribidi --enable-libharfbuzz --enable-liblensfun --enable-libvidstab --enable-libvmaf --enable-libzimg --enable-amf --enable-cuda-llvm --enable-cuvid --enable-dxva2 --enable-d3d11va --enable-d3d12va --enable-ffnvcodec --enable-libvpl --enable-nvdec --enable-nvenc --enable-vaapi --enable-vulkan --enable-libplacebo --enable-opencl --enable-libcdio --enable-openal --enable-libgme --enable-libmodplug --enable-libopenmpt --enable-libopencore-amrwb --enable-libmp3lame --enable-libshine --enable-libtheora --enable-libtwolame --enable-libvo-amrwbenc --enable-libcodec2 --enable-libilbc --enable-libgsm --enable-liblc3 --enable-libopencore-amrnb --enable-libopus --enable-libspeex --enable-libvorbis --enable-ladspa --enable-libbs2b --enable-libflite --enable-libmysofa --enable-librubberband --enable-libsoxr --enable-chromaprint --enable-whisper
      libavutil      61.  1.100 / 61.  1.100
      libavcodec     63.  1.100 / 63.  1.100
      libavformat    63.  1.100 / 63.  1.100
      libavdevice    63.  1.100 / 63.  1.100
      libavfilter    12.  1.100 / 12.  1.100
      libswscale     10.  1.100 / 10.  1.100
      libswresample   7.  1.100 /  7.  1.100
    [in#0 @ 000002cfc0bbcbc0] Impossible to open 'rd_media\20260814\ರಾಮನಗರ\rd_media/20260814/ರಾಮನಗರ/frames/yt-kan/frame_00.png'
    [in#0 @ 000002cfc0b13600] Error opening input: No such file or directory
    Error opening input file rd_media\20260814\ರಾಮನಗರ\ರಾಮನಗರ-20260814-yt-kan.frames.txt.
    Error opening input files: No such file or directory
    
[2026-08-14T14:47:15Z INFO  raitha_darpana::render] Rendering images for city '53]  ಮಾರುಕಟ್ಟೆ: ಶಿವಮೊಗ್ಗ' -> 'ಶಿವಮೊಗ್ಗ'
[2026-08-14T14:47:15Z INFO  raitha_darpana::ui] [job 4b515e7c-71df-4885-8641-67bbadf9a5fa] Rendering ಶಿವಮೊಗ್ಗ (Instagram)...
[2026-08-14T14:47:15Z INFO  raitha_darpana::render] Navigating to file:///D:/Projects/uiraitah_darpana/raitha_darpana/rd_media/20260814/%E0%B2%B6%E0%B2%BF%E0%B2%B5%E0%B2%AE%E0%B3%8A%E0%B2%97%E0%B3%8D%E0%B2%97/%E0%B2%B6%E0%B2%BF%E0%B2%B5%E0%B2%AE%E0%B3%8A%E0%B2%97%E0%B3%8D%E0%B2%97-20260814-ig-kan.html (city: ಶಿವಮೊಗ್ಗ)
[2026-08-14T14:47:15Z INFO  headless_chrome::browser::tab] Navigating a tab to file:///D:/Projects/uiraitah_darpana/raitha_darpana/rd_media/20260814/%E0%B2%B6%E0%B2%BF%E0%B2%B5%E0%B2%AE%E0%B3%8A%E0%B2%97%E0%B3%8D%E0%B2%97/%E0%B2%B6%E0%B2%BF%E0%B2%B5%E0%B2%AE%E0%B3%8A%E0%B2%97%E0%B3%8D%E0%B2%97-20260814-ig-kan.html
[2026-08-14T14:47:16Z INFO  raitha_darpana::ui] [job 4b515e7c-71df-4885-8641-67bbadf9a5fa] Rendering ಶಿವಮೊಗ್ಗ (YouTube)...
[2026-08-14T14:47:16Z INFO  raitha_darpana::render] Navigating to file:///D:/Projects/uiraitah_darpana/raitha_darpana/rd_media/20260814/%E0%B2%B6%E0%B2%BF%E0%B2%B5%E0%B2%AE%E0%B3%8A%E0%B2%97%E0%B3%8D%E0%B2%97/%E0%B2%B6%E0%B2%BF%E0%B2%B5%E0%B2%AE%E0%B3%8A%E0%B2%97%E0%B3%8D%E0%B2%97-20260814-yt-kan.html (city: ಶಿವಮೊಗ್ಗ)
[2026-08-14T14:47:17Z INFO  headless_chrome::browser::tab] Navigating a tab to file:///D:/Projects/uiraitah_darpana/raitha_darpana/rd_media/20260814/%E0%B2%B6%E0%B2%BF%E0%B2%B5%E0%B2%AE%E0%B3%8A%E0%B2%97%E0%B3%8D%E0%B2%97/%E0%B2%B6%E0%B2%BF%E0%B2%B5%E0%B2%AE%E0%B3%8A%E0%B2%97%E0%B3%8D%E0%B2%97-20260814-yt-kan.html
[2026-08-14T14:47:18Z INFO  raitha_darpana::voiceover] ನಮಸ್ಕಾರ ವೀಕ್ಷಕರೇ, ರೈತ ದರ್ಪಣ ಮಾರುಕಟ್ಟೆ ಬೆಲೆಗಳ ಮಾಹಿತಿ ಚಾನೆಲ್‌ಗೆ ಸುಸ್ವಾಗತ. ಇಂದಿನ ಶಿವಮೊಗ್ಗ ಮಾರುಕಟ್ಟೆಯ ತರಕಾರಿ ಬೆಲೆಗಳ ಮಾಹಿತಿ ಇಲ್ಲಿದೆ. ವರದಿ ದಿನಾಂಕ: 14/08/2026. ಟೊಮ್ಯಾಟೊ, ತಳಿ ಟೊಮ್ಯೂಟೊ: ಕನಿಷ್ಠ ಬೆಲೆ ನಾಲ್ಕು ನೂರು ರೂಪಾಯಿ, ಗರಿಷ್ಠ ಬೆಲೆ ಒಂದು ಸಾವಿರ ಎರಡು ನೂರು ರೂಪಾಯಿ. ಹುರುಳಿಕಾಯಿ, ತಳಿ ಬೀನ್ಸ್ (ವೋಲ್): ಕನಿಷ್ಠ ಬೆಲೆ ಎರಡು ಸಾವಿರ ರೂಪಾಯಿ, ಗರಿಷ್ಠ ಬೆಲೆ ಆರು ಸಾವಿರ ರೂಪಾಯಿ. ಕ್ಯಾರೆಟ್: ಕನಿಷ್ಠ ಬೆಲೆ ನಾಲ್ಕು ಸಾವಿರ ರೂಪಾಯಿ, ಗರಿಷ್ಠ ಬೆಲೆ ನಾಲ್ಕು ಸಾವಿರ ಐದು ನೂರು ರೂಪಾಯಿ. ಈರುಳ್ಳಿ: ಕನಿಷ್ಠ ಬೆಲೆ ಮೂರು ಸಾವಿರ ಎರಡು ನೂರು ರೂಪಾಯಿ, ಗರಿಷ್ಠ ಬೆಲೆ ನಾಲ್ಕು ಸಾವಿರ ಎರಡು ನೂರು ರೂಪಾಯಿ. ಸೌತೆಕಾಯಿ: ಕನಿಷ್ಠ ಬೆಲೆ ಒಂದು ಸಾವಿರ ಆರು ನೂರು ರೂಪಾಯಿ, ಗರಿಷ್ಠ ಬೆಲೆ ಎರಡು ಸಾವಿರ ಆರು ನೂರು ರೂಪಾಯಿ. ಬದನೆಕಾಯಿ: ಕನಿಷ್ಠ ಬೆಲೆ ಒಂದು ಸಾವಿರ ರೂಪಾಯಿ, ಗರಿಷ್ಠ ಬೆಲೆ ಒಂದು ಸಾವಿರ ಎರಡು ನೂರು ರೂಪಾಯಿ. ಆಲೂಗಡ್ಡೆ: ಕನಿಷ್ಠ ಬೆಲೆ ಒಂದು ಸಾವಿರ ಏಳು ನೂರು ರೂಪಾಯಿ, ಗರಿಷ್ಠ ಬೆಲೆ ಎರಡು ಸಾವಿರ ಎರಡು ನೂರು ರೂಪಾಯಿ. ಹೀರೇಕಾಯಿ, ತಳಿ ಹೀರೆಕಾಯಿ: ಕನಿಷ್ಠ ಬೆಲೆ ಎರಡು ಸಾವಿರ ನಾಲ್ಕು ನೂರು ರೂಪಾಯಿ, ಗರಿಷ್ಠ ಬೆಲೆ ಎರಡು ಸಾವಿರ ಆರು ನೂರು ರೂಪಾಯಿ. ಬೀಟ್ರೂಟ್, ತಳಿ ಬೀಟ್ ರೂಟ್: ಕನಿಷ್ಠ ಬೆಲೆ ಎರಡು ಸಾವಿರ ರೂಪಾಯಿ, ಗರಿಷ್ಠ ಬೆಲೆ ಎರಡು ಸಾವಿರ ಆರು ನೂರು ರೂಪಾಯಿ. ಎಲೆಕೋಸು: ಕನಿಷ್ಠ ಬೆಲೆ ಎಂಟು ನೂರು ರೂಪಾಯಿ, ಗರಿಷ್ಠ ಬೆಲೆ ಒಂದು ಸಾವಿರ ರೂಪಾಯಿ. ದಿನನಿತ್ಯದ ನಿಖರ ಮಾಹಿತಿಗಾಗಿ ನಮ್ಮ ಇನ್ಸ್ಟಾಗ್ರಾಮ್ ಮತ್ತು ಯೂಟ್ಯೂಬ್ ಚಾನೆಲ್‌ಗೆ ಸಬ್‌ಸ್ಕ್ರೈಬ್ ಆಗಿ. ಧನ್ಯವಾದಗಳು!
[2026-08-14T14:47:18Z INFO  raitha_darpana::ui] [job 4b515e7c-71df-4885-8641-67bbadf9a5fa] Generating voiceover for ಶಿವಮೊಗ್ಗ...
[2026-08-14T14:47:41Z INFO  raitha_darpana::voiceover] 🎧 Found background music at assets\bg_music.mp3. Mixing at 6% volume.
[2026-08-14T14:47:42Z INFO  raitha_darpana::ui] [job 4b515e7c-71df-4885-8641-67bbadf9a5fa] Generating Instagram video for ಶಿವಮೊಗ್ಗ...
[2026-08-14T14:47:42Z INFO  headless_chrome::browser::tab] Navigating a tab to file:///D:/Projects/uiraitah_darpana/raitha_darpana/rd_media/20260814/%E0%B2%B6%E0%B2%BF%E0%B2%B5%E0%B2%AE%E0%B3%8A%E0%B2%97%E0%B3%8D%E0%B2%97/frames/ig-kan/frame_00.html
[2026-08-14T14:47:44Z INFO  headless_chrome::browser::tab] Navigating a tab to file:///D:/Projects/uiraitah_darpana/raitha_darpana/rd_media/20260814/%E0%B2%B6%E0%B2%BF%E0%B2%B5%E0%B2%AE%E0%B3%8A%E0%B2%97%E0%B3%8D%E0%B2%97/frames/ig-kan/frame_01.html
[2026-08-14T14:47:45Z INFO  headless_chrome::browser::tab] Navigating a tab to file:///D:/Projects/uiraitah_darpana/raitha_darpana/rd_media/20260814/%E0%B2%B6%E0%B2%BF%E0%B2%B5%E0%B2%AE%E0%B3%8A%E0%B2%97%E0%B3%8D%E0%B2%97/frames/ig-kan/frame_02.html
[2026-08-14T14:47:47Z INFO  headless_chrome::browser::tab] Navigating a tab to file:///D:/Projects/uiraitah_darpana/raitha_darpana/rd_media/20260814/%E0%B2%B6%E0%B2%BF%E0%B2%B5%E0%B2%AE%E0%B3%8A%E0%B2%97%E0%B3%8D%E0%B2%97/frames/ig-kan/frame_03.html
[2026-08-14T14:47:49Z INFO  headless_chrome::browser::tab] Navigating a tab to file:///D:/Projects/uiraitah_darpana/raitha_darpana/rd_media/20260814/%E0%B2%B6%E0%B2%BF%E0%B2%B5%E0%B2%AE%E0%B3%8A%E0%B2%97%E0%B3%8D%E0%B2%97/frames/ig-kan/frame_04.html
[2026-08-14T14:47:50Z INFO  headless_chrome::browser::tab] Navigating a tab to file:///D:/Projects/uiraitah_darpana/raitha_darpana/rd_media/20260814/%E0%B2%B6%E0%B2%BF%E0%B2%B5%E0%B2%AE%E0%B3%8A%E0%B2%97%E0%B3%8D%E0%B2%97/frames/ig-kan/frame_05.html
[2026-08-14T14:47:52Z INFO  headless_chrome::browser::tab] Navigating a tab to file:///D:/Projects/uiraitah_darpana/raitha_darpana/rd_media/20260814/%E0%B2%B6%E0%B2%BF%E0%B2%B5%E0%B2%AE%E0%B3%8A%E0%B2%97%E0%B3%8D%E0%B2%97/frames/ig-kan/frame_06.html
[2026-08-14T14:47:53Z INFO  headless_chrome::browser::tab] Navigating a tab to file:///D:/Projects/uiraitah_darpana/raitha_darpana/rd_media/20260814/%E0%B2%B6%E0%B2%BF%E0%B2%B5%E0%B2%AE%E0%B3%8A%E0%B2%97%E0%B3%8D%E0%B2%97/frames/ig-kan/frame_07.html
[2026-08-14T14:47:55Z INFO  headless_chrome::browser::tab] Navigating a tab to file:///D:/Projects/uiraitah_darpana/raitha_darpana/rd_media/20260814/%E0%B2%B6%E0%B2%BF%E0%B2%B5%E0%B2%AE%E0%B3%8A%E0%B2%97%E0%B3%8D%E0%B2%97/frames/ig-kan/frame_08.html
[2026-08-14T14:47:56Z INFO  headless_chrome::browser::tab] Navigating a tab to file:///D:/Projects/uiraitah_darpana/raitha_darpana/rd_media/20260814/%E0%B2%B6%E0%B2%BF%E0%B2%B5%E0%B2%AE%E0%B3%8A%E0%B2%97%E0%B3%8D%E0%B2%97/frames/ig-kan/frame_09.html
[2026-08-14T14:47:58Z INFO  headless_chrome::browser::tab] Navigating a tab to file:///D:/Projects/uiraitah_darpana/raitha_darpana/rd_media/20260814/%E0%B2%B6%E0%B2%BF%E0%B2%B5%E0%B2%AE%E0%B3%8A%E0%B2%97%E0%B3%8D%E0%B2%97/frames/ig-kan/frame_10.html
[2026-08-14T14:47:59Z WARN  raitha_darpana::render] Animated Instagram video failed for 'ಶಿವಮೊಗ್ಗ', falling back to a static-image video: ffmpeg animated video generation failed: ffmpeg version 9.0-full_build-www.gyan.dev Copyright (c) 2000-2026 the FFmpeg developers
      built with gcc 16.1.0 (Rev2, Built by MSYS2 project)
      configuration: --enable-gpl --enable-version3 --enable-static --disable-w32threads --disable-autodetect --enable-cairo --enable-fontconfig --enable-iconv --enable-gnutls --enable-lcms2 --enable-libxml2 --enable-gmp --enable-bzlib --enable-lzma --enable-libsnappy --enable-zlib --enable-librist --enable-libsrt --enable-libssh --enable-libzmq --enable-avisynth --enable-libbluray --enable-libcaca --enable-libdvdnav --enable-libdvdread --enable-sdl2 --enable-libaribb24 --enable-libaribcaption --enable-libdav1d --enable-libdavs2 --enable-libopenjpeg --enable-libquirc --enable-libuavs3d --enable-libxevd --enable-libzvbi --enable-liboapv --enable-libqrencode --enable-librav1e --enable-libsvtav1 --enable-libvvenc --enable-libwebp --enable-libx264 --enable-libx265 --enable-libxavs2 --enable-libxeve --enable-libxvid --enable-libaom --enable-libjxl --enable-libsvtjpegxs --enable-libvpx --enable-mediafoundation --enable-libass --enable-frei0r --enable-libfreetype --enable-libfribidi --enable-libharfbuzz --enable-liblensfun --enable-libvidstab --enable-libvmaf --enable-libzimg --enable-amf --enable-cuda-llvm --enable-cuvid --enable-dxva2 --enable-d3d11va --enable-d3d12va --enable-ffnvcodec --enable-libvpl --enable-nvdec --enable-nvenc --enable-vaapi --enable-vulkan --enable-libplacebo --enable-opencl --enable-libcdio --enable-openal --enable-libgme --enable-libmodplug --enable-libopenmpt --enable-libopencore-amrwb --enable-libmp3lame --enable-libshine --enable-libtheora --enable-libtwolame --enable-libvo-amrwbenc --enable-libcodec2 --enable-libilbc --enable-libgsm --enable-liblc3 --enable-libopencore-amrnb --enable-libopus --enable-libspeex --enable-libvorbis --enable-ladspa --enable-libbs2b --enable-libflite --enable-libmysofa --enable-librubberband --enable-libsoxr --enable-chromaprint --enable-whisper
      libavutil      61.  1.100 / 61.  1.100
      libavcodec     63.  1.100 / 63.  1.100
      libavformat    63.  1.100 / 63.  1.100
      libavdevice    63.  1.100 / 63.  1.100
      libavfilter    12.  1.100 / 12.  1.100
      libswscale     10.  1.100 / 10.  1.100
      libswresample   7.  1.100 /  7.  1.100
    [in#0 @ 000001a3af86e7c0] Impossible to open 'rd_media\20260814\ಶಿವಮೊಗ್ಗ\rd_media/20260814/ಶಿವಮೊಗ್ಗ/frames/ig-kan/frame_00.png'
    [in#0 @ 000001a3af86c4c0] Error opening input: No such file or directory
    Error opening input file rd_media\20260814\ಶಿವಮೊಗ್ಗ\ಶಿವಮೊಗ್ಗ-20260814-ig-kan.frames.txt.
    Error opening input files: No such file or directory
    
[2026-08-14T14:49:01Z INFO  raitha_darpana::ui] [job 4b515e7c-71df-4885-8641-67bbadf9a5fa] Generating YouTube video for ಶಿವಮೊಗ್ಗ...
[2026-08-14T14:49:01Z INFO  headless_chrome::browser::tab] Navigating a tab to file:///D:/Projects/uiraitah_darpana/raitha_darpana/rd_media/20260814/%E0%B2%B6%E0%B2%BF%E0%B2%B5%E0%B2%AE%E0%B3%8A%E0%B2%97%E0%B3%8D%E0%B2%97/frames/yt-kan/frame_00.html
[2026-08-14T14:49:03Z INFO  headless_chrome::browser::tab] Navigating a tab to file:///D:/Projects/uiraitah_darpana/raitha_darpana/rd_media/20260814/%E0%B2%B6%E0%B2%BF%E0%B2%B5%E0%B2%AE%E0%B3%8A%E0%B2%97%E0%B3%8D%E0%B2%97/frames/yt-kan/frame_01.html
[2026-08-14T14:49:04Z INFO  headless_chrome::browser::tab] Navigating a tab to file:///D:/Projects/uiraitah_darpana/raitha_darpana/rd_media/20260814/%E0%B2%B6%E0%B2%BF%E0%B2%B5%E0%B2%AE%E0%B3%8A%E0%B2%97%E0%B3%8D%E0%B2%97/frames/yt-kan/frame_02.html
[2026-08-14T14:49:05Z INFO  headless_chrome::browser::tab] Navigating a tab to file:///D:/Projects/uiraitah_darpana/raitha_darpana/rd_media/20260814/%E0%B2%B6%E0%B2%BF%E0%B2%B5%E0%B2%AE%E0%B3%8A%E0%B2%97%E0%B3%8D%E0%B2%97/frames/yt-kan/frame_03.html
[2026-08-14T14:49:07Z INFO  headless_chrome::browser::tab] Navigating a tab to file:///D:/Projects/uiraitah_darpana/raitha_darpana/rd_media/20260814/%E0%B2%B6%E0%B2%BF%E0%B2%B5%E0%B2%AE%E0%B3%8A%E0%B2%97%E0%B3%8D%E0%B2%97/frames/yt-kan/frame_04.html
[2026-08-14T14:49:08Z INFO  headless_chrome::browser::tab] Navigating a tab to file:///D:/Projects/uiraitah_darpana/raitha_darpana/rd_media/20260814/%E0%B2%B6%E0%B2%BF%E0%B2%B5%E0%B2%AE%E0%B3%8A%E0%B2%97%E0%B3%8D%E0%B2%97/frames/yt-kan/frame_05.html
[2026-08-14T14:49:09Z INFO  headless_chrome::browser::tab] Navigating a tab to file:///D:/Projects/uiraitah_darpana/raitha_darpana/rd_media/20260814/%E0%B2%B6%E0%B2%BF%E0%B2%B5%E0%B2%AE%E0%B3%8A%E0%B2%97%E0%B3%8D%E0%B2%97/frames/yt-kan/frame_06.html
[2026-08-14T14:49:11Z INFO  headless_chrome::browser::tab] Navigating a tab to file:///D:/Projects/uiraitah_darpana/raitha_darpana/rd_media/20260814/%E0%B2%B6%E0%B2%BF%E0%B2%B5%E0%B2%AE%E0%B3%8A%E0%B2%97%E0%B3%8D%E0%B2%97/frames/yt-kan/frame_07.html
[2026-08-14T14:49:12Z INFO  headless_chrome::browser::tab] Navigating a tab to file:///D:/Projects/uiraitah_darpana/raitha_darpana/rd_media/20260814/%E0%B2%B6%E0%B2%BF%E0%B2%B5%E0%B2%AE%E0%B3%8A%E0%B2%97%E0%B3%8D%E0%B2%97/frames/yt-kan/frame_08.html
[2026-08-14T14:49:14Z INFO  headless_chrome::browser::tab] Navigating a tab to file:///D:/Projects/uiraitah_darpana/raitha_darpana/rd_media/20260814/%E0%B2%B6%E0%B2%BF%E0%B2%B5%E0%B2%AE%E0%B3%8A%E0%B2%97%E0%B3%8D%E0%B2%97/frames/yt-kan/frame_09.html
[2026-08-14T14:49:15Z INFO  headless_chrome::browser::tab] Navigating a tab to file:///D:/Projects/uiraitah_darpana/raitha_darpana/rd_media/20260814/%E0%B2%B6%E0%B2%BF%E0%B2%B5%E0%B2%AE%E0%B3%8A%E0%B2%97%E0%B3%8D%E0%B2%97/frames/yt-kan/frame_10.html
[2026-08-14T14:49:16Z WARN  raitha_darpana::render] Animated YouTube video failed for 'ಶಿವಮೊಗ್ಗ', falling back to a static-image video: ffmpeg animated video generation failed: ffmpeg version 9.0-full_build-www.gyan.dev Copyright (c) 2000-2026 the FFmpeg developers
      built with gcc 16.1.0 (Rev2, Built by MSYS2 project)
      configuration: --enable-gpl --enable-version3 --enable-static --disable-w32threads --disable-autodetect --enable-cairo --enable-fontconfig --enable-iconv --enable-gnutls --enable-lcms2 --enable-libxml2 --enable-gmp --enable-bzlib --enable-lzma --enable-libsnappy --enable-zlib --enable-librist --enable-libsrt --enable-libssh --enable-libzmq --enable-avisynth --enable-libbluray --enable-libcaca --enable-libdvdnav --enable-libdvdread --enable-sdl2 --enable-libaribb24 --enable-libaribcaption --enable-libdav1d --enable-libdavs2 --enable-libopenjpeg --enable-libquirc --enable-libuavs3d --enable-libxevd --enable-libzvbi --enable-liboapv --enable-libqrencode --enable-librav1e --enable-libsvtav1 --enable-libvvenc --enable-libwebp --enable-libx264 --enable-libx265 --enable-libxavs2 --enable-libxeve --enable-libxvid --enable-libaom --enable-libjxl --enable-libsvtjpegxs --enable-libvpx --enable-mediafoundation --enable-libass --enable-frei0r --enable-libfreetype --enable-libfribidi --enable-libharfbuzz --enable-liblensfun --enable-libvidstab --enable-libvmaf --enable-libzimg --enable-amf --enable-cuda-llvm --enable-cuvid --enable-dxva2 --enable-d3d11va --enable-d3d12va --enable-ffnvcodec --enable-libvpl --enable-nvdec --enable-nvenc --enable-vaapi --enable-vulkan --enable-libplacebo --enable-opencl --enable-libcdio --enable-openal --enable-libgme --enable-libmodplug --enable-libopenmpt --enable-libopencore-amrwb --enable-libmp3lame --enable-libshine --enable-libtheora --enable-libtwolame --enable-libvo-amrwbenc --enable-libcodec2 --enable-libilbc --enable-libgsm --enable-liblc3 --enable-libopencore-amrnb --enable-libopus --enable-libspeex --enable-libvorbis --enable-ladspa --enable-libbs2b --enable-libflite --enable-libmysofa --enable-librubberband --enable-libsoxr --enable-chromaprint --enable-whisper
      libavutil      61.  1.100 / 61.  1.100
      libavcodec     63.  1.100 / 63.  1.100
      libavformat    63.  1.100 / 63.  1.100
      libavdevice    63.  1.100 / 63.  1.100
      libavfilter    12.  1.100 / 12.  1.100
      libswscale     10.  1.100 / 10.  1.100
      libswresample   7.  1.100 /  7.  1.100
    [in#0 @ 00000190f847be40] Impossible to open 'rd_media\20260814\ಶಿವಮೊಗ್ಗ\rd_media/20260814/ಶಿವಮೊಗ್ಗ/frames/yt-kan/frame_00.png'
    [in#0 @ 00000190f83d2100] Error opening input: No such file or directory
    Error opening input file rd_media\20260814\ಶಿವಮೊಗ್ಗ\ಶಿವಮೊಗ್ಗ-20260814-yt-kan.frames.txt.
    Error opening input files: No such file or directory
    
[2026-08-14T14:50:17Z INFO  raitha_darpana::render] Rendering images for city '63]  ಮಾರುಕಟ್ಟೆ: ಹುಬ್ಬಳ್ಳಿ' -> 'ಹುಬ್ಬಳ್ಳಿ'
[2026-08-14T14:50:17Z INFO  raitha_darpana::ui] [job 4b515e7c-71df-4885-8641-67bbadf9a5fa] Rendering ಹುಬ್ಬಳ್ಳಿ (Instagram)...
[2026-08-14T14:50:17Z INFO  raitha_darpana::render] Navigating to file:///D:/Projects/uiraitah_darpana/raitha_darpana/rd_media/20260814/%E0%B2%B9%E0%B3%81%E0%B2%AC%E0%B3%8D%E0%B2%AC%E0%B2%B3%E0%B3%8D%E0%B2%B3%E0%B2%BF/%E0%B2%B9%E0%B3%81%E0%B2%AC%E0%B3%8D%E0%B2%AC%E0%B2%B3%E0%B3%8D%E0%B2%B3%E0%B2%BF-20260814-ig-kan.html (city: ಹುಬ್ಬಳ್ಳಿ)
[2026-08-14T14:50:17Z INFO  headless_chrome::browser::tab] Navigating a tab to file:///D:/Projects/uiraitah_darpana/raitha_darpana/rd_media/20260814/%E0%B2%B9%E0%B3%81%E0%B2%AC%E0%B3%8D%E0%B2%AC%E0%B2%B3%E0%B3%8D%E0%B2%B3%E0%B2%BF/%E0%B2%B9%E0%B3%81%E0%B2%AC%E0%B3%8D%E0%B2%AC%E0%B2%B3%E0%B3%8D%E0%B2%B3%E0%B2%BF-20260814-ig-kan.html
[2026-08-14T14:50:18Z INFO  raitha_darpana::ui] [job 4b515e7c-71df-4885-8641-67bbadf9a5fa] Rendering ಹುಬ್ಬಳ್ಳಿ (YouTube)...
[2026-08-14T14:50:18Z INFO  raitha_darpana::render] Navigating to file:///D:/Projects/uiraitah_darpana/raitha_darpana/rd_media/20260814/%E0%B2%B9%E0%B3%81%E0%B2%AC%E0%B3%8D%E0%B2%AC%E0%B2%B3%E0%B3%8D%E0%B2%B3%E0%B2%BF/%E0%B2%B9%E0%B3%81%E0%B2%AC%E0%B3%8D%E0%B2%AC%E0%B2%B3%E0%B3%8D%E0%B2%B3%E0%B2%BF-20260814-yt-kan.html (city: ಹುಬ್ಬಳ್ಳಿ)
[2026-08-14T14:50:18Z INFO  headless_chrome::browser::tab] Navigating a tab to file:///D:/Projects/uiraitah_darpana/raitha_darpana/rd_media/20260814/%E0%B2%B9%E0%B3%81%E0%B2%AC%E0%B3%8D%E0%B2%AC%E0%B2%B3%E0%B3%8D%E0%B2%B3%E0%B2%BF/%E0%B2%B9%E0%B3%81%E0%B2%AC%E0%B3%8D%E0%B2%AC%E0%B2%B3%E0%B3%8D%E0%B2%B3%E0%B2%BF-20260814-yt-kan.html
[2026-08-14T14:50:20Z INFO  raitha_darpana::voiceover] ನಮಸ್ಕಾರ ವೀಕ್ಷಕರೇ, ರೈತ ದರ್ಪಣ ಮಾರುಕಟ್ಟೆ ಬೆಲೆಗಳ ಮಾಹಿತಿ ಚಾನೆಲ್‌ಗೆ ಸುಸ್ವಾಗತ. ಇಂದಿನ ಹುಬ್ಬಳ್ಳಿ ಮಾರುಕಟ್ಟೆಯ ತರಕಾರಿ ಬೆಲೆಗಳ ಮಾಹಿತಿ ಇಲ್ಲಿದೆ. ವರದಿ ದಿನಾಂಕ: 14/08/2026. ಆಲೂಗಡ್ಡೆ: ಕನಿಷ್ಠ ಬೆಲೆ ಒಂದು ಸಾವಿರ ಆರು ನೂರು ರೂಪಾಯಿ, ಗರಿಷ್ಠ ಬೆಲೆ ಒಂದು ಸಾವಿರ ಒಂಬತ್ತು ನೂರು ರೂಪಾಯಿ. ಈರುಳ್ಳಿ, ತಳಿ ಪೂನ: ಕನಿಷ್ಠ ಬೆಲೆ ಒಂದು ಸಾವಿರ ಐದು ನೂರು ರೂಪಾಯಿ, ಗರಿಷ್ಠ ಬೆಲೆ ಮೂರು ಸಾವಿರ ಒಂದು ನೂರು ರೂಪಾಯಿ. ಹೆಸರುಕಾಳು: ಕನಿಷ್ಠ ಬೆಲೆ ಒಂದು ಸಾವಿರ ಏಳು ನೂರು ಒಂಬತ್ತು ರೂಪಾಯಿ, ಗರಿಷ್ಠ ಬೆಲೆ ಒಂಬತ್ತು ಸಾವಿರ ಮೂರು ನೂರು ಇಪ್ಪತ್ತು ಒಂಬತ್ತು ರೂಪಾಯಿ. ಕಡಲೆಕಾಳು, ತಳಿ ಜವರಿ / ಸ್ಥಳಿಯ: ಕನಿಷ್ಠ ಬೆಲೆ ನಾಲ್ಕು ಸಾವಿರ ಎರಡು ನೂರು ಎಂಭತ್ತು ಒಂಬತ್ತು ರೂಪಾಯಿ, ಗರಿಷ್ಠ ಬೆಲೆ ಆರು ಸಾವಿರ ಮೂರು ನೂರು ಅರವತ್ತು ಆರು ರೂಪಾಯಿ. ಉದ್ದಿನಕಾಳು, ತಳಿ ಉದ್ದಿನ ಕಾಳು: ಕನಿಷ್ಠ ಬೆಲೆ ಮೂರು ಸಾವಿರ ಇಪ್ಪತ್ತು ಮೂರು ರೂಪಾಯಿ, ಗರಿಷ್ಠ ಬೆಲೆ ಎಂಟು ಸಾವಿರ ಐವತ್ತು ಒಂಬತ್ತು ರೂಪಾಯಿ. ಗೋಧಿ, ತಳಿ ಜವರಿ: ಕನಿಷ್ಠ ಬೆಲೆ ಎರಡು ಸಾವಿರ ನಾಲ್ಕು ನೂರು ಮಪ್ಪತ್ತು ಐದು ರೂಪಾಯಿ, ಗರಿಷ್ಠ ಬೆಲೆ ಎರಡು ಸಾವಿರ ಏಳು ನೂರು ಇಪ್ಪತ್ತು ಏಳು ರೂಪಾಯಿ. ಸೋಯಾಬಿನ್: ಕನಿಷ್ಠ ಬೆಲೆ ಆರು ಸಾವಿರ ಎರಡು ನೂರು ಹನ್ನೊಂದು ರೂಪಾಯಿ, ಗರಿಷ್ಠ ಬೆಲೆ ಆರು ಸಾವಿರ ಎರಡು ನೂರು ಹನ್ನೊಂದು ರೂಪಾಯಿ. ಜೋಳ, ತಳಿ ಜೋಳ ಬಿಳಿ: ಕನಿಷ್ಠ ಬೆಲೆ ಎರಡು ಸಾವಿರ ನಲವತ್ತು ಆರು ರೂಪಾಯಿ, ಗರಿಷ್ಠ ಬೆಲೆ ಮೂರು ಸಾವಿರ ಐದು ನೂರು ನಲವತ್ತು ಐದು ರೂಪಾಯಿ. ಕುಸುಬೆ, ತಳಿ ಸಾಫ್ ಫ್ಲವರ್: ಕನಿಷ್ಠ ಬೆಲೆ ನಾಲ್ಕು ಸಾವಿರ ಒಂಬತ್ತು ನೂರು ಹನ್ನೆರಡು ರೂಪಾಯಿ, ಗರಿಷ್ಠ ಬೆಲೆ ನಾಲ್ಕು ಸಾವಿರ ಒಂಬತ್ತು ನೂರು ಹನ್ನೆರಡು ರೂಪಾಯಿ. ನೆಲಗಡಲೆ (ಶೇಂಗಾ), ತಳಿ ಶೇಂಗಾ ಗೆಜ್ಜೆ: ಕನಿಷ್ಠ ಬೆಲೆ ಐದು ಸಾವಿರ ಏಳು ನೂರು ಇಪ್ಪತ್ತು ಒಂಬತ್ತು ರೂಪಾಯಿ, ಗರಿಷ್ಠ ಬೆಲೆ ಐದು ಸಾವಿರ ಏಳು ನೂರು ಇಪ್ಪತ್ತು ಒಂಬತ್ತು ರೂಪಾಯಿ. ದಿನನಿತ್ಯದ ನಿಖರ ಮಾಹಿತಿಗಾಗಿ ನಮ್ಮ ಇನ್ಸ್ಟಾಗ್ರಾಮ್ ಮತ್ತು ಯೂಟ್ಯೂಬ್ ಚಾನೆಲ್‌ಗೆ ಸಬ್‌ಸ್ಕ್ರೈಬ್ ಆಗಿ. ಧನ್ಯವಾದಗಳು!
[2026-08-14T14:50:20Z INFO  raitha_darpana::ui] [job 4b515e7c-71df-4885-8641-67bbadf9a5fa] Generating voiceover for ಹುಬ್ಬಳ್ಳಿ...
[2026-08-14T14:50:26Z INFO  raitha_darpana::voiceover] 🎧 Found background music at assets\bg_music.mp3. Mixing at 6% volume.
[2026-08-14T14:50:27Z INFO  raitha_darpana::ui] [job 4b515e7c-71df-4885-8641-67bbadf9a5fa] Generating Instagram video for ಹುಬ್ಬಳ್ಳಿ...
[2026-08-14T14:50:27Z INFO  headless_chrome::browser::tab] Navigating a tab to file:///D:/Projects/uiraitah_darpana/raitha_darpana/rd_media/20260814/%E0%B2%B9%E0%B3%81%E0%B2%AC%E0%B3%8D%E0%B2%AC%E0%B2%B3%E0%B3%8D%E0%B2%B3%E0%B2%BF/frames/ig-kan/frame_00.html
[2026-08-14T14:50:28Z INFO  headless_chrome::browser::tab] Navigating a tab to file:///D:/Projects/uiraitah_darpana/raitha_darpana/rd_media/20260814/%E0%B2%B9%E0%B3%81%E0%B2%AC%E0%B3%8D%E0%B2%AC%E0%B2%B3%E0%B3%8D%E0%B2%B3%E0%B2%BF/frames/ig-kan/frame_01.html
[2026-08-14T14:50:30Z INFO  headless_chrome::browser::tab] Navigating a tab to file:///D:/Projects/uiraitah_darpana/raitha_darpana/rd_media/20260814/%E0%B2%B9%E0%B3%81%E0%B2%AC%E0%B3%8D%E0%B2%AC%E0%B2%B3%E0%B3%8D%E0%B2%B3%E0%B2%BF/frames/ig-kan/frame_02.html
[2026-08-14T14:50:31Z INFO  headless_chrome::browser::tab] Navigating a tab to file:///D:/Projects/uiraitah_darpana/raitha_darpana/rd_media/20260814/%E0%B2%B9%E0%B3%81%E0%B2%AC%E0%B3%8D%E0%B2%AC%E0%B2%B3%E0%B3%8D%E0%B2%B3%E0%B2%BF/frames/ig-kan/frame_03.html
[2026-08-14T14:50:33Z INFO  headless_chrome::browser::tab] Navigating a tab to file:///D:/Projects/uiraitah_darpana/raitha_darpana/rd_media/20260814/%E0%B2%B9%E0%B3%81%E0%B2%AC%E0%B3%8D%E0%B2%AC%E0%B2%B3%E0%B3%8D%E0%B2%B3%E0%B2%BF/frames/ig-kan/frame_04.html
[2026-08-14T14:50:34Z INFO  headless_chrome::browser::tab] Navigating a tab to file:///D:/Projects/uiraitah_darpana/raitha_darpana/rd_media/20260814/%E0%B2%B9%E0%B3%81%E0%B2%AC%E0%B3%8D%E0%B2%AC%E0%B2%B3%E0%B3%8D%E0%B2%B3%E0%B2%BF/frames/ig-kan/frame_05.html
[2026-08-14T14:50:35Z INFO  headless_chrome::browser::tab] Navigating a tab to file:///D:/Projects/uiraitah_darpana/raitha_darpana/rd_media/20260814/%E0%B2%B9%E0%B3%81%E0%B2%AC%E0%B3%8D%E0%B2%AC%E0%B2%B3%E0%B3%8D%E0%B2%B3%E0%B2%BF/frames/ig-kan/frame_06.html
[2026-08-14T14:50:37Z INFO  headless_chrome::browser::tab] Navigating a tab to file:///D:/Projects/uiraitah_darpana/raitha_darpana/rd_media/20260814/%E0%B2%B9%E0%B3%81%E0%B2%AC%E0%B3%8D%E0%B2%AC%E0%B2%B3%E0%B3%8D%E0%B2%B3%E0%B2%BF/frames/ig-kan/frame_07.html
[2026-08-14T14:50:39Z INFO  headless_chrome::browser::tab] Navigating a tab to file:///D:/Projects/uiraitah_darpana/raitha_darpana/rd_media/20260814/%E0%B2%B9%E0%B3%81%E0%B2%AC%E0%B3%8D%E0%B2%AC%E0%B2%B3%E0%B3%8D%E0%B2%B3%E0%B2%BF/frames/ig-kan/frame_08.html
[2026-08-14T14:50:40Z INFO  headless_chrome::browser::tab] Navigating a tab to file:///D:/Projects/uiraitah_darpana/raitha_darpana/rd_media/20260814/%E0%B2%B9%E0%B3%81%E0%B2%AC%E0%B3%8D%E0%B2%AC%E0%B2%B3%E0%B3%8D%E0%B2%B3%E0%B2%BF/frames/ig-kan/frame_09.html
[2026-08-14T14:50:42Z INFO  headless_chrome::browser::tab] Navigating a tab to file:///D:/Projects/uiraitah_darpana/raitha_darpana/rd_media/20260814/%E0%B2%B9%E0%B3%81%E0%B2%AC%E0%B3%8D%E0%B2%AC%E0%B2%B3%E0%B3%8D%E0%B2%B3%E0%B2%BF/frames/ig-kan/frame_10.html
[2026-08-14T14:50:43Z WARN  raitha_darpana::render] Animated Instagram video failed for 'ಹುಬ್ಬಳ್ಳಿ', falling back to a static-image video: ffmpeg animated video generation failed: ffmpeg version 9.0-full_build-www.gyan.dev Copyright (c) 2000-2026 the FFmpeg developers
      built with gcc 16.1.0 (Rev2, Built by MSYS2 project)
      configuration: --enable-gpl --enable-version3 --enable-static --disable-w32threads --disable-autodetect --enable-cairo --enable-fontconfig --enable-iconv --enable-gnutls --enable-lcms2 --enable-libxml2 --enable-gmp --enable-bzlib --enable-lzma --enable-libsnappy --enable-zlib --enable-librist --enable-libsrt --enable-libssh --enable-libzmq --enable-avisynth --enable-libbluray --enable-libcaca --enable-libdvdnav --enable-libdvdread --enable-sdl2 --enable-libaribb24 --enable-libaribcaption --enable-libdav1d --enable-libdavs2 --enable-libopenjpeg --enable-libquirc --enable-libuavs3d --enable-libxevd --enable-libzvbi --enable-liboapv --enable-libqrencode --enable-librav1e --enable-libsvtav1 --enable-libvvenc --enable-libwebp --enable-libx264 --enable-libx265 --enable-libxavs2 --enable-libxeve --enable-libxvid --enable-libaom --enable-libjxl --enable-libsvtjpegxs --enable-libvpx --enable-mediafoundation --enable-libass --enable-frei0r --enable-libfreetype --enable-libfribidi --enable-libharfbuzz --enable-liblensfun --enable-libvidstab --enable-libvmaf --enable-libzimg --enable-amf --enable-cuda-llvm --enable-cuvid --enable-dxva2 --enable-d3d11va --enable-d3d12va --enable-ffnvcodec --enable-libvpl --enable-nvdec --enable-nvenc --enable-vaapi --enable-vulkan --enable-libplacebo --enable-opencl --enable-libcdio --enable-openal --enable-libgme --enable-libmodplug --enable-libopenmpt --enable-libopencore-amrwb --enable-libmp3lame --enable-libshine --enable-libtheora --enable-libtwolame --enable-libvo-amrwbenc --enable-libcodec2 --enable-libilbc --enable-libgsm --enable-liblc3 --enable-libopencore-amrnb --enable-libopus --enable-libspeex --enable-libvorbis --enable-ladspa --enable-libbs2b --enable-libflite --enable-libmysofa --enable-librubberband --enable-libsoxr --enable-chromaprint --enable-whisper
      libavutil      61.  1.100 / 61.  1.100
      libavcodec     63.  1.100 / 63.  1.100
      libavformat    63.  1.100 / 63.  1.100
      libavdevice    63.  1.100 / 63.  1.100
      libavfilter    12.  1.100 / 12.  1.100
      libswscale     10.  1.100 / 10.  1.100
      libswresample   7.  1.100 /  7.  1.100
    [in#0 @ 0000025d475acf80] Impossible to open 'rd_media\20260814\ಹುಬ್ಬಳ್ಳಿ\rd_media/20260814/ಹುಬ್ಬಳ್ಳಿ/frames/ig-kan/frame_00.png'
    [in#0 @ 0000025d4759d300] Error opening input: No such file or directory
    Error opening input file rd_media\20260814\ಹುಬ್ಬಳ್ಳಿ\ಹುಬ್ಬಳ್ಳಿ-20260814-ig-kan.frames.txt.
    Error opening input files: No such file or directory
    
[2026-08-14T14:51:55Z INFO  raitha_darpana::ui] [job 4b515e7c-71df-4885-8641-67bbadf9a5fa] Generating YouTube video for ಹುಬ್ಬಳ್ಳಿ...
[2026-08-14T14:51:55Z INFO  headless_chrome::browser::tab] Navigating a tab to file:///D:/Projects/uiraitah_darpana/raitha_darpana/rd_media/20260814/%E0%B2%B9%E0%B3%81%E0%B2%AC%E0%B3%8D%E0%B2%AC%E0%B2%B3%E0%B3%8D%E0%B2%B3%E0%B2%BF/frames/yt-kan/frame_00.html
[2026-08-14T14:51:56Z INFO  headless_chrome::browser::tab] Navigating a tab to file:///D:/Projects/uiraitah_darpana/raitha_darpana/rd_media/20260814/%E0%B2%B9%E0%B3%81%E0%B2%AC%E0%B3%8D%E0%B2%AC%E0%B2%B3%E0%B3%8D%E0%B2%B3%E0%B2%BF/frames/yt-kan/frame_01.html
[2026-08-14T14:51:57Z INFO  headless_chrome::browser::tab] Navigating a tab to file:///D:/Projects/uiraitah_darpana/raitha_darpana/rd_media/20260814/%E0%B2%B9%E0%B3%81%E0%B2%AC%E0%B3%8D%E0%B2%AC%E0%B2%B3%E0%B3%8D%E0%B2%B3%E0%B2%BF/frames/yt-kan/frame_02.html
[2026-08-14T14:51:59Z INFO  headless_chrome::browser::tab] Navigating a tab to file:///D:/Projects/uiraitah_darpana/raitha_darpana/rd_media/20260814/%E0%B2%B9%E0%B3%81%E0%B2%AC%E0%B3%8D%E0%B2%AC%E0%B2%B3%E0%B3%8D%E0%B2%B3%E0%B2%BF/frames/yt-kan/frame_03.html
[2026-08-14T14:52:00Z INFO  headless_chrome::browser::tab] Navigating a tab to file:///D:/Projects/uiraitah_darpana/raitha_darpana/rd_media/20260814/%E0%B2%B9%E0%B3%81%E0%B2%AC%E0%B3%8D%E0%B2%AC%E0%B2%B3%E0%B3%8D%E0%B2%B3%E0%B2%BF/frames/yt-kan/frame_04.html
[2026-08-14T14:52:02Z INFO  headless_chrome::browser::tab] Navigating a tab to file:///D:/Projects/uiraitah_darpana/raitha_darpana/rd_media/20260814/%E0%B2%B9%E0%B3%81%E0%B2%AC%E0%B3%8D%E0%B2%AC%E0%B2%B3%E0%B3%8D%E0%B2%B3%E0%B2%BF/frames/yt-kan/frame_05.html
[2026-08-14T14:52:03Z INFO  headless_chrome::browser::tab] Navigating a tab to file:///D:/Projects/uiraitah_darpana/raitha_darpana/rd_media/20260814/%E0%B2%B9%E0%B3%81%E0%B2%AC%E0%B3%8D%E0%B2%AC%E0%B2%B3%E0%B3%8D%E0%B2%B3%E0%B2%BF/frames/yt-kan/frame_06.html
[2026-08-14T14:52:04Z INFO  headless_chrome::browser::tab] Navigating a tab to file:///D:/Projects/uiraitah_darpana/raitha_darpana/rd_media/20260814/%E0%B2%B9%E0%B3%81%E0%B2%AC%E0%B3%8D%E0%B2%AC%E0%B2%B3%E0%B3%8D%E0%B2%B3%E0%B2%BF/frames/yt-kan/frame_07.html
[2026-08-14T14:52:06Z INFO  headless_chrome::browser::tab] Navigating a tab to file:///D:/Projects/uiraitah_darpana/raitha_darpana/rd_media/20260814/%E0%B2%B9%E0%B3%81%E0%B2%AC%E0%B3%8D%E0%B2%AC%E0%B2%B3%E0%B3%8D%E0%B2%B3%E0%B2%BF/frames/yt-kan/frame_08.html
[2026-08-14T14:52:08Z INFO  headless_chrome::browser::tab] Navigating a tab to file:///D:/Projects/uiraitah_darpana/raitha_darpana/rd_media/20260814/%E0%B2%B9%E0%B3%81%E0%B2%AC%E0%B3%8D%E0%B2%AC%E0%B2%B3%E0%B3%8D%E0%B2%B3%E0%B2%BF/frames/yt-kan/frame_09.html
[2026-08-14T14:52:09Z INFO  headless_chrome::browser::tab] Navigating a tab to file:///D:/Projects/uiraitah_darpana/raitha_darpana/rd_media/20260814/%E0%B2%B9%E0%B3%81%E0%B2%AC%E0%B3%8D%E0%B2%AC%E0%B2%B3%E0%B3%8D%E0%B2%B3%E0%B2%BF/frames/yt-kan/frame_10.html
[2026-08-14T14:52:11Z WARN  raitha_darpana::render] Animated YouTube video failed for 'ಹುಬ್ಬಳ್ಳಿ', falling back to a static-image video: ffmpeg animated video generation failed: ffmpeg version 9.0-full_build-www.gyan.dev Copyright (c) 2000-2026 the FFmpeg developers
      built with gcc 16.1.0 (Rev2, Built by MSYS2 project)
      configuration: --enable-gpl --enable-version3 --enable-static --disable-w32threads --disable-autodetect --enable-cairo --enable-fontconfig --enable-iconv --enable-gnutls --enable-lcms2 --enable-libxml2 --enable-gmp --enable-bzlib --enable-lzma --enable-libsnappy --enable-zlib --enable-librist --enable-libsrt --enable-libssh --enable-libzmq --enable-avisynth --enable-libbluray --enable-libcaca --enable-libdvdnav --enable-libdvdread --enable-sdl2 --enable-libaribb24 --enable-libaribcaption --enable-libdav1d --enable-libdavs2 --enable-libopenjpeg --enable-libquirc --enable-libuavs3d --enable-libxevd --enable-libzvbi --enable-liboapv --enable-libqrencode --enable-librav1e --enable-libsvtav1 --enable-libvvenc --enable-libwebp --enable-libx264 --enable-libx265 --enable-libxavs2 --enable-libxeve --enable-libxvid --enable-libaom --enable-libjxl --enable-libsvtjpegxs --enable-libvpx --enable-mediafoundation --enable-libass --enable-frei0r --enable-libfreetype --enable-libfribidi --enable-libharfbuzz --enable-liblensfun --enable-libvidstab --enable-libvmaf --enable-libzimg --enable-amf --enable-cuda-llvm --enable-cuvid --enable-dxva2 --enable-d3d11va --enable-d3d12va --enable-ffnvcodec --enable-libvpl --enable-nvdec --enable-nvenc --enable-vaapi --enable-vulkan --enable-libplacebo --enable-opencl --enable-libcdio --enable-openal --enable-libgme --enable-libmodplug --enable-libopenmpt --enable-libopencore-amrwb --enable-libmp3lame --enable-libshine --enable-libtheora --enable-libtwolame --enable-libvo-amrwbenc --enable-libcodec2 --enable-libilbc --enable-libgsm --enable-liblc3 --enable-libopencore-amrnb --enable-libopus --enable-libspeex --enable-libvorbis --enable-ladspa --enable-libbs2b --enable-libflite --enable-libmysofa --enable-librubberband --enable-libsoxr --enable-chromaprint --enable-whisper
      libavutil      61.  1.100 / 61.  1.100
      libavcodec     63.  1.100 / 63.  1.100
      libavformat    63.  1.100 / 63.  1.100
      libavdevice    63.  1.100 / 63.  1.100
      libavfilter    12.  1.100 / 12.  1.100
      libswscale     10.  1.100 / 10.  1.100
      libswresample   7.  1.100 /  7.  1.100
    [in#0 @ 0000020963edfc40] Impossible to open 'rd_media\20260814\ಹುಬ್ಬಳ್ಳಿ\rd_media/20260814/ಹುಬ್ಬಳ್ಳಿ/frames/yt-kan/frame_00.png'
    [in#0 @ 0000020963ecff40] Error opening input: No such file or directory
    Error opening input file rd_media\20260814\ಹುಬ್ಬಳ್ಳಿ\ಹುಬ್ಬಳ್ಳಿ-20260814-yt-kan.frames.txt.
    Error opening input files: No such file or directory
    
[2026-08-14T14:53:15Z INFO  raitha_darpana::ui] [job 4b515e7c-71df-4885-8641-67bbadf9a5fa] Render complete.
[2026-08-14T14:53:15Z INFO  headless_chrome::browser] Dropping browser
[2026-08-14T14:53:15Z INFO  headless_chrome::browser::process] Killing Chrome. PID: 36744
[2026-08-14T14:53:15Z INFO  headless_chrome::browser::transport] Transport incoming message loop loop received shutdown message
[2026-08-14T14:53:15Z INFO  headless_chrome::browser] Browser event loop received shutdown message
[2026-08-14T14:53:15Z INFO  headless_chrome::browser::transport] Shutting down message handling loop
[2026-08-14T14:53:15Z INFO  headless_chrome::browser] Finished browser's event handling loop
[2026-08-14T14:53:15Z INFO  headless_chrome::browser::transport] cleared listeners, I think
[2026-08-14T14:53:15Z INFO  headless_chrome::browser::tab] finished tab's event handling loop
[2026-08-14T14:53:15Z INFO  headless_chrome::browser::tab] finished tab's event handling loop
[2026-08-14T14:53:15Z INFO  headless_chrome::browser::transport::web_socket_connection] Sending shutdown message to message handling loop
[2026-08-14T14:53:15Z WARN  headless_chrome::browser::transport::web_socket_connection] Couldn't send message to transport loop telling it to shut down
[2026-08-14T14:53:15Z INFO  headless_chrome::browser::transport] dropping transport
[2026-08-14T14:53:15Z INFO  headless_chrome::browser::transport::web_socket_connection] dropping websocket connection
[2026-08-14T14:54:49Z INFO  raitha_darpana::ui] [job 171691b7-b7b3-475a-8b04-3b50789f0e94] Fetching fresh data...
[2026-08-14T14:54:49Z INFO  headless_chrome::browser::process] Launching Chrome binary at C:\Program Files\Google\Chrome\Application\chrome.exe
[2026-08-14T14:54:49Z INFO  headless_chrome::browser::process] Started Chrome. PID: 39200
[2026-08-14T14:54:51Z INFO  headless_chrome::browser::tab] Navigating a tab to https://krama.karnataka.gov.in/Kannada/Main_rep
[2026-08-14T14:55:00Z INFO  raitha_darpana::scrape] Report Date: 14/08/2026
[2026-08-14T14:55:00Z INFO  raitha_darpana::scrape] Total Cities: 66
[2026-08-14T14:55:00Z INFO  raitha_darpana::scrape] City: 1]  ಮಾರುಕಟ್ಟೆ: ಅರಸೀಕೆರೆ - Commodities: 4
[2026-08-14T14:55:00Z INFO  raitha_darpana::scrape] City: 2]  ಮಾರುಕಟ್ಟೆ: ಕಡೂರು - Commodities: 6
[2026-08-14T14:55:00Z INFO  raitha_darpana::scrape] City: 3]  ಮಾರುಕಟ್ಟೆ: ಕಲಬುರಗಿ - Commodities: 23
[2026-08-14T14:55:00Z INFO  raitha_darpana::scrape] City: 4]  ಮಾರುಕಟ್ಟೆ: ಕುಂದಾಪುರ - Commodities: 1
[2026-08-14T14:55:00Z INFO  raitha_darpana::scrape] City: 5]  ಮಾರುಕಟ್ಟೆ: ಕುಡಚಿ - Commodities: 1
[2026-08-14T14:55:00Z INFO  raitha_darpana::scrape] City: 6]  ಮಾರುಕಟ್ಟೆ: ಕುಮುಟ - Commodities: 5
[2026-08-14T14:55:00Z INFO  raitha_darpana::scrape] City: 7]  ಮಾರುಕಟ್ಟೆ: ಕೊಟ್ಟೂರು - Commodities: 3
[2026-08-14T14:55:00Z INFO  raitha_darpana::scrape] City: 8]  ಮಾರುಕಟ್ಟೆ: ಗಂಗಾವತಿ - Commodities: 6
[2026-08-14T14:55:00Z INFO  raitha_darpana::scrape] City: 9]  ಮಾರುಕಟ್ಟೆ: ಗದಗ್ - Commodities: 12
[2026-08-14T14:55:00Z INFO  raitha_darpana::scrape] City: 10]  ಮಾರುಕಟ್ಟೆ: ಗುಂಡ್ಲುಪೇಟೆ - Commodities: 8
[2026-08-14T14:55:00Z INFO  raitha_darpana::scrape] City: 11]  ಮಾರುಕಟ್ಟೆ: ಗೋಣಿಕೊಪ್ಪಲ್ - Commodities: 1
[2026-08-14T14:55:00Z INFO  raitha_darpana::scrape] City: 12]  ಮಾರುಕಟ್ಟೆ: ಚಿಂತಾಮಣಿ - Commodities: 13
[2026-08-14T14:55:00Z INFO  raitha_darpana::scrape] City: 13]  ಮಾರುಕಟ್ಟೆ: ಚನ್ನಪಟ್ಟಣ - Commodities: 7
[2026-08-14T14:55:00Z INFO  raitha_darpana::scrape] City: 14]  ಮಾರುಕಟ್ಟೆ: ಚಾಮರಾಜನಗರ - Commodities: 16
[2026-08-14T14:55:00Z INFO  raitha_darpana::scrape] City: 15]  ಮಾರುಕಟ್ಟೆ: ತಾಳಿಕೋಟೆ - Commodities: 2
[2026-08-14T14:55:00Z INFO  raitha_darpana::scrape] City: 16]  ಮಾರುಕಟ್ಟೆ: ತೀರ್ಥಹಳ್ಳಿ - Commodities: 3
[2026-08-14T14:55:00Z INFO  raitha_darpana::scrape] City: 17]  ಮಾರುಕಟ್ಟೆ: ದಾವಣಗೆರೆ - Commodities: 45
[2026-08-14T14:55:00Z INFO  raitha_darpana::scrape] City: 18]  ಮಾರುಕಟ್ಟೆ: ದೊಡ್ಡಬಳ್ಳಾಪುರ - Commodities: 16
[2026-08-14T14:55:00Z INFO  raitha_darpana::scrape] City: 19]  ಮಾರುಕಟ್ಟೆ: ನಿಪ್ಪಾಣಿ - Commodities: 3
[2026-08-14T14:55:00Z INFO  raitha_darpana::scrape] City: 20]  ಮಾರುಕಟ್ಟೆ: ಪಾ೦ಡವಪುರ - Commodities: 1
[2026-08-14T14:55:00Z INFO  raitha_darpana::scrape] City: 21]  ಮಾರುಕಟ್ಟೆ: ಪುತ್ತೂರು - Commodities: 3
[2026-08-14T14:55:00Z INFO  raitha_darpana::scrape] City: 22]  ಮಾರುಕಟ್ಟೆ: ಬೆಂಗಳೂರು - Commodities: 40
[2026-08-14T14:55:00Z INFO  raitha_darpana::scrape] City: 23]  ಮಾರುಕಟ್ಟೆ: ಬಂಗಾರಪೇಟೆ - Commodities: 18
[2026-08-14T14:55:00Z INFO  raitha_darpana::scrape] City: 24]  ಮಾರುಕಟ್ಟೆ: ಬಂಟ್ವಾಳ - Commodities: 5
[2026-08-14T14:55:00Z INFO  raitha_darpana::scrape] City: 25]  ಮಾರುಕಟ್ಟೆ: ಬಿನ್ನಿಮಿಲ್ - Commodities: 47
[2026-08-14T14:55:00Z INFO  raitha_darpana::scrape] City: 26]  ಮಾರುಕಟ್ಟೆ: ಬ್ಯಾಡಗಿ - Commodities: 3
[2026-08-14T14:55:00Z INFO  raitha_darpana::scrape] City: 27]  ಮಾರುಕಟ್ಟೆ: ಬೆಳ್ತಂಗಡಿ - Commodities: 1
[2026-08-14T14:55:00Z INFO  raitha_darpana::scrape] City: 28]  ಮಾರುಕಟ್ಟೆ: ಬಳ್ಳಾರಿ - Commodities: 6
[2026-08-14T14:55:00Z INFO  raitha_darpana::scrape] City: 29]  ಮಾರುಕಟ್ಟೆ: ಬಸವಕಲ್ಯಾಣ - Commodities: 7
[2026-08-14T14:55:00Z INFO  raitha_darpana::scrape] City: 30]  ಮಾರುಕಟ್ಟೆ: ಬಾಗೆಪಲ್ಲಿ - Commodities: 1
[2026-08-14T14:55:00Z INFO  raitha_darpana::scrape] City: 31]  ಮಾರುಕಟ್ಟೆ: ಬಾಗಲಕೋಟೆ - Commodities: 3
[2026-08-14T14:55:00Z INFO  raitha_darpana::scrape] City: 32]  ಮಾರುಕಟ್ಟೆ: ಬೀದರ್ - Commodities: 9
[2026-08-14T14:55:00Z INFO  raitha_darpana::scrape] City: 33]  ಮಾರುಕಟ್ಟೆ: ಬೈಲಹೊಂಗಲ - Commodities: 2
[2026-08-14T14:55:00Z INFO  raitha_darpana::scrape] City: 34]  ಮಾರುಕಟ್ಟೆ: ಭದ್ರಾವತಿ - Commodities: 2
[2026-08-14T14:55:00Z INFO  raitha_darpana::scrape] City: 35]  ಮಾರುಕಟ್ಟೆ: ಮಂಗಳೂರು - Commodities: 1
[2026-08-14T14:55:00Z INFO  raitha_darpana::scrape] City: 36]  ಮಾರುಕಟ್ಟೆ: ಮಂಡ್ಯ - Commodities: 5
[2026-08-14T14:55:00Z INFO  raitha_darpana::scrape] City: 37]  ಮಾರುಕಟ್ಟೆ: ಮಸ್ಕಿ - Commodities: 2
[2026-08-14T14:55:00Z INFO  raitha_darpana::scrape] City: 38]  ಮಾರುಕಟ್ಟೆ: ಮಾನ್ವಿ - Commodities: 4
[2026-08-14T14:55:00Z INFO  raitha_darpana::scrape] City: 39]  ಮಾರುಕಟ್ಟೆ: ಮಾಲೂರು - Commodities: 3
[2026-08-14T14:55:00Z INFO  raitha_darpana::scrape] City: 40]  ಮಾರುಕಟ್ಟೆ: ಮುಂಡರಗಿ - Commodities: 3
[2026-08-14T14:55:00Z INFO  raitha_darpana::scrape] City: 41]  ಮಾರುಕಟ್ಟೆ: ಮುಳಬಾಗಿಲು - Commodities: 5
[2026-08-14T14:55:00Z INFO  raitha_darpana::scrape] City: 42]  ಮಾರುಕಟ್ಟೆ: ಮೂಡಿಗೆರೆ - Commodities: 1
[2026-08-14T14:55:00Z INFO  raitha_darpana::scrape] City: 43]  ಮಾರುಕಟ್ಟೆ: ಯಲ್ಲಾಪೂರ - Commodities: 8
[2026-08-14T14:55:00Z INFO  raitha_darpana::scrape] City: 44]  ಮಾರುಕಟ್ಟೆ: ರಾಣೆಬೆನ್ನೂರು - Commodities: 8
[2026-08-14T14:55:00Z INFO  raitha_darpana::scrape] City: 45]  ಮಾರುಕಟ್ಟೆ: ರಾಮದುರ್ಗ - Commodities: 2
[2026-08-14T14:55:00Z INFO  raitha_darpana::scrape] City: 46]  ಮಾರುಕಟ್ಟೆ: ರಾಮನಗರ - Commodities: 22
[2026-08-14T14:55:00Z INFO  raitha_darpana::scrape] City: 47]  ಮಾರುಕಟ್ಟೆ: ರಾಯಚೂರು - Commodities: 3
[2026-08-14T14:55:00Z INFO  raitha_darpana::scrape] City: 48]  ಮಾರುಕಟ್ಟೆ: ರೋಣ - Commodities: 3
[2026-08-14T14:55:00Z INFO  raitha_darpana::scrape] City: 49]  ಮಾರುಕಟ್ಟೆ: ಲಿಂಗಸುಗೂರು - Commodities: 4
[2026-08-14T14:55:00Z INFO  raitha_darpana::scrape] City: 50]  ಮಾರುಕಟ್ಟೆ: ಲಕ್ಷ್ಮೇಶ್ವರ - Commodities: 13
[2026-08-14T14:55:00Z INFO  raitha_darpana::scrape] City: 51]  ಮಾರುಕಟ್ಟೆ: ವಿಜಯಾಪುರ - Commodities: 9
[2026-08-14T14:55:00Z INFO  raitha_darpana::scrape] City: 52]  ಮಾರುಕಟ್ಟೆ: ಶಿಕಾರಿಪುರ - Commodities: 3
[2026-08-14T14:55:00Z INFO  raitha_darpana::scrape] City: 53]  ಮಾರುಕಟ್ಟೆ: ಶಿವಮೊಗ್ಗ - Commodities: 23
[2026-08-14T14:55:00Z INFO  raitha_darpana::scrape] City: 54]  ಮಾರುಕಟ್ಟೆ: ಸಿಂಧನೂರು - Commodities: 4
[2026-08-14T14:55:00Z INFO  raitha_darpana::scrape] City: 55]  ಮಾರುಕಟ್ಟೆ: ಸಿದ್ಧಾಪುರ - Commodities: 7
[2026-08-14T14:55:00Z INFO  raitha_darpana::scrape] City: 56]  ಮಾರುಕಟ್ಟೆ: ಸುಳ್ಯ - Commodities: 4
[2026-08-14T14:55:00Z INFO  raitha_darpana::scrape] City: 57]  ಮಾರುಕಟ್ಟೆ: ಹರಪನಹಳ್ಳಿ - Commodities: 1
[2026-08-14T14:55:00Z INFO  raitha_darpana::scrape] City: 58]  ಮಾರುಕಟ್ಟೆ: ಹಿರಿಯೂರು - Commodities: 2
[2026-08-14T14:55:00Z INFO  raitha_darpana::scrape] City: 59]  ಮಾರುಕಟ್ಟೆ: ಹರಿಹರ - Commodities: 3
[2026-08-14T14:55:00Z INFO  raitha_darpana::scrape] City: 60]  ಮಾರುಕಟ್ಟೆ: ಹಳಿಯಾಳ - Commodities: 2
[2026-08-14T14:55:00Z INFO  raitha_darpana::scrape] City: 61]  ಮಾರುಕಟ್ಟೆ: ಹಾನ್ ಗಲ್ - Commodities: 2
[2026-08-14T14:55:00Z INFO  raitha_darpana::scrape] City: 62]  ಮಾರುಕಟ್ಟೆ: ಹಾವೇರಿ - Commodities: 1
[2026-08-14T14:55:00Z INFO  raitha_darpana::scrape] City: 63]  ಮಾರುಕಟ್ಟೆ: ಹುಬ್ಬಳ್ಳಿ - Commodities: 10
[2026-08-14T14:55:00Z INFO  raitha_darpana::scrape] City: 64]  ಮಾರುಕಟ್ಟೆ: ಹೊನ್ನಾಳಿ - Commodities: 12
[2026-08-14T14:55:00Z INFO  raitha_darpana::scrape] City: 65]  ಮಾರುಕಟ್ಟೆ: ಹೊನ್ನಾವರ - Commodities: 2
[2026-08-14T14:55:00Z INFO  raitha_darpana::scrape] City: 66]  ಮಾರುಕಟ್ಟೆ: ಹೊಳ್ಳಕೆರೆ - Commodities: 3
[2026-08-14T14:55:00Z INFO  headless_chrome::browser] Dropping browser
[2026-08-14T14:55:00Z INFO  headless_chrome::browser] Browser event loop received shutdown message
[2026-08-14T14:55:00Z INFO  headless_chrome::browser] Finished browser's event handling loop
[2026-08-14T14:55:00Z WARN  headless_chrome::browser::transport] Couldn't send browser an event: "DetachedFromTarget(DetachedFromTargetEvent { params: DetachedFromTargetEventParams { session_id: \"ABEAC813E4389D23FA94E907FB0EF22A\", target_id: Some(\"CC82628E384B4273859B70E90E520688\") } })"
    SendError { .. }
[2026-08-14T14:55:00Z INFO  headless_chrome::browser::transport] Shutting down message handling loop
[2026-08-14T14:55:00Z INFO  headless_chrome::browser::transport] cleared listeners, I think
[2026-08-14T14:55:00Z INFO  headless_chrome::browser::tab] finished tab's event handling loop
[2026-08-14T14:55:00Z INFO  headless_chrome::browser::tab] finished tab's event handling loop
[2026-08-14T14:55:00Z INFO  headless_chrome::browser::transport::web_socket_connection] Sending shutdown message to message handling loop
[2026-08-14T14:55:00Z INFO  headless_chrome::browser::process] Killing Chrome. PID: 39200
[2026-08-14T14:55:00Z WARN  headless_chrome::browser::transport::web_socket_connection] Couldn't send message to transport loop telling it to shut down
[2026-08-14T14:55:00Z INFO  raitha_darpana::ui] [job 171691b7-b7b3-475a-8b04-3b50789f0e94] Launching renderer...
[2026-08-14T14:55:00Z INFO  headless_chrome::browser::process] Launching Chrome binary at C:\Program Files\Google\Chrome\Application\chrome.exe
[2026-08-14T14:55:00Z INFO  headless_chrome::browser::process] Started Chrome. PID: 40456
[2026-08-14T14:55:02Z INFO  raitha_darpana::render] Rendering images for city '16]  ಮಾರುಕಟ್ಟೆ: ತೀರ್ಥಹಳ್ಳಿ' -> 'ತೀರ್ಥಹಳ್ಳಿ'
[2026-08-14T14:55:02Z INFO  raitha_darpana::ui] [job 171691b7-b7b3-475a-8b04-3b50789f0e94] Rendering ತೀರ್ಥಹಳ್ಳಿ (Instagram)...
[2026-08-14T14:55:02Z INFO  raitha_darpana::render] Navigating to file:///D:/Projects/uiraitah_darpana/raitha_darpana/rd_media/20260814/%E0%B2%A4%E0%B3%80%E0%B2%B0%E0%B3%8D%E0%B2%A5%E0%B2%B9%E0%B2%B3%E0%B3%8D%E0%B2%B3%E0%B2%BF/%E0%B2%A4%E0%B3%80%E0%B2%B0%E0%B3%8D%E0%B2%A5%E0%B2%B9%E0%B2%B3%E0%B3%8D%E0%B2%B3%E0%B2%BF-20260814-ig-kan.html (city: ತೀರ್ಥಹಳ್ಳಿ)
[2026-08-14T14:55:02Z INFO  headless_chrome::browser::tab] Navigating a tab to file:///D:/Projects/uiraitah_darpana/raitha_darpana/rd_media/20260814/%E0%B2%A4%E0%B3%80%E0%B2%B0%E0%B3%8D%E0%B2%A5%E0%B2%B9%E0%B2%B3%E0%B3%8D%E0%B2%B3%E0%B2%BF/%E0%B2%A4%E0%B3%80%E0%B2%B0%E0%B3%8D%E0%B2%A5%E0%B2%B9%E0%B2%B3%E0%B3%8D%E0%B2%B3%E0%B2%BF-20260814-ig-kan.html
[2026-08-14T14:55:04Z INFO  raitha_darpana::ui] [job 171691b7-b7b3-475a-8b04-3b50789f0e94] Rendering ತೀರ್ಥಹಳ್ಳಿ (YouTube)...
[2026-08-14T14:55:04Z INFO  raitha_darpana::render] Navigating to file:///D:/Projects/uiraitah_darpana/raitha_darpana/rd_media/20260814/%E0%B2%A4%E0%B3%80%E0%B2%B0%E0%B3%8D%E0%B2%A5%E0%B2%B9%E0%B2%B3%E0%B3%8D%E0%B2%B3%E0%B2%BF/%E0%B2%A4%E0%B3%80%E0%B2%B0%E0%B3%8D%E0%B2%A5%E0%B2%B9%E0%B2%B3%E0%B3%8D%E0%B2%B3%E0%B2%BF-20260814-yt-kan.html (city: ತೀರ್ಥಹಳ್ಳಿ)
[2026-08-14T14:55:04Z INFO  headless_chrome::browser::tab] Navigating a tab to file:///D:/Projects/uiraitah_darpana/raitha_darpana/rd_media/20260814/%E0%B2%A4%E0%B3%80%E0%B2%B0%E0%B3%8D%E0%B2%A5%E0%B2%B9%E0%B2%B3%E0%B3%8D%E0%B2%B3%E0%B2%BF/%E0%B2%A4%E0%B3%80%E0%B2%B0%E0%B3%8D%E0%B2%A5%E0%B2%B9%E0%B2%B3%E0%B3%8D%E0%B2%B3%E0%B2%BF-20260814-yt-kan.html
[2026-08-14T14:55:05Z INFO  raitha_darpana::voiceover] ನಮಸ್ಕಾರ ವೀಕ್ಷಕರೇ, ರೈತ ದರ್ಪಣ ಮಾರುಕಟ್ಟೆ ಬೆಲೆಗಳ ಮಾಹಿತಿ ಚಾನೆಲ್‌ಗೆ ಸುಸ್ವಾಗತ. ಇಂದಿನ ತೀರ್ಥಹಳ್ಳಿ ಮಾರುಕಟ್ಟೆಯ ತರಕಾರಿ ಬೆಲೆಗಳ ಮಾಹಿತಿ ಇಲ್ಲಿದೆ. ವರದಿ ದಿನಾಂಕ: 14/08/2026. ಅಡಿಕೆ, ತಳಿ ಇತರೆ: ಕನಿಷ್ಠ ಬೆಲೆ ಇಪ್ಪತ್ತು ಎಂಟು ಸಾವಿರ ಏಳು ನೂರು ಐವತ್ತು ಎರಡು ರೂಪಾಯಿ, ಗರಿಷ್ಠ ಬೆಲೆ ಮಪ್ಪತ್ತು ಸಾವಿರ ರೂಪಾಯಿ. ಮೆಣಸು, ತಳಿ ಇತರೆ: ಕನಿಷ್ಠ ಬೆಲೆ ಇಪ್ಪತ್ತು ಎಂಟು ಸಾವಿರ ಎಂಟು ನೂರು ಅರವತ್ತು ಐದು ರೂಪಾಯಿ, ಗರಿಷ್ಠ ಬೆಲೆ ಮಪ್ಪತ್ತು ಸಾವಿರ ರೂಪಾಯಿ. ಅಡಿಕೆ, ತಳಿ ಗೊರಬಲು: ಕನಿಷ್ಠ ಬೆಲೆ ನಲವತ್ತು ಸಾವಿರ ನಾಲ್ಕು ನೂರು ತೊಂಬತ್ತು ಮೂರು ರೂಪಾಯಿ, ಗರಿಷ್ಠ ಬೆಲೆ ನಲವತ್ತು ಸಾವಿರ ನಾಲ್ಕು ನೂರು ತೊಂಬತ್ತು ಮೂರು ರೂಪಾಯಿ. ದಿನನಿತ್ಯದ ನಿಖರ ಮಾಹಿತಿಗಾಗಿ ನಮ್ಮ ಇನ್ಸ್ಟಾಗ್ರಾಮ್ ಮತ್ತು ಯೂಟ್ಯೂಬ್ ಚಾನೆಲ್‌ಗೆ ಸಬ್‌ಸ್ಕ್ರೈಬ್ ಆಗಿ. ಧನ್ಯವಾದಗಳು!
[2026-08-14T14:55:05Z INFO  raitha_darpana::ui] [job 171691b7-b7b3-475a-8b04-3b50789f0e94] Generating voiceover for ತೀರ್ಥಹಳ್ಳಿ...
[2026-08-14T14:55:06Z INFO  raitha_darpana::voiceover] 🎧 Found background music at assets\bg_music.mp3. Mixing at 6% volume.
[2026-08-14T14:55:07Z INFO  raitha_darpana::ui] [job 171691b7-b7b3-475a-8b04-3b50789f0e94] Generating Instagram video for ತೀರ್ಥಹಳ್ಳಿ...
[2026-08-14T14:55:07Z INFO  headless_chrome::browser::tab] Navigating a tab to file:///D:/Projects/uiraitah_darpana/raitha_darpana/rd_media/20260814/%E0%B2%A4%E0%B3%80%E0%B2%B0%E0%B3%8D%E0%B2%A5%E0%B2%B9%E0%B2%B3%E0%B3%8D%E0%B2%B3%E0%B2%BF/frames/ig-kan/frame_00.html
[2026-08-14T14:55:08Z INFO  headless_chrome::browser::tab] Navigating a tab to file:///D:/Projects/uiraitah_darpana/raitha_darpana/rd_media/20260814/%E0%B2%A4%E0%B3%80%E0%B2%B0%E0%B3%8D%E0%B2%A5%E0%B2%B9%E0%B2%B3%E0%B3%8D%E0%B2%B3%E0%B2%BF/frames/ig-kan/frame_01.html
[2026-08-14T14:55:10Z INFO  headless_chrome::browser::tab] Navigating a tab to file:///D:/Projects/uiraitah_darpana/raitha_darpana/rd_media/20260814/%E0%B2%A4%E0%B3%80%E0%B2%B0%E0%B3%8D%E0%B2%A5%E0%B2%B9%E0%B2%B3%E0%B3%8D%E0%B2%B3%E0%B2%BF/frames/ig-kan/frame_02.html
[2026-08-14T14:55:12Z INFO  headless_chrome::browser::tab] Navigating a tab to file:///D:/Projects/uiraitah_darpana/raitha_darpana/rd_media/20260814/%E0%B2%A4%E0%B3%80%E0%B2%B0%E0%B3%8D%E0%B2%A5%E0%B2%B9%E0%B2%B3%E0%B3%8D%E0%B2%B3%E0%B2%BF/frames/ig-kan/frame_03.html
[2026-08-14T14:55:13Z WARN  raitha_darpana::render] Animated Instagram video failed for 'ತೀರ್ಥಹಳ್ಳಿ', falling back to a static-image video: ffmpeg animated video generation failed: ffmpeg version 9.0-full_build-www.gyan.dev Copyright (c) 2000-2026 the FFmpeg developers
      built with gcc 16.1.0 (Rev2, Built by MSYS2 project)
      configuration: --enable-gpl --enable-version3 --enable-static --disable-w32threads --disable-autodetect --enable-cairo --enable-fontconfig --enable-iconv --enable-gnutls --enable-lcms2 --enable-libxml2 --enable-gmp --enable-bzlib --enable-lzma --enable-libsnappy --enable-zlib --enable-librist --enable-libsrt --enable-libssh --enable-libzmq --enable-avisynth --enable-libbluray --enable-libcaca --enable-libdvdnav --enable-libdvdread --enable-sdl2 --enable-libaribb24 --enable-libaribcaption --enable-libdav1d --enable-libdavs2 --enable-libopenjpeg --enable-libquirc --enable-libuavs3d --enable-libxevd --enable-libzvbi --enable-liboapv --enable-libqrencode --enable-librav1e --enable-libsvtav1 --enable-libvvenc --enable-libwebp --enable-libx264 --enable-libx265 --enable-libxavs2 --enable-libxeve --enable-libxvid --enable-libaom --enable-libjxl --enable-libsvtjpegxs --enable-libvpx --enable-mediafoundation --enable-libass --enable-frei0r --enable-libfreetype --enable-libfribidi --enable-libharfbuzz --enable-liblensfun --enable-libvidstab --enable-libvmaf --enable-libzimg --enable-amf --enable-cuda-llvm --enable-cuvid --enable-dxva2 --enable-d3d11va --enable-d3d12va --enable-ffnvcodec --enable-libvpl --enable-nvdec --enable-nvenc --enable-vaapi --enable-vulkan --enable-libplacebo --enable-opencl --enable-libcdio --enable-openal --enable-libgme --enable-libmodplug --enable-libopenmpt --enable-libopencore-amrwb --enable-libmp3lame --enable-libshine --enable-libtheora --enable-libtwolame --enable-libvo-amrwbenc --enable-libcodec2 --enable-libilbc --enable-libgsm --enable-liblc3 --enable-libopencore-amrnb --enable-libopus --enable-libspeex --enable-libvorbis --enable-ladspa --enable-libbs2b --enable-libflite --enable-libmysofa --enable-librubberband --enable-libsoxr --enable-chromaprint --enable-whisper
      libavutil      61.  1.100 / 61.  1.100
      libavcodec     63.  1.100 / 63.  1.100
      libavformat    63.  1.100 / 63.  1.100
      libavdevice    63.  1.100 / 63.  1.100
      libavfilter    12.  1.100 / 12.  1.100
      libswscale     10.  1.100 / 10.  1.100
      libswresample   7.  1.100 /  7.  1.100
    [in#0 @ 00000284871be640] Impossible to open 'rd_media\20260814\ತೀರ್ಥಹಳ್ಳಿ\rd_media/20260814/ತೀರ್ಥಹಳ್ಳಿ/frames/ig-kan/frame_00.png'
    [in#0 @ 00000284871aec40] Error opening input: No such file or directory
    Error opening input file rd_media\20260814\ತೀರ್ಥಹಳ್ಳಿ\ತೀರ್ಥಹಳ್ಳಿ-20260814-ig-kan.frames.txt.
    Error opening input files: No such file or directory
    
[2026-08-14T14:55:50Z INFO  raitha_darpana::ui] [job 171691b7-b7b3-475a-8b04-3b50789f0e94] Generating YouTube video for ತೀರ್ಥಹಳ್ಳಿ...
[2026-08-14T14:55:50Z INFO  headless_chrome::browser::tab] Navigating a tab to file:///D:/Projects/uiraitah_darpana/raitha_darpana/rd_media/20260814/%E0%B2%A4%E0%B3%80%E0%B2%B0%E0%B3%8D%E0%B2%A5%E0%B2%B9%E0%B2%B3%E0%B3%8D%E0%B2%B3%E0%B2%BF/frames/yt-kan/frame_00.html
[2026-08-14T14:55:52Z INFO  headless_chrome::browser::tab] Navigating a tab to file:///D:/Projects/uiraitah_darpana/raitha_darpana/rd_media/20260814/%E0%B2%A4%E0%B3%80%E0%B2%B0%E0%B3%8D%E0%B2%A5%E0%B2%B9%E0%B2%B3%E0%B3%8D%E0%B2%B3%E0%B2%BF/frames/yt-kan/frame_01.html
[2026-08-14T14:55:53Z INFO  headless_chrome::browser::tab] Navigating a tab to file:///D:/Projects/uiraitah_darpana/raitha_darpana/rd_media/20260814/%E0%B2%A4%E0%B3%80%E0%B2%B0%E0%B3%8D%E0%B2%A5%E0%B2%B9%E0%B2%B3%E0%B3%8D%E0%B2%B3%E0%B2%BF/frames/yt-kan/frame_02.html
[2026-08-14T14:55:55Z INFO  headless_chrome::browser::tab] Navigating a tab to file:///D:/Projects/uiraitah_darpana/raitha_darpana/rd_media/20260814/%E0%B2%A4%E0%B3%80%E0%B2%B0%E0%B3%8D%E0%B2%A5%E0%B2%B9%E0%B2%B3%E0%B3%8D%E0%B2%B3%E0%B2%BF/frames/yt-kan/frame_03.html
[2026-08-14T14:55:56Z WARN  raitha_darpana::render] Animated YouTube video failed for 'ತೀರ್ಥಹಳ್ಳಿ', falling back to a static-image video: ffmpeg animated video generation failed: ffmpeg version 9.0-full_build-www.gyan.dev Copyright (c) 2000-2026 the FFmpeg developers
      built with gcc 16.1.0 (Rev2, Built by MSYS2 project)
      configuration: --enable-gpl --enable-version3 --enable-static --disable-w32threads --disable-autodetect --enable-cairo --enable-fontconfig --enable-iconv --enable-gnutls --enable-lcms2 --enable-libxml2 --enable-gmp --enable-bzlib --enable-lzma --enable-libsnappy --enable-zlib --enable-librist --enable-libsrt --enable-libssh --enable-libzmq --enable-avisynth --enable-libbluray --enable-libcaca --enable-libdvdnav --enable-libdvdread --enable-sdl2 --enable-libaribb24 --enable-libaribcaption --enable-libdav1d --enable-libdavs2 --enable-libopenjpeg --enable-libquirc --enable-libuavs3d --enable-libxevd --enable-libzvbi --enable-liboapv --enable-libqrencode --enable-librav1e --enable-libsvtav1 --enable-libvvenc --enable-libwebp --enable-libx264 --enable-libx265 --enable-libxavs2 --enable-libxeve --enable-libxvid --enable-libaom --enable-libjxl --enable-libsvtjpegxs --enable-libvpx --enable-mediafoundation --enable-libass --enable-frei0r --enable-libfreetype --enable-libfribidi --enable-libharfbuzz --enable-liblensfun --enable-libvidstab --enable-libvmaf --enable-libzimg --enable-amf --enable-cuda-llvm --enable-cuvid --enable-dxva2 --enable-d3d11va --enable-d3d12va --enable-ffnvcodec --enable-libvpl --enable-nvdec --enable-nvenc --enable-vaapi --enable-vulkan --enable-libplacebo --enable-opencl --enable-libcdio --enable-openal --enable-libgme --enable-libmodplug --enable-libopenmpt --enable-libopencore-amrwb --enable-libmp3lame --enable-libshine --enable-libtheora --enable-libtwolame --enable-libvo-amrwbenc --enable-libcodec2 --enable-libilbc --enable-libgsm --enable-liblc3 --enable-libopencore-amrnb --enable-libopus --enable-libspeex --enable-libvorbis --enable-ladspa --enable-libbs2b --enable-libflite --enable-libmysofa --enable-librubberband --enable-libsoxr --enable-chromaprint --enable-whisper
      libavutil      61.  1.100 / 61.  1.100
      libavcodec     63.  1.100 / 63.  1.100
      libavformat    63.  1.100 / 63.  1.100
      libavdevice    63.  1.100 / 63.  1.100
      libavfilter    12.  1.100 / 12.  1.100
      libswscale     10.  1.100 / 10.  1.100
      libswresample   7.  1.100 /  7.  1.100
    [in#0 @ 000001cb389bf240] Impossible to open 'rd_media\20260814\ತೀರ್ಥಹಳ್ಳಿ\rd_media/20260814/ತೀರ್ಥಹಳ್ಳಿ/frames/yt-kan/frame_00.png'
    [in#0 @ 000001cb389bf000] Error opening input: No such file or directory
    Error opening input file rd_media\20260814\ತೀರ್ಥಹಳ್ಳಿ\ತೀರ್ಥಹಳ್ಳಿ-20260814-yt-kan.frames.txt.
    Error opening input files: No such file or directory
    
[2026-08-14T14:56:27Z INFO  raitha_darpana::render] Rendering images for city '22]  ಮಾರುಕಟ್ಟೆ: ಬೆಂಗಳೂರು' -> 'BENGALURU'
[2026-08-14T14:56:27Z INFO  raitha_darpana::ui] [job 171691b7-b7b3-475a-8b04-3b50789f0e94] Rendering BENGALURU (Instagram)...
[2026-08-14T14:56:27Z INFO  raitha_darpana::render] Navigating to file:///D:/Projects/uiraitah_darpana/raitha_darpana/rd_media/20260814/BENGALURU/BENGALURU-20260814-ig-kan.html (city: BENGALURU)
[2026-08-14T14:56:27Z INFO  headless_chrome::browser::tab] Navigating a tab to file:///D:/Projects/uiraitah_darpana/raitha_darpana/rd_media/20260814/BENGALURU/BENGALURU-20260814-ig-kan.html
[2026-08-14T14:56:28Z INFO  raitha_darpana::ui] [job 171691b7-b7b3-475a-8b04-3b50789f0e94] Rendering BENGALURU (YouTube)...
[2026-08-14T14:56:28Z INFO  raitha_darpana::render] Navigating to file:///D:/Projects/uiraitah_darpana/raitha_darpana/rd_media/20260814/BENGALURU/BENGALURU-20260814-yt-kan.html (city: BENGALURU)
[2026-08-14T14:56:28Z INFO  headless_chrome::browser::tab] Navigating a tab to file:///D:/Projects/uiraitah_darpana/raitha_darpana/rd_media/20260814/BENGALURU/BENGALURU-20260814-yt-kan.html
[2026-08-14T14:56:30Z INFO  raitha_darpana::voiceover] ನಮಸ್ಕಾರ ವೀಕ್ಷಕರೇ, ರೈತ ದರ್ಪಣ ಮಾರುಕಟ್ಟೆ ಬೆಲೆಗಳ ಮಾಹಿತಿ ಚಾನೆಲ್‌ಗೆ ಸುಸ್ವಾಗತ. ಇಂದಿನ BENGALURU ಮಾರುಕಟ್ಟೆಯ ತರಕಾರಿ ಬೆಲೆಗಳ ಮಾಹಿತಿ ಇಲ್ಲಿದೆ. ವರದಿ ದಿನಾಂಕ: 14/08/2026. ತೆಂಗಿನಕಾಯಿ: ಕನಿಷ್ಠ ಬೆಲೆ ಇಪ್ಪತ್ತು ಸಾವಿರ ರೂಪಾಯಿ, ಗರಿಷ್ಠ ಬೆಲೆ ಮಪ್ಪತ್ತು ಸಾವಿರ ರೂಪಾಯಿ. ಈರುಳ್ಳಿ, ತಳಿ ಪೂನ: ಕನಿಷ್ಠ ಬೆಲೆ ಎರಡು ಸಾವಿರ ರೂಪಾಯಿ, ಗರಿಷ್ಠ ಬೆಲೆ ಮೂರು ಸಾವಿರ ಎರಡು ನೂರು ರೂಪಾಯಿ. ಆಲೂಗಡ್ಡೆ: ಕನಿಷ್ಠ ಬೆಲೆ ಒಂದು ಸಾವಿರ ರೂಪಾಯಿ, ಗರಿಷ್ಠ ಬೆಲೆ ಎರಡು ಸಾವಿರ ರೂಪಾಯಿ. ಅಕ್ಕಿ, ತಳಿ ಉತ್ತಮ: ಕನಿಷ್ಠ ಬೆಲೆ ಆರು ಸಾವಿರ ರೂಪಾಯಿ, ಗರಿಷ್ಠ ಬೆಲೆ ಏಳು ಸಾವಿರ ರೂಪಾಯಿ. ಅಕ್ಕಿ, ತಳಿ ದಪ್ಪ: ಕನಿಷ್ಠ ಬೆಲೆ ಮೂರು ಸಾವಿರ ರೂಪಾಯಿ, ಗರಿಷ್ಠ ಬೆಲೆ ಮೂರು ಸಾವಿರ ಒಂದು ನೂರು ರೂಪಾಯಿ. ಅಕ್ಕಿ, ತಳಿ ಮಧ್ಯಮ: ಕನಿಷ್ಠ ಬೆಲೆ ಐದು ಸಾವಿರ ರೂಪಾಯಿ, ಗರಿಷ್ಠ ಬೆಲೆ ಆರು ಸಾವಿರ ರೂಪಾಯಿ. ಆಲೂಗಡ್ಡೆ, ತಳಿ ಸ್ಥಳೀಯ: ಕನಿಷ್ಠ ಬೆಲೆ ಒಂದು ಸಾವಿರ ರೂಪಾಯಿ, ಗರಿಷ್ಠ ಬೆಲೆ ಎರಡು ಸಾವಿರ ನಾಲ್ಕು ನೂರು ರೂಪಾಯಿ. ಈರುಳ್ಳಿ, ತಳಿ ಬೆಂಗಳೂರು ಸಣ್ಣ: ಕನಿಷ್ಠ ಬೆಲೆ ಒಂದು ಸಾವಿರ ರೂಪಾಯಿ, ಗರಿಷ್ಠ ಬೆಲೆ ಒಂದು ಸಾವಿರ ಎಂಟು ನೂರು ರೂಪಾಯಿ. ಈರುಳ್ಳಿ, ತಳಿ ಸ್ಥಳೀಯ: ಕನಿಷ್ಠ ಬೆಲೆ ಒಂದು ಸಾವಿರ ಎಂಟು ನೂರು ರೂಪಾಯಿ, ಗರಿಷ್ಠ ಬೆಲೆ ಎರಡು ಸಾವಿರ ನಾಲ್ಕು ನೂರು ರೂಪಾಯಿ. ಈರುಳ್ಳಿ: ಕನಿಷ್ಠ ಬೆಲೆ ಎರಡು ಸಾವಿರ ನಾಲ್ಕು ನೂರು ರೂಪಾಯಿ, ಗರಿಷ್ಠ ಬೆಲೆ ಎರಡು ಸಾವಿರ ಒಂಬತ್ತು ನೂರು ರೂಪಾಯಿ. ದಿನನಿತ್ಯದ ನಿಖರ ಮಾಹಿತಿಗಾಗಿ ನಮ್ಮ ಇನ್ಸ್ಟಾಗ್ರಾಮ್ ಮತ್ತು ಯೂಟ್ಯೂಬ್ ಚಾನೆಲ್‌ಗೆ ಸಬ್‌ಸ್ಕ್ರೈಬ್ ಆಗಿ. ಧನ್ಯವಾದಗಳು!
[2026-08-14T14:56:30Z INFO  raitha_darpana::ui] [job 171691b7-b7b3-475a-8b04-3b50789f0e94] Generating voiceover for BENGALURU...
[2026-08-14T14:56:32Z INFO  raitha_darpana::voiceover] 🎧 Found background music at assets\bg_music.mp3. Mixing at 6% volume.
[2026-08-14T14:56:32Z INFO  raitha_darpana::ui] [job 171691b7-b7b3-475a-8b04-3b50789f0e94] Generating Instagram video for BENGALURU...
[2026-08-14T14:56:32Z INFO  headless_chrome::browser::tab] Navigating a tab to file:///D:/Projects/uiraitah_darpana/raitha_darpana/rd_media/20260814/BENGALURU/frames/ig-kan/frame_00.html
[2026-08-14T14:56:34Z INFO  headless_chrome::browser::tab] Navigating a tab to file:///D:/Projects/uiraitah_darpana/raitha_darpana/rd_media/20260814/BENGALURU/frames/ig-kan/frame_01.html
[2026-08-14T14:56:35Z INFO  headless_chrome::browser::tab] Navigating a tab to file:///D:/Projects/uiraitah_darpana/raitha_darpana/rd_media/20260814/BENGALURU/frames/ig-kan/frame_02.html
[2026-08-14T14:56:37Z INFO  headless_chrome::browser::tab] Navigating a tab to file:///D:/Projects/uiraitah_darpana/raitha_darpana/rd_media/20260814/BENGALURU/frames/ig-kan/frame_03.html
[2026-08-14T14:56:38Z INFO  headless_chrome::browser::tab] Navigating a tab to file:///D:/Projects/uiraitah_darpana/raitha_darpana/rd_media/20260814/BENGALURU/frames/ig-kan/frame_04.html
[2026-08-14T14:56:40Z INFO  headless_chrome::browser::tab] Navigating a tab to file:///D:/Projects/uiraitah_darpana/raitha_darpana/rd_media/20260814/BENGALURU/frames/ig-kan/frame_05.html
[2026-08-14T14:56:41Z INFO  headless_chrome::browser::tab] Navigating a tab to file:///D:/Projects/uiraitah_darpana/raitha_darpana/rd_media/20260814/BENGALURU/frames/ig-kan/frame_06.html
[2026-08-14T14:56:43Z INFO  headless_chrome::browser::tab] Navigating a tab to file:///D:/Projects/uiraitah_darpana/raitha_darpana/rd_media/20260814/BENGALURU/frames/ig-kan/frame_07.html
[2026-08-14T14:56:44Z INFO  headless_chrome::browser::tab] Navigating a tab to file:///D:/Projects/uiraitah_darpana/raitha_darpana/rd_media/20260814/BENGALURU/frames/ig-kan/frame_08.html
[2026-08-14T14:56:45Z INFO  headless_chrome::browser::tab] Navigating a tab to file:///D:/Projects/uiraitah_darpana/raitha_darpana/rd_media/20260814/BENGALURU/frames/ig-kan/frame_09.html
[2026-08-14T14:56:47Z INFO  headless_chrome::browser::tab] Navigating a tab to file:///D:/Projects/uiraitah_darpana/raitha_darpana/rd_media/20260814/BENGALURU/frames/ig-kan/frame_10.html
[2026-08-14T14:56:48Z WARN  raitha_darpana::render] Animated Instagram video failed for 'BENGALURU', falling back to a static-image video: ffmpeg animated video generation failed: ffmpeg version 9.0-full_build-www.gyan.dev Copyright (c) 2000-2026 the FFmpeg developers
      built with gcc 16.1.0 (Rev2, Built by MSYS2 project)
      configuration: --enable-gpl --enable-version3 --enable-static --disable-w32threads --disable-autodetect --enable-cairo --enable-fontconfig --enable-iconv --enable-gnutls --enable-lcms2 --enable-libxml2 --enable-gmp --enable-bzlib --enable-lzma --enable-libsnappy --enable-zlib --enable-librist --enable-libsrt --enable-libssh --enable-libzmq --enable-avisynth --enable-libbluray --enable-libcaca --enable-libdvdnav --enable-libdvdread --enable-sdl2 --enable-libaribb24 --enable-libaribcaption --enable-libdav1d --enable-libdavs2 --enable-libopenjpeg --enable-libquirc --enable-libuavs3d --enable-libxevd --enable-libzvbi --enable-liboapv --enable-libqrencode --enable-librav1e --enable-libsvtav1 --enable-libvvenc --enable-libwebp --enable-libx264 --enable-libx265 --enable-libxavs2 --enable-libxeve --enable-libxvid --enable-libaom --enable-libjxl --enable-libsvtjpegxs --enable-libvpx --enable-mediafoundation --enable-libass --enable-frei0r --enable-libfreetype --enable-libfribidi --enable-libharfbuzz --enable-liblensfun --enable-libvidstab --enable-libvmaf --enable-libzimg --enable-amf --enable-cuda-llvm --enable-cuvid --enable-dxva2 --enable-d3d11va --enable-d3d12va --enable-ffnvcodec --enable-libvpl --enable-nvdec --enable-nvenc --enable-vaapi --enable-vulkan --enable-libplacebo --enable-opencl --enable-libcdio --enable-openal --enable-libgme --enable-libmodplug --enable-libopenmpt --enable-libopencore-amrwb --enable-libmp3lame --enable-libshine --enable-libtheora --enable-libtwolame --enable-libvo-amrwbenc --enable-libcodec2 --enable-libilbc --enable-libgsm --enable-liblc3 --enable-libopencore-amrnb --enable-libopus --enable-libspeex --enable-libvorbis --enable-ladspa --enable-libbs2b --enable-libflite --enable-libmysofa --enable-librubberband --enable-libsoxr --enable-chromaprint --enable-whisper
      libavutil      61.  1.100 / 61.  1.100
      libavcodec     63.  1.100 / 63.  1.100
      libavformat    63.  1.100 / 63.  1.100
      libavdevice    63.  1.100 / 63.  1.100
      libavfilter    12.  1.100 / 12.  1.100
      libswscale     10.  1.100 / 10.  1.100
      libswresample   7.  1.100 /  7.  1.100
    [in#0 @ 000001c12eb1c2c0] Impossible to open 'rd_media\20260814\BENGALURU\rd_media/20260814/BENGALURU/frames/ig-kan/frame_00.png'
    [in#0 @ 000001c12eb0cb00] Error opening input: No such file or directory
    Error opening input file rd_media\20260814\BENGALURU\BENGALURU-20260814-ig-kan.frames.txt.
    Error opening input files: No such file or directory
    
[2026-08-14T14:57:35Z INFO  raitha_darpana::ui] [job 171691b7-b7b3-475a-8b04-3b50789f0e94] Generating YouTube video for BENGALURU...
[2026-08-14T14:57:35Z INFO  headless_chrome::browser::tab] Navigating a tab to file:///D:/Projects/uiraitah_darpana/raitha_darpana/rd_media/20260814/BENGALURU/frames/yt-kan/frame_00.html
[2026-08-14T14:57:36Z INFO  headless_chrome::browser::tab] Navigating a tab to file:///D:/Projects/uiraitah_darpana/raitha_darpana/rd_media/20260814/BENGALURU/frames/yt-kan/frame_01.html
[2026-08-14T14:57:37Z INFO  headless_chrome::browser::tab] Navigating a tab to file:///D:/Projects/uiraitah_darpana/raitha_darpana/rd_media/20260814/BENGALURU/frames/yt-kan/frame_02.html
[2026-08-14T14:57:39Z INFO  headless_chrome::browser::tab] Navigating a tab to file:///D:/Projects/uiraitah_darpana/raitha_darpana/rd_media/20260814/BENGALURU/frames/yt-kan/frame_03.html
[2026-08-14T14:57:40Z INFO  headless_chrome::browser::tab] Navigating a tab to file:///D:/Projects/uiraitah_darpana/raitha_darpana/rd_media/20260814/BENGALURU/frames/yt-kan/frame_04.html
[2026-08-14T14:57:42Z INFO  headless_chrome::browser::tab] Navigating a tab to file:///D:/Projects/uiraitah_darpana/raitha_darpana/rd_media/20260814/BENGALURU/frames/yt-kan/frame_05.html
[2026-08-14T14:57:43Z INFO  headless_chrome::browser::tab] Navigating a tab to file:///D:/Projects/uiraitah_darpana/raitha_darpana/rd_media/20260814/BENGALURU/frames/yt-kan/frame_06.html
[2026-08-14T14:57:44Z INFO  headless_chrome::browser::tab] Navigating a tab to file:///D:/Projects/uiraitah_darpana/raitha_darpana/rd_media/20260814/BENGALURU/frames/yt-kan/frame_07.html
[2026-08-14T14:57:46Z INFO  headless_chrome::browser::tab] Navigating a tab to file:///D:/Projects/uiraitah_darpana/raitha_darpana/rd_media/20260814/BENGALURU/frames/yt-kan/frame_08.html
[2026-08-14T14:57:47Z INFO  headless_chrome::browser::tab] Navigating a tab to file:///D:/Projects/uiraitah_darpana/raitha_darpana/rd_media/20260814/BENGALURU/frames/yt-kan/frame_09.html
[2026-08-14T14:57:49Z INFO  headless_chrome::browser::tab] Navigating a tab to file:///D:/Projects/uiraitah_darpana/raitha_darpana/rd_media/20260814/BENGALURU/frames/yt-kan/frame_10.html
[2026-08-14T14:57:50Z WARN  raitha_darpana::render] Animated YouTube video failed for 'BENGALURU', falling back to a static-image video: ffmpeg animated video generation failed: ffmpeg version 9.0-full_build-www.gyan.dev Copyright (c) 2000-2026 the FFmpeg developers
      built with gcc 16.1.0 (Rev2, Built by MSYS2 project)
      configuration: --enable-gpl --enable-version3 --enable-static --disable-w32threads --disable-autodetect --enable-cairo --enable-fontconfig --enable-iconv --enable-gnutls --enable-lcms2 --enable-libxml2 --enable-gmp --enable-bzlib --enable-lzma --enable-libsnappy --enable-zlib --enable-librist --enable-libsrt --enable-libssh --enable-libzmq --enable-avisynth --enable-libbluray --enable-libcaca --enable-libdvdnav --enable-libdvdread --enable-sdl2 --enable-libaribb24 --enable-libaribcaption --enable-libdav1d --enable-libdavs2 --enable-libopenjpeg --enable-libquirc --enable-libuavs3d --enable-libxevd --enable-libzvbi --enable-liboapv --enable-libqrencode --enable-librav1e --enable-libsvtav1 --enable-libvvenc --enable-libwebp --enable-libx264 --enable-libx265 --enable-libxavs2 --enable-libxeve --enable-libxvid --enable-libaom --enable-libjxl --enable-libsvtjpegxs --enable-libvpx --enable-mediafoundation --enable-libass --enable-frei0r --enable-libfreetype --enable-libfribidi --enable-libharfbuzz --enable-liblensfun --enable-libvidstab --enable-libvmaf --enable-libzimg --enable-amf --enable-cuda-llvm --enable-cuvid --enable-dxva2 --enable-d3d11va --enable-d3d12va --enable-ffnvcodec --enable-libvpl --enable-nvdec --enable-nvenc --enable-vaapi --enable-vulkan --enable-libplacebo --enable-opencl --enable-libcdio --enable-openal --enable-libgme --enable-libmodplug --enable-libopenmpt --enable-libopencore-amrwb --enable-libmp3lame --enable-libshine --enable-libtheora --enable-libtwolame --enable-libvo-amrwbenc --enable-libcodec2 --enable-libilbc --enable-libgsm --enable-liblc3 --enable-libopencore-amrnb --enable-libopus --enable-libspeex --enable-libvorbis --enable-ladspa --enable-libbs2b --enable-libflite --enable-libmysofa --enable-librubberband --enable-libsoxr --enable-chromaprint --enable-whisper
      libavutil      61.  1.100 / 61.  1.100
      libavcodec     63.  1.100 / 63.  1.100
      libavformat    63.  1.100 / 63.  1.100
      libavdevice    63.  1.100 / 63.  1.100
      libavfilter    12.  1.100 / 12.  1.100
      libswscale     10.  1.100 / 10.  1.100
      libswresample   7.  1.100 /  7.  1.100
    [in#0 @ 00000123b91e0980] Impossible to open 'rd_media\20260814\BENGALURU\rd_media/20260814/BENGALURU/frames/yt-kan/frame_00.png'
    [in#0 @ 00000123b91cf880] Error opening input: No such file or directory
    Error opening input file rd_media\20260814\BENGALURU\BENGALURU-20260814-yt-kan.frames.txt.
    Error opening input files: No such file or directory
    
[2026-08-14T14:58:36Z INFO  raitha_darpana::render] Rendering images for city '46]  ಮಾರುಕಟ್ಟೆ: ರಾಮನಗರ' -> 'ರಾಮನಗರ'
[2026-08-14T14:58:36Z INFO  raitha_darpana::ui] [job 171691b7-b7b3-475a-8b04-3b50789f0e94] Rendering ರಾಮನಗರ (Instagram)...
[2026-08-14T14:58:36Z INFO  raitha_darpana::render] Navigating to file:///D:/Projects/uiraitah_darpana/raitha_darpana/rd_media/20260814/%E0%B2%B0%E0%B2%BE%E0%B2%AE%E0%B2%A8%E0%B2%97%E0%B2%B0/%E0%B2%B0%E0%B2%BE%E0%B2%AE%E0%B2%A8%E0%B2%97%E0%B2%B0-20260814-ig-kan.html (city: ರಾಮನಗರ)
[2026-08-14T14:58:36Z INFO  headless_chrome::browser::tab] Navigating a tab to file:///D:/Projects/uiraitah_darpana/raitha_darpana/rd_media/20260814/%E0%B2%B0%E0%B2%BE%E0%B2%AE%E0%B2%A8%E0%B2%97%E0%B2%B0/%E0%B2%B0%E0%B2%BE%E0%B2%AE%E0%B2%A8%E0%B2%97%E0%B2%B0-20260814-ig-kan.html
[2026-08-14T14:58:38Z INFO  raitha_darpana::ui] [job 171691b7-b7b3-475a-8b04-3b50789f0e94] Rendering ರಾಮನಗರ (YouTube)...
[2026-08-14T14:58:38Z INFO  raitha_darpana::render] Navigating to file:///D:/Projects/uiraitah_darpana/raitha_darpana/rd_media/20260814/%E0%B2%B0%E0%B2%BE%E0%B2%AE%E0%B2%A8%E0%B2%97%E0%B2%B0/%E0%B2%B0%E0%B2%BE%E0%B2%AE%E0%B2%A8%E0%B2%97%E0%B2%B0-20260814-yt-kan.html (city: ರಾಮನಗರ)
[2026-08-14T14:58:38Z INFO  headless_chrome::browser::tab] Navigating a tab to file:///D:/Projects/uiraitah_darpana/raitha_darpana/rd_media/20260814/%E0%B2%B0%E0%B2%BE%E0%B2%AE%E0%B2%A8%E0%B2%97%E0%B2%B0/%E0%B2%B0%E0%B2%BE%E0%B2%AE%E0%B2%A8%E0%B2%97%E0%B2%B0-20260814-yt-kan.html
[2026-08-14T14:58:39Z INFO  raitha_darpana::voiceover] ನಮಸ್ಕಾರ ವೀಕ್ಷಕರೇ, ರೈತ ದರ್ಪಣ ಮಾರುಕಟ್ಟೆ ಬೆಲೆಗಳ ಮಾಹಿತಿ ಚಾನೆಲ್‌ಗೆ ಸುಸ್ವಾಗತ. ಇಂದಿನ ರಾಮನಗರ ಮಾರುಕಟ್ಟೆಯ ತರಕಾರಿ ಬೆಲೆಗಳ ಮಾಹಿತಿ ಇಲ್ಲಿದೆ. ವರದಿ ದಿನಾಂಕ: 14/08/2026. ಟೊಮ್ಯಾಟೊ, ತಳಿ ಟೊಮ್ಯೂಟೊ: ಕನಿಷ್ಠ ಬೆಲೆ ಎಂಟು ನೂರು ರೂಪಾಯಿ, ಗರಿಷ್ಠ ಬೆಲೆ ಒಂದು ಸಾವಿರ ಐದು ನೂರು ರೂಪಾಯಿ. ಸೌತೆಕಾಯಿ: ಕನಿಷ್ಠ ಬೆಲೆ ಒಂದು ಸಾವಿರ ಎಂಟು ನೂರು ರೂಪಾಯಿ, ಗರಿಷ್ಠ ಬೆಲೆ ಎರಡು ಸಾವಿರ ಎರಡು ನೂರು ರೂಪಾಯಿ. ಎಲೆಕೋಸು: ಕನಿಷ್ಠ ಬೆಲೆ ಒಂದು ಸಾವಿರ ರೂಪಾಯಿ, ಗರಿಷ್ಠ ಬೆಲೆ ಒಂದು ಸಾವಿರ ಆರು ನೂರು ರೂಪಾಯಿ. ಹೂಕೋಸು: ಕನಿಷ್ಠ ಬೆಲೆ ಒಂದು ಸಾವಿರ ನಾಲ್ಕು ನೂರು ರೂಪಾಯಿ, ಗರಿಷ್ಠ ಬೆಲೆ ಎರಡು ಸಾವಿರ ನಾಲ್ಕು ನೂರು ರೂಪಾಯಿ. ಹಸಿರು ಮೆಣಸಿನಕಾಯಿ: ಕನಿಷ್ಠ ಬೆಲೆ ನಾಲ್ಕು ಸಾವಿರ ರೂಪಾಯಿ, ಗರಿಷ್ಠ ಬೆಲೆ ಆರು ಸಾವಿರ ರೂಪಾಯಿ. ಬದನೆಕಾಯಿ: ಕನಿಷ್ಠ ಬೆಲೆ ಎರಡು ಸಾವಿರ ನಾಲ್ಕು ನೂರು ರೂಪಾಯಿ, ಗರಿಷ್ಠ ಬೆಲೆ ನಾಲ್ಕು ಸಾವಿರ ರೂಪಾಯಿ. ಹೀರೇಕಾಯಿ, ತಳಿ ಹೀರೆಕಾಯಿ: ಕನಿಷ್ಠ ಬೆಲೆ ಎರಡು ಸಾವಿರ ಎರಡು ನೂರು ರೂಪಾಯಿ, ಗರಿಷ್ಠ ಬೆಲೆ ಮೂರು ಸಾವಿರ ರೂಪಾಯಿ. ಹುರುಳಿಕಾಯಿ, ತಳಿ ಬೀನ್ಸ್ (ವೋಲ್): ಕನಿಷ್ಠ ಬೆಲೆ ನಾಲ್ಕು ಸಾವಿರ ರೂಪಾಯಿ, ಗರಿಷ್ಠ ಬೆಲೆ ಆರು ಸಾವಿರ ರೂಪಾಯಿ. ನವಿಲುಕೋಸು: ಕನಿಷ್ಠ ಬೆಲೆ ಮೂರು ಸಾವಿರ ರೂಪಾಯಿ, ಗರಿಷ್ಠ ಬೆಲೆ ನಾಲ್ಕು ಸಾವಿರ ರೂಪಾಯಿ. ಪಡವಲಕಾಯಿ: ಕನಿಷ್ಠ ಬೆಲೆ ಒಂದು ಸಾವಿರ ಆರು ನೂರು ರೂಪಾಯಿ, ಗರಿಷ್ಠ ಬೆಲೆ ಎರಡು ಸಾವಿರ ಮೂರು ನೂರು ರೂಪಾಯಿ. ದಿನನಿತ್ಯದ ನಿಖರ ಮಾಹಿತಿಗಾಗಿ ನಮ್ಮ ಇನ್ಸ್ಟಾಗ್ರಾಮ್ ಮತ್ತು ಯೂಟ್ಯೂಬ್ ಚಾನೆಲ್‌ಗೆ ಸಬ್‌ಸ್ಕ್ರೈಬ್ ಆಗಿ. ಧನ್ಯವಾದಗಳು!
[2026-08-14T14:58:39Z INFO  raitha_darpana::ui] [job 171691b7-b7b3-475a-8b04-3b50789f0e94] Generating voiceover for ರಾಮನಗರ...
[2026-08-14T14:58:41Z INFO  raitha_darpana::voiceover] 🎧 Found background music at assets\bg_music.mp3. Mixing at 6% volume.
[2026-08-14T14:58:42Z INFO  raitha_darpana::ui] [job 171691b7-b7b3-475a-8b04-3b50789f0e94] Generating Instagram video for ರಾಮನಗರ...
[2026-08-14T14:58:42Z INFO  headless_chrome::browser::tab] Navigating a tab to file:///D:/Projects/uiraitah_darpana/raitha_darpana/rd_media/20260814/%E0%B2%B0%E0%B2%BE%E0%B2%AE%E0%B2%A8%E0%B2%97%E0%B2%B0/frames/ig-kan/frame_00.html
[2026-08-14T14:58:43Z INFO  headless_chrome::browser::tab] Navigating a tab to file:///D:/Projects/uiraitah_darpana/raitha_darpana/rd_media/20260814/%E0%B2%B0%E0%B2%BE%E0%B2%AE%E0%B2%A8%E0%B2%97%E0%B2%B0/frames/ig-kan/frame_01.html
[2026-08-14T14:58:45Z INFO  headless_chrome::browser::tab] Navigating a tab to file:///D:/Projects/uiraitah_darpana/raitha_darpana/rd_media/20260814/%E0%B2%B0%E0%B2%BE%E0%B2%AE%E0%B2%A8%E0%B2%97%E0%B2%B0/frames/ig-kan/frame_02.html
[2026-08-14T14:58:46Z INFO  headless_chrome::browser::tab] Navigating a tab to file:///D:/Projects/uiraitah_darpana/raitha_darpana/rd_media/20260814/%E0%B2%B0%E0%B2%BE%E0%B2%AE%E0%B2%A8%E0%B2%97%E0%B2%B0/frames/ig-kan/frame_03.html
[2026-08-14T14:58:47Z INFO  headless_chrome::browser::tab] Navigating a tab to file:///D:/Projects/uiraitah_darpana/raitha_darpana/rd_media/20260814/%E0%B2%B0%E0%B2%BE%E0%B2%AE%E0%B2%A8%E0%B2%97%E0%B2%B0/frames/ig-kan/frame_04.html
[2026-08-14T14:58:48Z INFO  headless_chrome::browser::tab] Navigating a tab to file:///D:/Projects/uiraitah_darpana/raitha_darpana/rd_media/20260814/%E0%B2%B0%E0%B2%BE%E0%B2%AE%E0%B2%A8%E0%B2%97%E0%B2%B0/frames/ig-kan/frame_05.html
[2026-08-14T14:58:50Z INFO  headless_chrome::browser::tab] Navigating a tab to file:///D:/Projects/uiraitah_darpana/raitha_darpana/rd_media/20260814/%E0%B2%B0%E0%B2%BE%E0%B2%AE%E0%B2%A8%E0%B2%97%E0%B2%B0/frames/ig-kan/frame_06.html
[2026-08-14T14:58:51Z INFO  headless_chrome::browser::tab] Navigating a tab to file:///D:/Projects/uiraitah_darpana/raitha_darpana/rd_media/20260814/%E0%B2%B0%E0%B2%BE%E0%B2%AE%E0%B2%A8%E0%B2%97%E0%B2%B0/frames/ig-kan/frame_07.html
[2026-08-14T14:58:53Z INFO  headless_chrome::browser::tab] Navigating a tab to file:///D:/Projects/uiraitah_darpana/raitha_darpana/rd_media/20260814/%E0%B2%B0%E0%B2%BE%E0%B2%AE%E0%B2%A8%E0%B2%97%E0%B2%B0/frames/ig-kan/frame_08.html
[2026-08-14T14:58:54Z INFO  headless_chrome::browser::tab] Navigating a tab to file:///D:/Projects/uiraitah_darpana/raitha_darpana/rd_media/20260814/%E0%B2%B0%E0%B2%BE%E0%B2%AE%E0%B2%A8%E0%B2%97%E0%B2%B0/frames/ig-kan/frame_09.html
[2026-08-14T14:58:55Z INFO  headless_chrome::browser::tab] Navigating a tab to file:///D:/Projects/uiraitah_darpana/raitha_darpana/rd_media/20260814/%E0%B2%B0%E0%B2%BE%E0%B2%AE%E0%B2%A8%E0%B2%97%E0%B2%B0/frames/ig-kan/frame_10.html
[2026-08-14T14:58:57Z WARN  raitha_darpana::render] Animated Instagram video failed for 'ರಾಮನಗರ', falling back to a static-image video: ffmpeg animated video generation failed: ffmpeg version 9.0-full_build-www.gyan.dev Copyright (c) 2000-2026 the FFmpeg developers
      built with gcc 16.1.0 (Rev2, Built by MSYS2 project)
      configuration: --enable-gpl --enable-version3 --enable-static --disable-w32threads --disable-autodetect --enable-cairo --enable-fontconfig --enable-iconv --enable-gnutls --enable-lcms2 --enable-libxml2 --enable-gmp --enable-bzlib --enable-lzma --enable-libsnappy --enable-zlib --enable-librist --enable-libsrt --enable-libssh --enable-libzmq --enable-avisynth --enable-libbluray --enable-libcaca --enable-libdvdnav --enable-libdvdread --enable-sdl2 --enable-libaribb24 --enable-libaribcaption --enable-libdav1d --enable-libdavs2 --enable-libopenjpeg --enable-libquirc --enable-libuavs3d --enable-libxevd --enable-libzvbi --enable-liboapv --enable-libqrencode --enable-librav1e --enable-libsvtav1 --enable-libvvenc --enable-libwebp --enable-libx264 --enable-libx265 --enable-libxavs2 --enable-libxeve --enable-libxvid --enable-libaom --enable-libjxl --enable-libsvtjpegxs --enable-libvpx --enable-mediafoundation --enable-libass --enable-frei0r --enable-libfreetype --enable-libfribidi --enable-libharfbuzz --enable-liblensfun --enable-libvidstab --enable-libvmaf --enable-libzimg --enable-amf --enable-cuda-llvm --enable-cuvid --enable-dxva2 --enable-d3d11va --enable-d3d12va --enable-ffnvcodec --enable-libvpl --enable-nvdec --enable-nvenc --enable-vaapi --enable-vulkan --enable-libplacebo --enable-opencl --enable-libcdio --enable-openal --enable-libgme --enable-libmodplug --enable-libopenmpt --enable-libopencore-amrwb --enable-libmp3lame --enable-libshine --enable-libtheora --enable-libtwolame --enable-libvo-amrwbenc --enable-libcodec2 --enable-libilbc --enable-libgsm --enable-liblc3 --enable-libopencore-amrnb --enable-libopus --enable-libspeex --enable-libvorbis --enable-ladspa --enable-libbs2b --enable-libflite --enable-libmysofa --enable-librubberband --enable-libsoxr --enable-chromaprint --enable-whisper
      libavutil      61.  1.100 / 61.  1.100
      libavcodec     63.  1.100 / 63.  1.100
      libavformat    63.  1.100 / 63.  1.100
      libavdevice    63.  1.100 / 63.  1.100
      libavfilter    12.  1.100 / 12.  1.100
      libswscale     10.  1.100 / 10.  1.100
      libswresample   7.  1.100 /  7.  1.100
    [in#0 @ 00000218aefecdc0] Impossible to open 'rd_media\20260814\ರಾಮನಗರ\rd_media/20260814/ರಾಮನಗರ/frames/ig-kan/frame_00.png'
    [in#0 @ 00000218aefdd340] Error opening input: No such file or directory
    Error opening input file rd_media\20260814\ರಾಮನಗರ\ರಾಮನಗರ-20260814-ig-kan.frames.txt.
    Error opening input files: No such file or directory
    
[2026-08-14T14:59:47Z INFO  raitha_darpana::ui] [job 171691b7-b7b3-475a-8b04-3b50789f0e94] Generating YouTube video for ರಾಮನಗರ...
[2026-08-14T14:59:47Z INFO  headless_chrome::browser::tab] Navigating a tab to file:///D:/Projects/uiraitah_darpana/raitha_darpana/rd_media/20260814/%E0%B2%B0%E0%B2%BE%E0%B2%AE%E0%B2%A8%E0%B2%97%E0%B2%B0/frames/yt-kan/frame_00.html
[2026-08-14T14:59:48Z INFO  headless_chrome::browser::tab] Navigating a tab to file:///D:/Projects/uiraitah_darpana/raitha_darpana/rd_media/20260814/%E0%B2%B0%E0%B2%BE%E0%B2%AE%E0%B2%A8%E0%B2%97%E0%B2%B0/frames/yt-kan/frame_01.html
[2026-08-14T14:59:50Z INFO  headless_chrome::browser::tab] Navigating a tab to file:///D:/Projects/uiraitah_darpana/raitha_darpana/rd_media/20260814/%E0%B2%B0%E0%B2%BE%E0%B2%AE%E0%B2%A8%E0%B2%97%E0%B2%B0/frames/yt-kan/frame_02.html
[2026-08-14T14:59:51Z INFO  headless_chrome::browser::tab] Navigating a tab to file:///D:/Projects/uiraitah_darpana/raitha_darpana/rd_media/20260814/%E0%B2%B0%E0%B2%BE%E0%B2%AE%E0%B2%A8%E0%B2%97%E0%B2%B0/frames/yt-kan/frame_03.html
[2026-08-14T14:59:52Z INFO  headless_chrome::browser::tab] Navigating a tab to file:///D:/Projects/uiraitah_darpana/raitha_darpana/rd_media/20260814/%E0%B2%B0%E0%B2%BE%E0%B2%AE%E0%B2%A8%E0%B2%97%E0%B2%B0/frames/yt-kan/frame_04.html
[2026-08-14T14:59:53Z INFO  headless_chrome::browser::tab] Navigating a tab to file:///D:/Projects/uiraitah_darpana/raitha_darpana/rd_media/20260814/%E0%B2%B0%E0%B2%BE%E0%B2%AE%E0%B2%A8%E0%B2%97%E0%B2%B0/frames/yt-kan/frame_05.html
[2026-08-14T14:59:55Z INFO  headless_chrome::browser::tab] Navigating a tab to file:///D:/Projects/uiraitah_darpana/raitha_darpana/rd_media/20260814/%E0%B2%B0%E0%B2%BE%E0%B2%AE%E0%B2%A8%E0%B2%97%E0%B2%B0/frames/yt-kan/frame_06.html
[2026-08-14T14:59:56Z INFO  headless_chrome::browser::tab] Navigating a tab to file:///D:/Projects/uiraitah_darpana/raitha_darpana/rd_media/20260814/%E0%B2%B0%E0%B2%BE%E0%B2%AE%E0%B2%A8%E0%B2%97%E0%B2%B0/frames/yt-kan/frame_07.html
[2026-08-14T14:59:57Z INFO  headless_chrome::browser::tab] Navigating a tab to file:///D:/Projects/uiraitah_darpana/raitha_darpana/rd_media/20260814/%E0%B2%B0%E0%B2%BE%E0%B2%AE%E0%B2%A8%E0%B2%97%E0%B2%B0/frames/yt-kan/frame_08.html
[2026-08-14T14:59:58Z INFO  headless_chrome::browser::tab] Navigating a tab to file:///D:/Projects/uiraitah_darpana/raitha_darpana/rd_media/20260814/%E0%B2%B0%E0%B2%BE%E0%B2%AE%E0%B2%A8%E0%B2%97%E0%B2%B0/frames/yt-kan/frame_09.html
[2026-08-14T14:59:59Z INFO  headless_chrome::browser::tab] Navigating a tab to file:///D:/Projects/uiraitah_darpana/raitha_darpana/rd_media/20260814/%E0%B2%B0%E0%B2%BE%E0%B2%AE%E0%B2%A8%E0%B2%97%E0%B2%B0/frames/yt-kan/frame_10.html
[2026-08-14T15:00:00Z WARN  raitha_darpana::render] Animated YouTube video failed for 'ರಾಮನಗರ', falling back to a static-image video: ffmpeg animated video generation failed: ffmpeg version 9.0-full_build-www.gyan.dev Copyright (c) 2000-2026 the FFmpeg developers
      built with gcc 16.1.0 (Rev2, Built by MSYS2 project)
      configuration: --enable-gpl --enable-version3 --enable-static --disable-w32threads --disable-autodetect --enable-cairo --enable-fontconfig --enable-iconv --enable-gnutls --enable-lcms2 --enable-libxml2 --enable-gmp --enable-bzlib --enable-lzma --enable-libsnappy --enable-zlib --enable-librist --enable-libsrt --enable-libssh --enable-libzmq --enable-avisynth --enable-libbluray --enable-libcaca --enable-libdvdnav --enable-libdvdread --enable-sdl2 --enable-libaribb24 --enable-libaribcaption --enable-libdav1d --enable-libdavs2 --enable-libopenjpeg --enable-libquirc --enable-libuavs3d --enable-libxevd --enable-libzvbi --enable-liboapv --enable-libqrencode --enable-librav1e --enable-libsvtav1 --enable-libvvenc --enable-libwebp --enable-libx264 --enable-libx265 --enable-libxavs2 --enable-libxeve --enable-libxvid --enable-libaom --enable-libjxl --enable-libsvtjpegxs --enable-libvpx --enable-mediafoundation --enable-libass --enable-frei0r --enable-libfreetype --enable-libfribidi --enable-libharfbuzz --enable-liblensfun --enable-libvidstab --enable-libvmaf --enable-libzimg --enable-amf --enable-cuda-llvm --enable-cuvid --enable-dxva2 --enable-d3d11va --enable-d3d12va --enable-ffnvcodec --enable-libvpl --enable-nvdec --enable-nvenc --enable-vaapi --enable-vulkan --enable-libplacebo --enable-opencl --enable-libcdio --enable-openal --enable-libgme --enable-libmodplug --enable-libopenmpt --enable-libopencore-amrwb --enable-libmp3lame --enable-libshine --enable-libtheora --enable-libtwolame --enable-libvo-amrwbenc --enable-libcodec2 --enable-libilbc --enable-libgsm --enable-liblc3 --enable-libopencore-amrnb --enable-libopus --enable-libspeex --enable-libvorbis --enable-ladspa --enable-libbs2b --enable-libflite --enable-libmysofa --enable-librubberband --enable-libsoxr --enable-chromaprint --enable-whisper
      libavutil      61.  1.100 / 61.  1.100
      libavcodec     63.  1.100 / 63.  1.100
      libavformat    63.  1.100 / 63.  1.100
      libavdevice    63.  1.100 / 63.  1.100
      libavfilter    12.  1.100 / 12.  1.100
      libswscale     10.  1.100 / 10.  1.100
      libswresample   7.  1.100 /  7.  1.100
    [in#0 @ 00000141886eb4c0] Impossible to open 'rd_media\20260814\ರಾಮನಗರ\rd_media/20260814/ರಾಮನಗರ/frames/yt-kan/frame_00.png'
    [in#0 @ 00000141886db980] Error opening input: No such file or directory
    Error opening input file rd_media\20260814\ರಾಮನಗರ\ರಾಮನಗರ-20260814-yt-kan.frames.txt.
    Error opening input files: No such file or directory
    
[2026-08-14T15:00:46Z INFO  raitha_darpana::render] Rendering images for city '53]  ಮಾರುಕಟ್ಟೆ: ಶಿವಮೊಗ್ಗ' -> 'ಶಿವಮೊಗ್ಗ'
[2026-08-14T15:00:46Z INFO  raitha_darpana::ui] [job 171691b7-b7b3-475a-8b04-3b50789f0e94] Rendering ಶಿವಮೊಗ್ಗ (Instagram)...
[2026-08-14T15:00:46Z INFO  raitha_darpana::render] Navigating to file:///D:/Projects/uiraitah_darpana/raitha_darpana/rd_media/20260814/%E0%B2%B6%E0%B2%BF%E0%B2%B5%E0%B2%AE%E0%B3%8A%E0%B2%97%E0%B3%8D%E0%B2%97/%E0%B2%B6%E0%B2%BF%E0%B2%B5%E0%B2%AE%E0%B3%8A%E0%B2%97%E0%B3%8D%E0%B2%97-20260814-ig-kan.html (city: ಶಿವಮೊಗ್ಗ)
[2026-08-14T15:00:46Z INFO  headless_chrome::browser::tab] Navigating a tab to file:///D:/Projects/uiraitah_darpana/raitha_darpana/rd_media/20260814/%E0%B2%B6%E0%B2%BF%E0%B2%B5%E0%B2%AE%E0%B3%8A%E0%B2%97%E0%B3%8D%E0%B2%97/%E0%B2%B6%E0%B2%BF%E0%B2%B5%E0%B2%AE%E0%B3%8A%E0%B2%97%E0%B3%8D%E0%B2%97-20260814-ig-kan.html
[2026-08-14T15:00:47Z INFO  raitha_darpana::ui] [job 171691b7-b7b3-475a-8b04-3b50789f0e94] Rendering ಶಿವಮೊಗ್ಗ (YouTube)...
[2026-08-14T15:00:47Z INFO  raitha_darpana::render] Navigating to file:///D:/Projects/uiraitah_darpana/raitha_darpana/rd_media/20260814/%E0%B2%B6%E0%B2%BF%E0%B2%B5%E0%B2%AE%E0%B3%8A%E0%B2%97%E0%B3%8D%E0%B2%97/%E0%B2%B6%E0%B2%BF%E0%B2%B5%E0%B2%AE%E0%B3%8A%E0%B2%97%E0%B3%8D%E0%B2%97-20260814-yt-kan.html (city: ಶಿವಮೊಗ್ಗ)
[2026-08-14T15:00:47Z INFO  headless_chrome::browser::tab] Navigating a tab to file:///D:/Projects/uiraitah_darpana/raitha_darpana/rd_media/20260814/%E0%B2%B6%E0%B2%BF%E0%B2%B5%E0%B2%AE%E0%B3%8A%E0%B2%97%E0%B3%8D%E0%B2%97/%E0%B2%B6%E0%B2%BF%E0%B2%B5%E0%B2%AE%E0%B3%8A%E0%B2%97%E0%B3%8D%E0%B2%97-20260814-yt-kan.html
[2026-08-14T15:00:48Z INFO  raitha_darpana::voiceover] ನಮಸ್ಕಾರ ವೀಕ್ಷಕರೇ, ರೈತ ದರ್ಪಣ ಮಾರುಕಟ್ಟೆ ಬೆಲೆಗಳ ಮಾಹಿತಿ ಚಾನೆಲ್‌ಗೆ ಸುಸ್ವಾಗತ. ಇಂದಿನ ಶಿವಮೊಗ್ಗ ಮಾರುಕಟ್ಟೆಯ ತರಕಾರಿ ಬೆಲೆಗಳ ಮಾಹಿತಿ ಇಲ್ಲಿದೆ. ವರದಿ ದಿನಾಂಕ: 14/08/2026. ಟೊಮ್ಯಾಟೊ, ತಳಿ ಟೊಮ್ಯೂಟೊ: ಕನಿಷ್ಠ ಬೆಲೆ ನಾಲ್ಕು ನೂರು ರೂಪಾಯಿ, ಗರಿಷ್ಠ ಬೆಲೆ ಒಂದು ಸಾವಿರ ಎರಡು ನೂರು ರೂಪಾಯಿ. ಹುರುಳಿಕಾಯಿ, ತಳಿ ಬೀನ್ಸ್ (ವೋಲ್): ಕನಿಷ್ಠ ಬೆಲೆ ಎರಡು ಸಾವಿರ ರೂಪಾಯಿ, ಗರಿಷ್ಠ ಬೆಲೆ ಆರು ಸಾವಿರ ರೂಪಾಯಿ. ಕ್ಯಾರೆಟ್: ಕನಿಷ್ಠ ಬೆಲೆ ನಾಲ್ಕು ಸಾವಿರ ರೂಪಾಯಿ, ಗರಿಷ್ಠ ಬೆಲೆ ನಾಲ್ಕು ಸಾವಿರ ಐದು ನೂರು ರೂಪಾಯಿ. ಈರುಳ್ಳಿ: ಕನಿಷ್ಠ ಬೆಲೆ ಮೂರು ಸಾವಿರ ಎರಡು ನೂರು ರೂಪಾಯಿ, ಗರಿಷ್ಠ ಬೆಲೆ ನಾಲ್ಕು ಸಾವಿರ ಎರಡು ನೂರು ರೂಪಾಯಿ. ಸೌತೆಕಾಯಿ: ಕನಿಷ್ಠ ಬೆಲೆ ಒಂದು ಸಾವಿರ ಆರು ನೂರು ರೂಪಾಯಿ, ಗರಿಷ್ಠ ಬೆಲೆ ಎರಡು ಸಾವಿರ ಆರು ನೂರು ರೂಪಾಯಿ. ಬದನೆಕಾಯಿ: ಕನಿಷ್ಠ ಬೆಲೆ ಒಂದು ಸಾವಿರ ರೂಪಾಯಿ, ಗರಿಷ್ಠ ಬೆಲೆ ಒಂದು ಸಾವಿರ ಎರಡು ನೂರು ರೂಪಾಯಿ. ಆಲೂಗಡ್ಡೆ: ಕನಿಷ್ಠ ಬೆಲೆ ಒಂದು ಸಾವಿರ ಏಳು ನೂರು ರೂಪಾಯಿ, ಗರಿಷ್ಠ ಬೆಲೆ ಎರಡು ಸಾವಿರ ಎರಡು ನೂರು ರೂಪಾಯಿ. ಹೀರೇಕಾಯಿ, ತಳಿ ಹೀರೆಕಾಯಿ: ಕನಿಷ್ಠ ಬೆಲೆ ಎರಡು ಸಾವಿರ ನಾಲ್ಕು ನೂರು ರೂಪಾಯಿ, ಗರಿಷ್ಠ ಬೆಲೆ ಎರಡು ಸಾವಿರ ಆರು ನೂರು ರೂಪಾಯಿ. ಬೀಟ್ರೂಟ್, ತಳಿ ಬೀಟ್ ರೂಟ್: ಕನಿಷ್ಠ ಬೆಲೆ ಎರಡು ಸಾವಿರ ರೂಪಾಯಿ, ಗರಿಷ್ಠ ಬೆಲೆ ಎರಡು ಸಾವಿರ ಆರು ನೂರು ರೂಪಾಯಿ. ಎಲೆಕೋಸು: ಕನಿಷ್ಠ ಬೆಲೆ ಎಂಟು ನೂರು ರೂಪಾಯಿ, ಗರಿಷ್ಠ ಬೆಲೆ ಒಂದು ಸಾವಿರ ರೂಪಾಯಿ. ದಿನನಿತ್ಯದ ನಿಖರ ಮಾಹಿತಿಗಾಗಿ ನಮ್ಮ ಇನ್ಸ್ಟಾಗ್ರಾಮ್ ಮತ್ತು ಯೂಟ್ಯೂಬ್ ಚಾನೆಲ್‌ಗೆ ಸಬ್‌ಸ್ಕ್ರೈಬ್ ಆಗಿ. ಧನ್ಯವಾದಗಳು!
[2026-08-14T15:00:48Z INFO  raitha_darpana::ui] [job 171691b7-b7b3-475a-8b04-3b50789f0e94] Generating voiceover for ಶಿವಮೊಗ್ಗ...
[2026-08-14T15:00:50Z INFO  raitha_darpana::voiceover] 🎧 Found background music at assets\bg_music.mp3. Mixing at 6% volume.
[2026-08-14T15:00:51Z INFO  raitha_darpana::ui] [job 171691b7-b7b3-475a-8b04-3b50789f0e94] Generating Instagram video for ಶಿವಮೊಗ್ಗ...
[2026-08-14T15:00:51Z INFO  headless_chrome::browser::tab] Navigating a tab to file:///D:/Projects/uiraitah_darpana/raitha_darpana/rd_media/20260814/%E0%B2%B6%E0%B2%BF%E0%B2%B5%E0%B2%AE%E0%B3%8A%E0%B2%97%E0%B3%8D%E0%B2%97/frames/ig-kan/frame_00.html
[2026-08-14T15:00:52Z INFO  headless_chrome::browser::tab] Navigating a tab to file:///D:/Projects/uiraitah_darpana/raitha_darpana/rd_media/20260814/%E0%B2%B6%E0%B2%BF%E0%B2%B5%E0%B2%AE%E0%B3%8A%E0%B2%97%E0%B3%8D%E0%B2%97/frames/ig-kan/frame_01.html
[2026-08-14T15:00:53Z INFO  headless_chrome::browser::tab] Navigating a tab to file:///D:/Projects/uiraitah_darpana/raitha_darpana/rd_media/20260814/%E0%B2%B6%E0%B2%BF%E0%B2%B5%E0%B2%AE%E0%B3%8A%E0%B2%97%E0%B3%8D%E0%B2%97/frames/ig-kan/frame_02.html
[2026-08-14T15:00:54Z INFO  headless_chrome::browser::tab] Navigating a tab to file:///D:/Projects/uiraitah_darpana/raitha_darpana/rd_media/20260814/%E0%B2%B6%E0%B2%BF%E0%B2%B5%E0%B2%AE%E0%B3%8A%E0%B2%97%E0%B3%8D%E0%B2%97/frames/ig-kan/frame_03.html
[2026-08-14T15:00:55Z INFO  headless_chrome::browser::tab] Navigating a tab to file:///D:/Projects/uiraitah_darpana/raitha_darpana/rd_media/20260814/%E0%B2%B6%E0%B2%BF%E0%B2%B5%E0%B2%AE%E0%B3%8A%E0%B2%97%E0%B3%8D%E0%B2%97/frames/ig-kan/frame_04.html
[2026-08-14T15:00:57Z INFO  headless_chrome::browser::tab] Navigating a tab to file:///D:/Projects/uiraitah_darpana/raitha_darpana/rd_media/20260814/%E0%B2%B6%E0%B2%BF%E0%B2%B5%E0%B2%AE%E0%B3%8A%E0%B2%97%E0%B3%8D%E0%B2%97/frames/ig-kan/frame_05.html
[2026-08-14T15:00:58Z INFO  headless_chrome::browser::tab] Navigating a tab to file:///D:/Projects/uiraitah_darpana/raitha_darpana/rd_media/20260814/%E0%B2%B6%E0%B2%BF%E0%B2%B5%E0%B2%AE%E0%B3%8A%E0%B2%97%E0%B3%8D%E0%B2%97/frames/ig-kan/frame_06.html
[2026-08-14T15:00:59Z INFO  headless_chrome::browser::tab] Navigating a tab to file:///D:/Projects/uiraitah_darpana/raitha_darpana/rd_media/20260814/%E0%B2%B6%E0%B2%BF%E0%B2%B5%E0%B2%AE%E0%B3%8A%E0%B2%97%E0%B3%8D%E0%B2%97/frames/ig-kan/frame_07.html
[2026-08-14T15:01:01Z INFO  headless_chrome::browser::tab] Navigating a tab to file:///D:/Projects/uiraitah_darpana/raitha_darpana/rd_media/20260814/%E0%B2%B6%E0%B2%BF%E0%B2%B5%E0%B2%AE%E0%B3%8A%E0%B2%97%E0%B3%8D%E0%B2%97/frames/ig-kan/frame_08.html
[2026-08-14T15:01:02Z INFO  headless_chrome::browser::tab] Navigating a tab to file:///D:/Projects/uiraitah_darpana/raitha_darpana/rd_media/20260814/%E0%B2%B6%E0%B2%BF%E0%B2%B5%E0%B2%AE%E0%B3%8A%E0%B2%97%E0%B3%8D%E0%B2%97/frames/ig-kan/frame_09.html
[2026-08-14T15:01:03Z INFO  headless_chrome::browser::tab] Navigating a tab to file:///D:/Projects/uiraitah_darpana/raitha_darpana/rd_media/20260814/%E0%B2%B6%E0%B2%BF%E0%B2%B5%E0%B2%AE%E0%B3%8A%E0%B2%97%E0%B3%8D%E0%B2%97/frames/ig-kan/frame_10.html
[2026-08-14T15:01:05Z WARN  raitha_darpana::render] Animated Instagram video failed for 'ಶಿವಮೊಗ್ಗ', falling back to a static-image video: ffmpeg animated video generation failed: ffmpeg version 9.0-full_build-www.gyan.dev Copyright (c) 2000-2026 the FFmpeg developers
      built with gcc 16.1.0 (Rev2, Built by MSYS2 project)
      configuration: --enable-gpl --enable-version3 --enable-static --disable-w32threads --disable-autodetect --enable-cairo --enable-fontconfig --enable-iconv --enable-gnutls --enable-lcms2 --enable-libxml2 --enable-gmp --enable-bzlib --enable-lzma --enable-libsnappy --enable-zlib --enable-librist --enable-libsrt --enable-libssh --enable-libzmq --enable-avisynth --enable-libbluray --enable-libcaca --enable-libdvdnav --enable-libdvdread --enable-sdl2 --enable-libaribb24 --enable-libaribcaption --enable-libdav1d --enable-libdavs2 --enable-libopenjpeg --enable-libquirc --enable-libuavs3d --enable-libxevd --enable-libzvbi --enable-liboapv --enable-libqrencode --enable-librav1e --enable-libsvtav1 --enable-libvvenc --enable-libwebp --enable-libx264 --enable-libx265 --enable-libxavs2 --enable-libxeve --enable-libxvid --enable-libaom --enable-libjxl --enable-libsvtjpegxs --enable-libvpx --enable-mediafoundation --enable-libass --enable-frei0r --enable-libfreetype --enable-libfribidi --enable-libharfbuzz --enable-liblensfun --enable-libvidstab --enable-libvmaf --enable-libzimg --enable-amf --enable-cuda-llvm --enable-cuvid --enable-dxva2 --enable-d3d11va --enable-d3d12va --enable-ffnvcodec --enable-libvpl --enable-nvdec --enable-nvenc --enable-vaapi --enable-vulkan --enable-libplacebo --enable-opencl --enable-libcdio --enable-openal --enable-libgme --enable-libmodplug --enable-libopenmpt --enable-libopencore-amrwb --enable-libmp3lame --enable-libshine --enable-libtheora --enable-libtwolame --enable-libvo-amrwbenc --enable-libcodec2 --enable-libilbc --enable-libgsm --enable-liblc3 --enable-libopencore-amrnb --enable-libopus --enable-libspeex --enable-libvorbis --enable-ladspa --enable-libbs2b --enable-libflite --enable-libmysofa --enable-librubberband --enable-libsoxr --enable-chromaprint --enable-whisper
      libavutil      61.  1.100 / 61.  1.100
      libavcodec     63.  1.100 / 63.  1.100
      libavformat    63.  1.100 / 63.  1.100
      libavdevice    63.  1.100 / 63.  1.100
      libavfilter    12.  1.100 / 12.  1.100
      libswscale     10.  1.100 / 10.  1.100
      libswresample   7.  1.100 /  7.  1.100
    [in#0 @ 000001ea6bcbc2c0] Impossible to open 'rd_media\20260814\ಶಿವಮೊಗ್ಗ\rd_media/20260814/ಶಿವಮೊಗ್ಗ/frames/ig-kan/frame_00.png'
    [in#0 @ 000001ea6bc12b80] Error opening input: No such file or directory
    Error opening input file rd_media\20260814\ಶಿವಮೊಗ್ಗ\ಶಿವಮೊಗ್ಗ-20260814-ig-kan.frames.txt.
    Error opening input files: No such file or directory
    
[2026-08-14T15:01:53Z INFO  raitha_darpana::ui] [job 171691b7-b7b3-475a-8b04-3b50789f0e94] Generating YouTube video for ಶಿವಮೊಗ್ಗ...
[2026-08-14T15:01:53Z INFO  headless_chrome::browser::tab] Navigating a tab to file:///D:/Projects/uiraitah_darpana/raitha_darpana/rd_media/20260814/%E0%B2%B6%E0%B2%BF%E0%B2%B5%E0%B2%AE%E0%B3%8A%E0%B2%97%E0%B3%8D%E0%B2%97/frames/yt-kan/frame_00.html
[2026-08-14T15:01:55Z INFO  headless_chrome::browser::tab] Navigating a tab to file:///D:/Projects/uiraitah_darpana/raitha_darpana/rd_media/20260814/%E0%B2%B6%E0%B2%BF%E0%B2%B5%E0%B2%AE%E0%B3%8A%E0%B2%97%E0%B3%8D%E0%B2%97/frames/yt-kan/frame_01.html
[2026-08-14T15:01:56Z INFO  headless_chrome::browser::tab] Navigating a tab to file:///D:/Projects/uiraitah_darpana/raitha_darpana/rd_media/20260814/%E0%B2%B6%E0%B2%BF%E0%B2%B5%E0%B2%AE%E0%B3%8A%E0%B2%97%E0%B3%8D%E0%B2%97/frames/yt-kan/frame_02.html
[2026-08-14T15:01:57Z INFO  headless_chrome::browser::tab] Navigating a tab to file:///D:/Projects/uiraitah_darpana/raitha_darpana/rd_media/20260814/%E0%B2%B6%E0%B2%BF%E0%B2%B5%E0%B2%AE%E0%B3%8A%E0%B2%97%E0%B3%8D%E0%B2%97/frames/yt-kan/frame_03.html
[2026-08-14T15:01:58Z INFO  headless_chrome::browser::tab] Navigating a tab to file:///D:/Projects/uiraitah_darpana/raitha_darpana/rd_media/20260814/%E0%B2%B6%E0%B2%BF%E0%B2%B5%E0%B2%AE%E0%B3%8A%E0%B2%97%E0%B3%8D%E0%B2%97/frames/yt-kan/frame_04.html
[2026-08-14T15:01:59Z INFO  headless_chrome::browser::tab] Navigating a tab to file:///D:/Projects/uiraitah_darpana/raitha_darpana/rd_media/20260814/%E0%B2%B6%E0%B2%BF%E0%B2%B5%E0%B2%AE%E0%B3%8A%E0%B2%97%E0%B3%8D%E0%B2%97/frames/yt-kan/frame_05.html
[2026-08-14T15:02:01Z INFO  headless_chrome::browser::tab] Navigating a tab to file:///D:/Projects/uiraitah_darpana/raitha_darpana/rd_media/20260814/%E0%B2%B6%E0%B2%BF%E0%B2%B5%E0%B2%AE%E0%B3%8A%E0%B2%97%E0%B3%8D%E0%B2%97/frames/yt-kan/frame_06.html
[2026-08-14T15:02:02Z INFO  headless_chrome::browser::tab] Navigating a tab to file:///D:/Projects/uiraitah_darpana/raitha_darpana/rd_media/20260814/%E0%B2%B6%E0%B2%BF%E0%B2%B5%E0%B2%AE%E0%B3%8A%E0%B2%97%E0%B3%8D%E0%B2%97/frames/yt-kan/frame_07.html
[2026-08-14T15:02:03Z INFO  headless_chrome::browser::tab] Navigating a tab to file:///D:/Projects/uiraitah_darpana/raitha_darpana/rd_media/20260814/%E0%B2%B6%E0%B2%BF%E0%B2%B5%E0%B2%AE%E0%B3%8A%E0%B2%97%E0%B3%8D%E0%B2%97/frames/yt-kan/frame_08.html
[2026-08-14T15:02:04Z INFO  headless_chrome::browser::tab] Navigating a tab to file:///D:/Projects/uiraitah_darpana/raitha_darpana/rd_media/20260814/%E0%B2%B6%E0%B2%BF%E0%B2%B5%E0%B2%AE%E0%B3%8A%E0%B2%97%E0%B3%8D%E0%B2%97/frames/yt-kan/frame_09.html
[2026-08-14T15:02:05Z INFO  headless_chrome::browser::tab] Navigating a tab to file:///D:/Projects/uiraitah_darpana/raitha_darpana/rd_media/20260814/%E0%B2%B6%E0%B2%BF%E0%B2%B5%E0%B2%AE%E0%B3%8A%E0%B2%97%E0%B3%8D%E0%B2%97/frames/yt-kan/frame_10.html
[2026-08-14T15:02:07Z WARN  raitha_darpana::render] Animated YouTube video failed for 'ಶಿವಮೊಗ್ಗ', falling back to a static-image video: ffmpeg animated video generation failed: ffmpeg version 9.0-full_build-www.gyan.dev Copyright (c) 2000-2026 the FFmpeg developers
      built with gcc 16.1.0 (Rev2, Built by MSYS2 project)
      configuration: --enable-gpl --enable-version3 --enable-static --disable-w32threads --disable-autodetect --enable-cairo --enable-fontconfig --enable-iconv --enable-gnutls --enable-lcms2 --enable-libxml2 --enable-gmp --enable-bzlib --enable-lzma --enable-libsnappy --enable-zlib --enable-librist --enable-libsrt --enable-libssh --enable-libzmq --enable-avisynth --enable-libbluray --enable-libcaca --enable-libdvdnav --enable-libdvdread --enable-sdl2 --enable-libaribb24 --enable-libaribcaption --enable-libdav1d --enable-libdavs2 --enable-libopenjpeg --enable-libquirc --enable-libuavs3d --enable-libxevd --enable-libzvbi --enable-liboapv --enable-libqrencode --enable-librav1e --enable-libsvtav1 --enable-libvvenc --enable-libwebp --enable-libx264 --enable-libx265 --enable-libxavs2 --enable-libxeve --enable-libxvid --enable-libaom --enable-libjxl --enable-libsvtjpegxs --enable-libvpx --enable-mediafoundation --enable-libass --enable-frei0r --enable-libfreetype --enable-libfribidi --enable-libharfbuzz --enable-liblensfun --enable-libvidstab --enable-libvmaf --enable-libzimg --enable-amf --enable-cuda-llvm --enable-cuvid --enable-dxva2 --enable-d3d11va --enable-d3d12va --enable-ffnvcodec --enable-libvpl --enable-nvdec --enable-nvenc --enable-vaapi --enable-vulkan --enable-libplacebo --enable-opencl --enable-libcdio --enable-openal --enable-libgme --enable-libmodplug --enable-libopenmpt --enable-libopencore-amrwb --enable-libmp3lame --enable-libshine --enable-libtheora --enable-libtwolame --enable-libvo-amrwbenc --enable-libcodec2 --enable-libilbc --enable-libgsm --enable-liblc3 --enable-libopencore-amrnb --enable-libopus --enable-libspeex --enable-libvorbis --enable-ladspa --enable-libbs2b --enable-libflite --enable-libmysofa --enable-librubberband --enable-libsoxr --enable-chromaprint --enable-whisper
      libavutil      61.  1.100 / 61.  1.100
      libavcodec     63.  1.100 / 63.  1.100
      libavformat    63.  1.100 / 63.  1.100
      libavdevice    63.  1.100 / 63.  1.100
      libavfilter    12.  1.100 / 12.  1.100
      libswscale     10.  1.100 / 10.  1.100
      libswresample   7.  1.100 /  7.  1.100
    [in#0 @ 00000182640ed380] Impossible to open 'rd_media\20260814\ಶಿವಮೊಗ್ಗ\rd_media/20260814/ಶಿವಮೊಗ್ಗ/frames/yt-kan/frame_00.png'
    [in#0 @ 00000182640dc800] Error opening input: No such file or directory
    Error opening input file rd_media\20260814\ಶಿವಮೊಗ್ಗ\ಶಿವಮೊಗ್ಗ-20260814-yt-kan.frames.txt.
    Error opening input files: No such file or directory
    
[2026-08-14T15:02:54Z INFO  raitha_darpana::render] Rendering images for city '63]  ಮಾರುಕಟ್ಟೆ: ಹುಬ್ಬಳ್ಳಿ' -> 'ಹುಬ್ಬಳ್ಳಿ'
[2026-08-14T15:02:54Z INFO  raitha_darpana::ui] [job 171691b7-b7b3-475a-8b04-3b50789f0e94] Rendering ಹುಬ್ಬಳ್ಳಿ (Instagram)...
[2026-08-14T15:02:54Z INFO  raitha_darpana::render] Navigating to file:///D:/Projects/uiraitah_darpana/raitha_darpana/rd_media/20260814/%E0%B2%B9%E0%B3%81%E0%B2%AC%E0%B3%8D%E0%B2%AC%E0%B2%B3%E0%B3%8D%E0%B2%B3%E0%B2%BF/%E0%B2%B9%E0%B3%81%E0%B2%AC%E0%B3%8D%E0%B2%AC%E0%B2%B3%E0%B3%8D%E0%B2%B3%E0%B2%BF-20260814-ig-kan.html (city: ಹುಬ್ಬಳ್ಳಿ)
[2026-08-14T15:02:54Z INFO  headless_chrome::browser::tab] Navigating a tab to file:///D:/Projects/uiraitah_darpana/raitha_darpana/rd_media/20260814/%E0%B2%B9%E0%B3%81%E0%B2%AC%E0%B3%8D%E0%B2%AC%E0%B2%B3%E0%B3%8D%E0%B2%B3%E0%B2%BF/%E0%B2%B9%E0%B3%81%E0%B2%AC%E0%B3%8D%E0%B2%AC%E0%B2%B3%E0%B3%8D%E0%B2%B3%E0%B2%BF-20260814-ig-kan.html
[2026-08-14T15:02:56Z INFO  raitha_darpana::ui] [job 171691b7-b7b3-475a-8b04-3b50789f0e94] Rendering ಹುಬ್ಬಳ್ಳಿ (YouTube)...
[2026-08-14T15:02:56Z INFO  raitha_darpana::render] Navigating to file:///D:/Projects/uiraitah_darpana/raitha_darpana/rd_media/20260814/%E0%B2%B9%E0%B3%81%E0%B2%AC%E0%B3%8D%E0%B2%AC%E0%B2%B3%E0%B3%8D%E0%B2%B3%E0%B2%BF/%E0%B2%B9%E0%B3%81%E0%B2%AC%E0%B3%8D%E0%B2%AC%E0%B2%B3%E0%B3%8D%E0%B2%B3%E0%B2%BF-20260814-yt-kan.html (city: ಹುಬ್ಬಳ್ಳಿ)
[2026-08-14T15:02:56Z INFO  headless_chrome::browser::tab] Navigating a tab to file:///D:/Projects/uiraitah_darpana/raitha_darpana/rd_media/20260814/%E0%B2%B9%E0%B3%81%E0%B2%AC%E0%B3%8D%E0%B2%AC%E0%B2%B3%E0%B3%8D%E0%B2%B3%E0%B2%BF/%E0%B2%B9%E0%B3%81%E0%B2%AC%E0%B3%8D%E0%B2%AC%E0%B2%B3%E0%B3%8D%E0%B2%B3%E0%B2%BF-20260814-yt-kan.html
[2026-08-14T15:02:57Z INFO  raitha_darpana::voiceover] ನಮಸ್ಕಾರ ವೀಕ್ಷಕರೇ, ರೈತ ದರ್ಪಣ ಮಾರುಕಟ್ಟೆ ಬೆಲೆಗಳ ಮಾಹಿತಿ ಚಾನೆಲ್‌ಗೆ ಸುಸ್ವಾಗತ. ಇಂದಿನ ಹುಬ್ಬಳ್ಳಿ ಮಾರುಕಟ್ಟೆಯ ತರಕಾರಿ ಬೆಲೆಗಳ ಮಾಹಿತಿ ಇಲ್ಲಿದೆ. ವರದಿ ದಿನಾಂಕ: 14/08/2026. ಆಲೂಗಡ್ಡೆ: ಕನಿಷ್ಠ ಬೆಲೆ ಒಂದು ಸಾವಿರ ಆರು ನೂರು ರೂಪಾಯಿ, ಗರಿಷ್ಠ ಬೆಲೆ ಒಂದು ಸಾವಿರ ಒಂಬತ್ತು ನೂರು ರೂಪಾಯಿ. ಈರುಳ್ಳಿ, ತಳಿ ಪೂನ: ಕನಿಷ್ಠ ಬೆಲೆ ಒಂದು ಸಾವಿರ ಐದು ನೂರು ರೂಪಾಯಿ, ಗರಿಷ್ಠ ಬೆಲೆ ಮೂರು ಸಾವಿರ ಒಂದು ನೂರು ರೂಪಾಯಿ. ಹೆಸರುಕಾಳು: ಕನಿಷ್ಠ ಬೆಲೆ ಒಂದು ಸಾವಿರ ಏಳು ನೂರು ಒಂಬತ್ತು ರೂಪಾಯಿ, ಗರಿಷ್ಠ ಬೆಲೆ ಒಂಬತ್ತು ಸಾವಿರ ಮೂರು ನೂರು ಇಪ್ಪತ್ತು ಒಂಬತ್ತು ರೂಪಾಯಿ. ಕಡಲೆಕಾಳು, ತಳಿ ಜವರಿ / ಸ್ಥಳಿಯ: ಕನಿಷ್ಠ ಬೆಲೆ ನಾಲ್ಕು ಸಾವಿರ ಎರಡು ನೂರು ಎಂಭತ್ತು ಒಂಬತ್ತು ರೂಪಾಯಿ, ಗರಿಷ್ಠ ಬೆಲೆ ಆರು ಸಾವಿರ ಮೂರು ನೂರು ಅರವತ್ತು ಆರು ರೂಪಾಯಿ. ಉದ್ದಿನಕಾಳು, ತಳಿ ಉದ್ದಿನ ಕಾಳು: ಕನಿಷ್ಠ ಬೆಲೆ ಮೂರು ಸಾವಿರ ಇಪ್ಪತ್ತು ಮೂರು ರೂಪಾಯಿ, ಗರಿಷ್ಠ ಬೆಲೆ ಎಂಟು ಸಾವಿರ ಐವತ್ತು ಒಂಬತ್ತು ರೂಪಾಯಿ. ಗೋಧಿ, ತಳಿ ಜವರಿ: ಕನಿಷ್ಠ ಬೆಲೆ ಎರಡು ಸಾವಿರ ನಾಲ್ಕು ನೂರು ಮಪ್ಪತ್ತು ಐದು ರೂಪಾಯಿ, ಗರಿಷ್ಠ ಬೆಲೆ ಎರಡು ಸಾವಿರ ಏಳು ನೂರು ಇಪ್ಪತ್ತು ಏಳು ರೂಪಾಯಿ. ಸೋಯಾಬಿನ್: ಕನಿಷ್ಠ ಬೆಲೆ ಆರು ಸಾವಿರ ಎರಡು ನೂರು ಹನ್ನೊಂದು ರೂಪಾಯಿ, ಗರಿಷ್ಠ ಬೆಲೆ ಆರು ಸಾವಿರ ಎರಡು ನೂರು ಹನ್ನೊಂದು ರೂಪಾಯಿ. ಜೋಳ, ತಳಿ ಜೋಳ ಬಿಳಿ: ಕನಿಷ್ಠ ಬೆಲೆ ಎರಡು ಸಾವಿರ ನಲವತ್ತು ಆರು ರೂಪಾಯಿ, ಗರಿಷ್ಠ ಬೆಲೆ ಮೂರು ಸಾವಿರ ಐದು ನೂರು ನಲವತ್ತು ಐದು ರೂಪಾಯಿ. ಕುಸುಬೆ, ತಳಿ ಸಾಫ್ ಫ್ಲವರ್: ಕನಿಷ್ಠ ಬೆಲೆ ನಾಲ್ಕು ಸಾವಿರ ಒಂಬತ್ತು ನೂರು ಹನ್ನೆರಡು ರೂಪಾಯಿ, ಗರಿಷ್ಠ ಬೆಲೆ ನಾಲ್ಕು ಸಾವಿರ ಒಂಬತ್ತು ನೂರು ಹನ್ನೆರಡು ರೂಪಾಯಿ. ನೆಲಗಡಲೆ (ಶೇಂಗಾ), ತಳಿ ಶೇಂಗಾ ಗೆಜ್ಜೆ: ಕನಿಷ್ಠ ಬೆಲೆ ಐದು ಸಾವಿರ ಏಳು ನೂರು ಇಪ್ಪತ್ತು ಒಂಬತ್ತು ರೂಪಾಯಿ, ಗರಿಷ್ಠ ಬೆಲೆ ಐದು ಸಾವಿರ ಏಳು ನೂರು ಇಪ್ಪತ್ತು ಒಂಬತ್ತು ರೂಪಾಯಿ. ದಿನನಿತ್ಯದ ನಿಖರ ಮಾಹಿತಿಗಾಗಿ ನಮ್ಮ ಇನ್ಸ್ಟಾಗ್ರಾಮ್ ಮತ್ತು ಯೂಟ್ಯೂಬ್ ಚಾನೆಲ್‌ಗೆ ಸಬ್‌ಸ್ಕ್ರೈಬ್ ಆಗಿ. ಧನ್ಯವಾದಗಳು!
[2026-08-14T15:02:57Z INFO  raitha_darpana::ui] [job 171691b7-b7b3-475a-8b04-3b50789f0e94] Generating voiceover for ಹುಬ್ಬಳ್ಳಿ...
[2026-08-14T15:02:59Z INFO  raitha_darpana::voiceover] 🎧 Found background music at assets\bg_music.mp3. Mixing at 6% volume.
[2026-08-14T15:03:00Z INFO  raitha_darpana::ui] [job 171691b7-b7b3-475a-8b04-3b50789f0e94] Generating Instagram video for ಹುಬ್ಬಳ್ಳಿ...
[2026-08-14T15:03:00Z INFO  headless_chrome::browser::tab] Navigating a tab to file:///D:/Projects/uiraitah_darpana/raitha_darpana/rd_media/20260814/%E0%B2%B9%E0%B3%81%E0%B2%AC%E0%B3%8D%E0%B2%AC%E0%B2%B3%E0%B3%8D%E0%B2%B3%E0%B2%BF/frames/ig-kan/frame_00.html
[2026-08-14T15:03:01Z INFO  headless_chrome::browser::tab] Navigating a tab to file:///D:/Projects/uiraitah_darpana/raitha_darpana/rd_media/20260814/%E0%B2%B9%E0%B3%81%E0%B2%AC%E0%B3%8D%E0%B2%AC%E0%B2%B3%E0%B3%8D%E0%B2%B3%E0%B2%BF/frames/ig-kan/frame_01.html
[2026-08-14T15:03:03Z INFO  headless_chrome::browser::tab] Navigating a tab to file:///D:/Projects/uiraitah_darpana/raitha_darpana/rd_media/20260814/%E0%B2%B9%E0%B3%81%E0%B2%AC%E0%B3%8D%E0%B2%AC%E0%B2%B3%E0%B3%8D%E0%B2%B3%E0%B2%BF/frames/ig-kan/frame_02.html
[2026-08-14T15:03:04Z INFO  headless_chrome::browser::tab] Navigating a tab to file:///D:/Projects/uiraitah_darpana/raitha_darpana/rd_media/20260814/%E0%B2%B9%E0%B3%81%E0%B2%AC%E0%B3%8D%E0%B2%AC%E0%B2%B3%E0%B3%8D%E0%B2%B3%E0%B2%BF/frames/ig-kan/frame_03.html
[2026-08-14T15:03:05Z INFO  headless_chrome::browser::tab] Navigating a tab to file:///D:/Projects/uiraitah_darpana/raitha_darpana/rd_media/20260814/%E0%B2%B9%E0%B3%81%E0%B2%AC%E0%B3%8D%E0%B2%AC%E0%B2%B3%E0%B3%8D%E0%B2%B3%E0%B2%BF/frames/ig-kan/frame_04.html
[2026-08-14T15:03:06Z INFO  headless_chrome::browser::tab] Navigating a tab to file:///D:/Projects/uiraitah_darpana/raitha_darpana/rd_media/20260814/%E0%B2%B9%E0%B3%81%E0%B2%AC%E0%B3%8D%E0%B2%AC%E0%B2%B3%E0%B3%8D%E0%B2%B3%E0%B2%BF/frames/ig-kan/frame_05.html
[2026-08-14T15:03:08Z INFO  headless_chrome::browser::tab] Navigating a tab to file:///D:/Projects/uiraitah_darpana/raitha_darpana/rd_media/20260814/%E0%B2%B9%E0%B3%81%E0%B2%AC%E0%B3%8D%E0%B2%AC%E0%B2%B3%E0%B3%8D%E0%B2%B3%E0%B2%BF/frames/ig-kan/frame_06.html
[2026-08-14T15:03:09Z INFO  headless_chrome::browser::tab] Navigating a tab to file:///D:/Projects/uiraitah_darpana/raitha_darpana/rd_media/20260814/%E0%B2%B9%E0%B3%81%E0%B2%AC%E0%B3%8D%E0%B2%AC%E0%B2%B3%E0%B3%8D%E0%B2%B3%E0%B2%BF/frames/ig-kan/frame_07.html
[2026-08-14T15:03:11Z INFO  headless_chrome::browser::tab] Navigating a tab to file:///D:/Projects/uiraitah_darpana/raitha_darpana/rd_media/20260814/%E0%B2%B9%E0%B3%81%E0%B2%AC%E0%B3%8D%E0%B2%AC%E0%B2%B3%E0%B3%8D%E0%B2%B3%E0%B2%BF/frames/ig-kan/frame_08.html
[2026-08-14T15:03:13Z INFO  headless_chrome::browser::tab] Navigating a tab to file:///D:/Projects/uiraitah_darpana/raitha_darpana/rd_media/20260814/%E0%B2%B9%E0%B3%81%E0%B2%AC%E0%B3%8D%E0%B2%AC%E0%B2%B3%E0%B3%8D%E0%B2%B3%E0%B2%BF/frames/ig-kan/frame_09.html
[2026-08-14T15:03:14Z INFO  headless_chrome::browser::tab] Navigating a tab to file:///D:/Projects/uiraitah_darpana/raitha_darpana/rd_media/20260814/%E0%B2%B9%E0%B3%81%E0%B2%AC%E0%B3%8D%E0%B2%AC%E0%B2%B3%E0%B3%8D%E0%B2%B3%E0%B2%BF/frames/ig-kan/frame_10.html
[2026-08-14T15:03:15Z WARN  raitha_darpana::render] Animated Instagram video failed for 'ಹುಬ್ಬಳ್ಳಿ', falling back to a static-image video: ffmpeg animated video generation failed: ffmpeg version 9.0-full_build-www.gyan.dev Copyright (c) 2000-2026 the FFmpeg developers
      built with gcc 16.1.0 (Rev2, Built by MSYS2 project)
      configuration: --enable-gpl --enable-version3 --enable-static --disable-w32threads --disable-autodetect --enable-cairo --enable-fontconfig --enable-iconv --enable-gnutls --enable-lcms2 --enable-libxml2 --enable-gmp --enable-bzlib --enable-lzma --enable-libsnappy --enable-zlib --enable-librist --enable-libsrt --enable-libssh --enable-libzmq --enable-avisynth --enable-libbluray --enable-libcaca --enable-libdvdnav --enable-libdvdread --enable-sdl2 --enable-libaribb24 --enable-libaribcaption --enable-libdav1d --enable-libdavs2 --enable-libopenjpeg --enable-libquirc --enable-libuavs3d --enable-libxevd --enable-libzvbi --enable-liboapv --enable-libqrencode --enable-librav1e --enable-libsvtav1 --enable-libvvenc --enable-libwebp --enable-libx264 --enable-libx265 --enable-libxavs2 --enable-libxeve --enable-libxvid --enable-libaom --enable-libjxl --enable-libsvtjpegxs --enable-libvpx --enable-mediafoundation --enable-libass --enable-frei0r --enable-libfreetype --enable-libfribidi --enable-libharfbuzz --enable-liblensfun --enable-libvidstab --enable-libvmaf --enable-libzimg --enable-amf --enable-cuda-llvm --enable-cuvid --enable-dxva2 --enable-d3d11va --enable-d3d12va --enable-ffnvcodec --enable-libvpl --enable-nvdec --enable-nvenc --enable-vaapi --enable-vulkan --enable-libplacebo --enable-opencl --enable-libcdio --enable-openal --enable-libgme --enable-libmodplug --enable-libopenmpt --enable-libopencore-amrwb --enable-libmp3lame --enable-libshine --enable-libtheora --enable-libtwolame --enable-libvo-amrwbenc --enable-libcodec2 --enable-libilbc --enable-libgsm --enable-liblc3 --enable-libopencore-amrnb --enable-libopus --enable-libspeex --enable-libvorbis --enable-ladspa --enable-libbs2b --enable-libflite --enable-libmysofa --enable-librubberband --enable-libsoxr --enable-chromaprint --enable-whisper
      libavutil      61.  1.100 / 61.  1.100
      libavcodec     63.  1.100 / 63.  1.100
      libavformat    63.  1.100 / 63.  1.100
      libavdevice    63.  1.100 / 63.  1.100
      libavfilter    12.  1.100 / 12.  1.100
      libswscale     10.  1.100 / 10.  1.100
      libswresample   7.  1.100 /  7.  1.100
    [in#0 @ 0000029260b0ec00] Impossible to open 'rd_media\20260814\ಹುಬ್ಬಳ್ಳಿ\rd_media/20260814/ಹುಬ್ಬಳ್ಳಿ/frames/ig-kan/frame_00.png'
    [in#0 @ 0000029260a608c0] Error opening input: No such file or directory
    Error opening input file rd_media\20260814\ಹುಬ್ಬಳ್ಳಿ\ಹುಬ್ಬಳ್ಳಿ-20260814-ig-kan.frames.txt.
    Error opening input files: No such file or directory
    
[2026-08-14T15:04:11Z INFO  raitha_darpana::ui] [job 171691b7-b7b3-475a-8b04-3b50789f0e94] Generating YouTube video for ಹುಬ್ಬಳ್ಳಿ...
[2026-08-14T15:04:11Z INFO  headless_chrome::browser::tab] Navigating a tab to file:///D:/Projects/uiraitah_darpana/raitha_darpana/rd_media/20260814/%E0%B2%B9%E0%B3%81%E0%B2%AC%E0%B3%8D%E0%B2%AC%E0%B2%B3%E0%B3%8D%E0%B2%B3%E0%B2%BF/frames/yt-kan/frame_00.html
[2026-08-14T15:04:12Z INFO  headless_chrome::browser::tab] Navigating a tab to file:///D:/Projects/uiraitah_darpana/raitha_darpana/rd_media/20260814/%E0%B2%B9%E0%B3%81%E0%B2%AC%E0%B3%8D%E0%B2%AC%E0%B2%B3%E0%B3%8D%E0%B2%B3%E0%B2%BF/frames/yt-kan/frame_01.html
[2026-08-14T15:04:13Z INFO  headless_chrome::browser::tab] Navigating a tab to file:///D:/Projects/uiraitah_darpana/raitha_darpana/rd_media/20260814/%E0%B2%B9%E0%B3%81%E0%B2%AC%E0%B3%8D%E0%B2%AC%E0%B2%B3%E0%B3%8D%E0%B2%B3%E0%B2%BF/frames/yt-kan/frame_02.html
[2026-08-14T15:04:15Z INFO  headless_chrome::browser::tab] Navigating a tab to file:///D:/Projects/uiraitah_darpana/raitha_darpana/rd_media/20260814/%E0%B2%B9%E0%B3%81%E0%B2%AC%E0%B3%8D%E0%B2%AC%E0%B2%B3%E0%B3%8D%E0%B2%B3%E0%B2%BF/frames/yt-kan/frame_03.html
[2026-08-14T15:04:16Z INFO  headless_chrome::browser::tab] Navigating a tab to file:///D:/Projects/uiraitah_darpana/raitha_darpana/rd_media/20260814/%E0%B2%B9%E0%B3%81%E0%B2%AC%E0%B3%8D%E0%B2%AC%E0%B2%B3%E0%B3%8D%E0%B2%B3%E0%B2%BF/frames/yt-kan/frame_04.html
[2026-08-14T15:04:18Z INFO  headless_chrome::browser::tab] Navigating a tab to file:///D:/Projects/uiraitah_darpana/raitha_darpana/rd_media/20260814/%E0%B2%B9%E0%B3%81%E0%B2%AC%E0%B3%8D%E0%B2%AC%E0%B2%B3%E0%B3%8D%E0%B2%B3%E0%B2%BF/frames/yt-kan/frame_05.html
[2026-08-14T15:04:19Z INFO  headless_chrome::browser::tab] Navigating a tab to file:///D:/Projects/uiraitah_darpana/raitha_darpana/rd_media/20260814/%E0%B2%B9%E0%B3%81%E0%B2%AC%E0%B3%8D%E0%B2%AC%E0%B2%B3%E0%B3%8D%E0%B2%B3%E0%B2%BF/frames/yt-kan/frame_06.html
[2026-08-14T15:04:20Z INFO  headless_chrome::browser::tab] Navigating a tab to file:///D:/Projects/uiraitah_darpana/raitha_darpana/rd_media/20260814/%E0%B2%B9%E0%B3%81%E0%B2%AC%E0%B3%8D%E0%B2%AC%E0%B2%B3%E0%B3%8D%E0%B2%B3%E0%B2%BF/frames/yt-kan/frame_07.html
[2026-08-14T15:04:22Z INFO  headless_chrome::browser::tab] Navigating a tab to file:///D:/Projects/uiraitah_darpana/raitha_darpana/rd_media/20260814/%E0%B2%B9%E0%B3%81%E0%B2%AC%E0%B3%8D%E0%B2%AC%E0%B2%B3%E0%B3%8D%E0%B2%B3%E0%B2%BF/frames/yt-kan/frame_08.html
[2026-08-14T15:04:23Z INFO  headless_chrome::browser::tab] Navigating a tab to file:///D:/Projects/uiraitah_darpana/raitha_darpana/rd_media/20260814/%E0%B2%B9%E0%B3%81%E0%B2%AC%E0%B3%8D%E0%B2%AC%E0%B2%B3%E0%B3%8D%E0%B2%B3%E0%B2%BF/frames/yt-kan/frame_09.html
[2026-08-14T15:04:24Z INFO  headless_chrome::browser::tab] Navigating a tab to file:///D:/Projects/uiraitah_darpana/raitha_darpana/rd_media/20260814/%E0%B2%B9%E0%B3%81%E0%B2%AC%E0%B3%8D%E0%B2%AC%E0%B2%B3%E0%B3%8D%E0%B2%B3%E0%B2%BF/frames/yt-kan/frame_10.html
[2026-08-14T15:04:26Z WARN  raitha_darpana::render] Animated YouTube video failed for 'ಹುಬ್ಬಳ್ಳಿ', falling back to a static-image video: ffmpeg animated video generation failed: ffmpeg version 9.0-full_build-www.gyan.dev Copyright (c) 2000-2026 the FFmpeg developers
      built with gcc 16.1.0 (Rev2, Built by MSYS2 project)
      configuration: --enable-gpl --enable-version3 --enable-static --disable-w32threads --disable-autodetect --enable-cairo --enable-fontconfig --enable-iconv --enable-gnutls --enable-lcms2 --enable-libxml2 --enable-gmp --enable-bzlib --enable-lzma --enable-libsnappy --enable-zlib --enable-librist --enable-libsrt --enable-libssh --enable-libzmq --enable-avisynth --enable-libbluray --enable-libcaca --enable-libdvdnav --enable-libdvdread --enable-sdl2 --enable-libaribb24 --enable-libaribcaption --enable-libdav1d --enable-libdavs2 --enable-libopenjpeg --enable-libquirc --enable-libuavs3d --enable-libxevd --enable-libzvbi --enable-liboapv --enable-libqrencode --enable-librav1e --enable-libsvtav1 --enable-libvvenc --enable-libwebp --enable-libx264 --enable-libx265 --enable-libxavs2 --enable-libxeve --enable-libxvid --enable-libaom --enable-libjxl --enable-libsvtjpegxs --enable-libvpx --enable-mediafoundation --enable-libass --enable-frei0r --enable-libfreetype --enable-libfribidi --enable-libharfbuzz --enable-liblensfun --enable-libvidstab --enable-libvmaf --enable-libzimg --enable-amf --enable-cuda-llvm --enable-cuvid --enable-dxva2 --enable-d3d11va --enable-d3d12va --enable-ffnvcodec --enable-libvpl --enable-nvdec --enable-nvenc --enable-vaapi --enable-vulkan --enable-libplacebo --enable-opencl --enable-libcdio --enable-openal --enable-libgme --enable-libmodplug --enable-libopenmpt --enable-libopencore-amrwb --enable-libmp3lame --enable-libshine --enable-libtheora --enable-libtwolame --enable-libvo-amrwbenc --enable-libcodec2 --enable-libilbc --enable-libgsm --enable-liblc3 --enable-libopencore-amrnb --enable-libopus --enable-libspeex --enable-libvorbis --enable-ladspa --enable-libbs2b --enable-libflite --enable-libmysofa --enable-librubberband --enable-libsoxr --enable-chromaprint --enable-whisper
      libavutil      61.  1.100 / 61.  1.100
      libavcodec     63.  1.100 / 63.  1.100
      libavformat    63.  1.100 / 63.  1.100
      libavdevice    63.  1.100 / 63.  1.100
      libavfilter    12.  1.100 / 12.  1.100
      libswscale     10.  1.100 / 10.  1.100
      libswresample   7.  1.100 /  7.  1.100
    [in#0 @ 0000026ee7aac340] Impossible to open 'rd_media\20260814\ಹುಬ್ಬಳ್ಳಿ\rd_media/20260814/ಹುಬ್ಬಳ್ಳಿ/frames/yt-kan/frame_00.png'
    [in#0 @ 0000026ee7a00d00] Error opening input: No such file or directory
    Error opening input file rd_media\20260814\ಹುಬ್ಬಳ್ಳಿ\ಹುಬ್ಬಳ್ಳಿ-20260814-yt-kan.frames.txt.
    Error opening input files: No such file or directory
    
[2026-08-14T15:05:20Z INFO  raitha_darpana::ui] [job 171691b7-b7b3-475a-8b04-3b50789f0e94] Render complete.
[2026-08-14T15:05:20Z INFO  headless_chrome::browser] Dropping browser
[2026-08-14T15:05:20Z INFO  headless_chrome::browser::process] Killing Chrome. PID: 40456
[2026-08-14T15:05:20Z INFO  headless_chrome::browser::transport] Transport incoming message loop loop received shutdown message
[2026-08-14T15:05:20Z INFO  headless_chrome::browser::transport::web_socket_connection] Sending shutdown message to message handling loop
[2026-08-14T15:05:20Z INFO  headless_chrome::browser] Browser event loop received shutdown message
[2026-08-14T15:05:20Z INFO  headless_chrome::browser::transport] Shutting down message handling loop
[2026-08-14T15:05:20Z INFO  headless_chrome::browser] Finished browser's event handling loop
[2026-08-14T15:05:20Z INFO  headless_chrome::browser::transport] cleared listeners, I think
[2026-08-14T15:05:20Z INFO  headless_chrome::browser::tab] finished tab's event handling loop
[2026-08-14T15:05:20Z INFO  headless_chrome::browser::tab] finished tab's event handling loop
[2026-08-14T15:05:21Z INFO  headless_chrome::browser::transport] dropping transport
[2026-08-14T15:05:21Z INFO  headless_chrome::browser::transport::web_socket_connection] dropping websocket connection
[2026-08-15T16:31:54Z INFO  raitha_darpana] === raitha_darpana started, logging to rd_media\rd.log ===
[2026-08-15T16:31:54Z INFO  raitha_darpana::ui] Web UI listening on http://127.0.0.1:56707
[2026-08-15T16:34:41Z INFO  headless_chrome::browser::process] Launching Chrome binary at C:\Program Files\Google\Chrome\Application\chrome.exe
[2026-08-15T16:34:41Z INFO  headless_chrome::browser::process] Started Chrome. PID: 52188
[2026-08-15T16:34:43Z INFO  headless_chrome::browser::tab] Navigating a tab to https://krama.karnataka.gov.in/Kannada/Main_rep
[2026-08-15T16:34:51Z INFO  raitha_darpana::scrape] Report Date: 15/08/2026
[2026-08-15T16:34:51Z INFO  raitha_darpana::scrape] Total Cities: 3
[2026-08-15T16:34:51Z INFO  raitha_darpana::scrape] City: 1]  ಮಾರುಕಟ್ಟೆ: ಚಾಮರಾಜನಗರ - Commodities: 3
[2026-08-15T16:34:51Z INFO  raitha_darpana::scrape] City: 2]  ಮಾರುಕಟ್ಟೆ: ತೀರ್ಥಹಳ್ಳಿ - Commodities: 6
[2026-08-15T16:34:51Z INFO  raitha_darpana::scrape] City: 3]  ಮಾರುಕಟ್ಟೆ: ರಾಮನಗರ - Commodities: 22
[2026-08-15T16:34:51Z INFO  headless_chrome::browser] Dropping browser
[2026-08-15T16:34:51Z INFO  headless_chrome::browser::process] Killing Chrome. PID: 52188
[2026-08-15T16:34:51Z INFO  headless_chrome::browser::transport] Transport incoming message loop loop received shutdown message
[2026-08-15T16:34:51Z INFO  headless_chrome::browser::transport] Shutting down message handling loop
[2026-08-15T16:34:51Z INFO  headless_chrome::browser::transport::web_socket_connection] Sending shutdown message to message handling loop
[2026-08-15T16:34:51Z INFO  headless_chrome::browser::transport] cleared listeners, I think
[2026-08-15T16:34:51Z INFO  headless_chrome::browser::tab] finished tab's event handling loop
[2026-08-15T16:34:51Z INFO  headless_chrome::browser::tab] finished tab's event handling loop
[2026-08-15T16:34:51Z INFO  headless_chrome::browser] Finished browser's event handling loop
[2026-08-15T16:35:12Z INFO  raitha_darpana::ui] [job 2ce3e505-4274-4ab9-9b8b-18afaca757d5] Launching renderer...
[2026-08-15T16:35:12Z INFO  headless_chrome::browser::process] Launching Chrome binary at C:\Program Files\Google\Chrome\Application\chrome.exe
[2026-08-15T16:35:12Z INFO  headless_chrome::browser::process] Started Chrome. PID: 36768
[2026-08-15T16:35:14Z INFO  raitha_darpana::render] Rendering images for city '2]  ಮಾರುಕಟ್ಟೆ: ತೀರ್ಥಹಳ್ಳಿ' -> 'ತೀರ್ಥಹಳ್ಳಿ'
[2026-08-15T16:35:14Z INFO  raitha_darpana::ui] [job 2ce3e505-4274-4ab9-9b8b-18afaca757d5] Rendering ತೀರ್ಥಹಳ್ಳಿ (Instagram)...
[2026-08-15T16:35:14Z INFO  raitha_darpana::render] Navigating to file:///D:/Projects/uiraitah_darpana/raitha_darpana/rd_media/20260815/%E0%B2%A4%E0%B3%80%E0%B2%B0%E0%B3%8D%E0%B2%A5%E0%B2%B9%E0%B2%B3%E0%B3%8D%E0%B2%B3%E0%B2%BF/%E0%B2%A4%E0%B3%80%E0%B2%B0%E0%B3%8D%E0%B2%A5%E0%B2%B9%E0%B2%B3%E0%B3%8D%E0%B2%B3%E0%B2%BF-20260815-ig-kan.html (city: ತೀರ್ಥಹಳ್ಳಿ)
[2026-08-15T16:35:14Z INFO  headless_chrome::browser::tab] Navigating a tab to file:///D:/Projects/uiraitah_darpana/raitha_darpana/rd_media/20260815/%E0%B2%A4%E0%B3%80%E0%B2%B0%E0%B3%8D%E0%B2%A5%E0%B2%B9%E0%B2%B3%E0%B3%8D%E0%B2%B3%E0%B2%BF/%E0%B2%A4%E0%B3%80%E0%B2%B0%E0%B3%8D%E0%B2%A5%E0%B2%B9%E0%B2%B3%E0%B3%8D%E0%B2%B3%E0%B2%BF-20260815-ig-kan.html
[2026-08-15T16:35:16Z INFO  raitha_darpana::ui] [job 2ce3e505-4274-4ab9-9b8b-18afaca757d5] Rendering ತೀರ್ಥಹಳ್ಳಿ (YouTube)...
[2026-08-15T16:35:16Z INFO  raitha_darpana::render] Navigating to file:///D:/Projects/uiraitah_darpana/raitha_darpana/rd_media/20260815/%E0%B2%A4%E0%B3%80%E0%B2%B0%E0%B3%8D%E0%B2%A5%E0%B2%B9%E0%B2%B3%E0%B3%8D%E0%B2%B3%E0%B2%BF/%E0%B2%A4%E0%B3%80%E0%B2%B0%E0%B3%8D%E0%B2%A5%E0%B2%B9%E0%B2%B3%E0%B3%8D%E0%B2%B3%E0%B2%BF-20260815-yt-kan.html (city: ತೀರ್ಥಹಳ್ಳಿ)
[2026-08-15T16:35:16Z INFO  headless_chrome::browser::tab] Navigating a tab to file:///D:/Projects/uiraitah_darpana/raitha_darpana/rd_media/20260815/%E0%B2%A4%E0%B3%80%E0%B2%B0%E0%B3%8D%E0%B2%A5%E0%B2%B9%E0%B2%B3%E0%B3%8D%E0%B2%B3%E0%B2%BF/%E0%B2%A4%E0%B3%80%E0%B2%B0%E0%B3%8D%E0%B2%A5%E0%B2%B9%E0%B2%B3%E0%B3%8D%E0%B2%B3%E0%B2%BF-20260815-yt-kan.html
[2026-08-15T16:35:18Z INFO  raitha_darpana::voiceover] ನಮಸ್ಕಾರ ವೀಕ್ಷಕರೇ, ರೈತ ದರ್ಪಣ ಮಾರುಕಟ್ಟೆ ಬೆಲೆಗಳ ಮಾಹಿತಿ ಚಾನೆಲ್‌ಗೆ ಸುಸ್ವಾಗತ. ಇಂದಿನ ತೀರ್ಥಹಳ್ಳಿ ಮಾರುಕಟ್ಟೆಯ ತರಕಾರಿ ಬೆಲೆಗಳ ಮಾಹಿತಿ ಇಲ್ಲಿದೆ. ವರದಿ ದಿನಾಂಕ: 15/08/2026. ಅಡಿಕೆ, ತಳಿ ರಾಶಿ: ಕನಿಷ್ಠ ಬೆಲೆ ನಲವತ್ತು ಸಾವಿರ ಒಂದು ನೂರು ತೊಂಬತ್ತು ಒಂಬತ್ತು ರೂಪಾಯಿ, ಗರಿಷ್ಠ ಬೆಲೆ ಐವತ್ತು ಒಂದು ಸಾವಿರ ಏಳು ನೂರು ತೊಂಬತ್ತು ಒಂಬತ್ತು ರೂಪಾಯಿ. ಅಡಿಕೆ, ತಳಿ ಗೊರಬಲು: ಕನಿಷ್ಠ ಬೆಲೆ ಮೂವತ್ತು ಮೂರು ಸಾವಿರ ರೂಪಾಯಿ, ಗರಿಷ್ಠ ಬೆಲೆ ನಲವತ್ತು ಎರಡು ಸಾವಿರ ಎಂಭತ್ತು ಒಂಬತ್ತು ರೂಪಾಯಿ. ಅಡಿಕೆ, ತಳಿ ಸರಕು: ಕನಿಷ್ಠ ಬೆಲೆ ಅರವತ್ತು ಸಾವಿರ ಒಂಬತ್ತು ನೂರು ತೊಂಬತ್ತು ಒಂಬತ್ತು ರೂಪಾಯಿ, ಗರಿಷ್ಠ ಬೆಲೆ ಎಂಭತ್ತು ಎಂಟು ಸಾವಿರ ಒಂದು ನೂರು ರೂಪಾಯಿ. ಅಡಿಕೆ, ತಳಿ ಬೆಟ್ಟೆ: ಕನಿಷ್ಠ ಬೆಲೆ ನಲವತ್ತು ಒಂದು ಸಾವಿರ ಐದು ನೂರು ತೊಂಬತ್ತು ಒಂಬತ್ತು ರೂಪಾಯಿ, ಗರಿಷ್ಠ ಬೆಲೆ ಅರವತ್ತು ಒಂದು ಸಾವಿರ ಐದು ನೂರು ತೊಂಬತ್ತು ಒಂಬತ್ತು ರೂಪಾಯಿ. ಅಡಿಕೆ, ತಳಿ ಈಡಿ: ಕನಿಷ್ಠ ಬೆಲೆ ನಲವತ್ತು ಸಾವಿರ ರೂಪಾಯಿ, ಗರಿಷ್ಠ ಬೆಲೆ ಐವತ್ತು ಎರಡು ಸಾವಿರ ಎಂಭತ್ತು ಒಂಬತ್ತು ರೂಪಾಯಿ. ಮೆಣಸು, ತಳಿ ಇತರೆ: ಕನಿಷ್ಠ ಬೆಲೆ ಅರವತ್ತು ಒಂಬತ್ತು ಸಾವಿರ ಎಂಟು ನೂರು ಹನ್ನೊಂದು ರೂಪಾಯಿ, ಗರಿಷ್ಠ ಬೆಲೆ ಅರವತ್ತು ಒಂಬತ್ತು ಸಾವಿರ ಎಂಟು ನೂರು ಹನ್ನೊಂದು ರೂಪಾಯಿ. ದಿನನಿತ್ಯದ ನಿಖರ ಮಾಹಿತಿಗಾಗಿ ನಮ್ಮ ಇನ್ಸ್ಟಾಗ್ರಾಮ್ ಮತ್ತು ಯೂಟ್ಯೂಬ್ ಚಾನೆಲ್‌ಗೆ ಸಬ್‌ಸ್ಕ್ರೈಬ್ ಆಗಿ. ಧನ್ಯವಾದಗಳು!
[2026-08-15T16:35:18Z INFO  raitha_darpana::ui] [job 2ce3e505-4274-4ab9-9b8b-18afaca757d5] Generating voiceover for ತೀರ್ಥಹಳ್ಳಿ...
[2026-08-15T16:35:22Z INFO  raitha_darpana::voiceover] 🎧 Found background music at assets\bg_music.mp3. Mixing at 6% volume.
[2026-08-15T16:35:23Z INFO  raitha_darpana::ui] [job 2ce3e505-4274-4ab9-9b8b-18afaca757d5] Generating Instagram video for ತೀರ್ಥಹಳ್ಳಿ...
[2026-08-15T16:35:23Z INFO  headless_chrome::browser::tab] Navigating a tab to file:///D:/Projects/uiraitah_darpana/raitha_darpana/rd_media/20260815/%E0%B2%A4%E0%B3%80%E0%B2%B0%E0%B3%8D%E0%B2%A5%E0%B2%B9%E0%B2%B3%E0%B3%8D%E0%B2%B3%E0%B2%BF/frames/ig-kan/frame_00.html
[2026-08-15T16:35:25Z INFO  headless_chrome::browser::tab] Navigating a tab to file:///D:/Projects/uiraitah_darpana/raitha_darpana/rd_media/20260815/%E0%B2%A4%E0%B3%80%E0%B2%B0%E0%B3%8D%E0%B2%A5%E0%B2%B9%E0%B2%B3%E0%B3%8D%E0%B2%B3%E0%B2%BF/frames/ig-kan/frame_01.html
[2026-08-15T16:35:27Z INFO  headless_chrome::browser::tab] Navigating a tab to file:///D:/Projects/uiraitah_darpana/raitha_darpana/rd_media/20260815/%E0%B2%A4%E0%B3%80%E0%B2%B0%E0%B3%8D%E0%B2%A5%E0%B2%B9%E0%B2%B3%E0%B3%8D%E0%B2%B3%E0%B2%BF/frames/ig-kan/frame_02.html
[2026-08-15T16:35:28Z INFO  headless_chrome::browser::tab] Navigating a tab to file:///D:/Projects/uiraitah_darpana/raitha_darpana/rd_media/20260815/%E0%B2%A4%E0%B3%80%E0%B2%B0%E0%B3%8D%E0%B2%A5%E0%B2%B9%E0%B2%B3%E0%B3%8D%E0%B2%B3%E0%B2%BF/frames/ig-kan/frame_03.html
[2026-08-15T16:35:30Z INFO  headless_chrome::browser::tab] Navigating a tab to file:///D:/Projects/uiraitah_darpana/raitha_darpana/rd_media/20260815/%E0%B2%A4%E0%B3%80%E0%B2%B0%E0%B3%8D%E0%B2%A5%E0%B2%B9%E0%B2%B3%E0%B3%8D%E0%B2%B3%E0%B2%BF/frames/ig-kan/frame_04.html
[2026-08-15T16:35:31Z INFO  headless_chrome::browser::tab] Navigating a tab to file:///D:/Projects/uiraitah_darpana/raitha_darpana/rd_media/20260815/%E0%B2%A4%E0%B3%80%E0%B2%B0%E0%B3%8D%E0%B2%A5%E0%B2%B9%E0%B2%B3%E0%B3%8D%E0%B2%B3%E0%B2%BF/frames/ig-kan/frame_05.html
[2026-08-15T16:35:33Z INFO  headless_chrome::browser::tab] Navigating a tab to file:///D:/Projects/uiraitah_darpana/raitha_darpana/rd_media/20260815/%E0%B2%A4%E0%B3%80%E0%B2%B0%E0%B3%8D%E0%B2%A5%E0%B2%B9%E0%B2%B3%E0%B3%8D%E0%B2%B3%E0%B2%BF/frames/ig-kan/frame_06.html
[2026-08-15T16:35:35Z WARN  raitha_darpana::render] Animated Instagram video failed for 'ತೀರ್ಥಹಳ್ಳಿ', falling back to a static-image video: ffmpeg animated video generation failed: ffmpeg version 9.0-full_build-www.gyan.dev Copyright (c) 2000-2026 the FFmpeg developers
      built with gcc 16.1.0 (Rev2, Built by MSYS2 project)
      configuration: --enable-gpl --enable-version3 --enable-static --disable-w32threads --disable-autodetect --enable-cairo --enable-fontconfig --enable-iconv --enable-gnutls --enable-lcms2 --enable-libxml2 --enable-gmp --enable-bzlib --enable-lzma --enable-libsnappy --enable-zlib --enable-librist --enable-libsrt --enable-libssh --enable-libzmq --enable-avisynth --enable-libbluray --enable-libcaca --enable-libdvdnav --enable-libdvdread --enable-sdl2 --enable-libaribb24 --enable-libaribcaption --enable-libdav1d --enable-libdavs2 --enable-libopenjpeg --enable-libquirc --enable-libuavs3d --enable-libxevd --enable-libzvbi --enable-liboapv --enable-libqrencode --enable-librav1e --enable-libsvtav1 --enable-libvvenc --enable-libwebp --enable-libx264 --enable-libx265 --enable-libxavs2 --enable-libxeve --enable-libxvid --enable-libaom --enable-libjxl --enable-libsvtjpegxs --enable-libvpx --enable-mediafoundation --enable-libass --enable-frei0r --enable-libfreetype --enable-libfribidi --enable-libharfbuzz --enable-liblensfun --enable-libvidstab --enable-libvmaf --enable-libzimg --enable-amf --enable-cuda-llvm --enable-cuvid --enable-dxva2 --enable-d3d11va --enable-d3d12va --enable-ffnvcodec --enable-libvpl --enable-nvdec --enable-nvenc --enable-vaapi --enable-vulkan --enable-libplacebo --enable-opencl --enable-libcdio --enable-openal --enable-libgme --enable-libmodplug --enable-libopenmpt --enable-libopencore-amrwb --enable-libmp3lame --enable-libshine --enable-libtheora --enable-libtwolame --enable-libvo-amrwbenc --enable-libcodec2 --enable-libilbc --enable-libgsm --enable-liblc3 --enable-libopencore-amrnb --enable-libopus --enable-libspeex --enable-libvorbis --enable-ladspa --enable-libbs2b --enable-libflite --enable-libmysofa --enable-librubberband --enable-libsoxr --enable-chromaprint --enable-whisper
      libavutil      61.  1.100 / 61.  1.100
      libavcodec     63.  1.100 / 63.  1.100
      libavformat    63.  1.100 / 63.  1.100
      libavdevice    63.  1.100 / 63.  1.100
      libavfilter    12.  1.100 / 12.  1.100
      libswscale     10.  1.100 / 10.  1.100
      libswresample   7.  1.100 /  7.  1.100
    [in#0 @ 000001f18685d3c0] Impossible to open 'rd_media\20260815\ತೀರ್ಥಹಳ್ಳಿ\rd_media/20260815/ತೀರ್ಥಹಳ್ಳಿ/frames/ig-kan/frame_00.png'
    [in#0 @ 000001f1867b1140] Error opening input: No such file or directory
    Error opening input file rd_media\20260815\ತೀರ್ಥಹಳ್ಳಿ\ತೀರ್ಥಹಳ್ಳಿ-20260815-ig-kan.frames.txt.
    Error opening input files: No such file or directory
    
[2026-08-15T16:36:25Z INFO  raitha_darpana::ui] [job 2ce3e505-4274-4ab9-9b8b-18afaca757d5] Generating YouTube video for ತೀರ್ಥಹಳ್ಳಿ...
[2026-08-15T16:36:25Z INFO  headless_chrome::browser::tab] Navigating a tab to file:///D:/Projects/uiraitah_darpana/raitha_darpana/rd_media/20260815/%E0%B2%A4%E0%B3%80%E0%B2%B0%E0%B3%8D%E0%B2%A5%E0%B2%B9%E0%B2%B3%E0%B3%8D%E0%B2%B3%E0%B2%BF/frames/yt-kan/frame_00.html
[2026-08-15T16:36:27Z INFO  headless_chrome::browser::tab] Navigating a tab to file:///D:/Projects/uiraitah_darpana/raitha_darpana/rd_media/20260815/%E0%B2%A4%E0%B3%80%E0%B2%B0%E0%B3%8D%E0%B2%A5%E0%B2%B9%E0%B2%B3%E0%B3%8D%E0%B2%B3%E0%B2%BF/frames/yt-kan/frame_01.html
[2026-08-15T16:36:28Z INFO  headless_chrome::browser::tab] Navigating a tab to file:///D:/Projects/uiraitah_darpana/raitha_darpana/rd_media/20260815/%E0%B2%A4%E0%B3%80%E0%B2%B0%E0%B3%8D%E0%B2%A5%E0%B2%B9%E0%B2%B3%E0%B3%8D%E0%B2%B3%E0%B2%BF/frames/yt-kan/frame_02.html
[2026-08-15T16:36:29Z INFO  headless_chrome::browser::tab] Navigating a tab to file:///D:/Projects/uiraitah_darpana/raitha_darpana/rd_media/20260815/%E0%B2%A4%E0%B3%80%E0%B2%B0%E0%B3%8D%E0%B2%A5%E0%B2%B9%E0%B2%B3%E0%B3%8D%E0%B2%B3%E0%B2%BF/frames/yt-kan/frame_03.html
[2026-08-15T16:36:31Z INFO  headless_chrome::browser::tab] Navigating a tab to file:///D:/Projects/uiraitah_darpana/raitha_darpana/rd_media/20260815/%E0%B2%A4%E0%B3%80%E0%B2%B0%E0%B3%8D%E0%B2%A5%E0%B2%B9%E0%B2%B3%E0%B3%8D%E0%B2%B3%E0%B2%BF/frames/yt-kan/frame_04.html
[2026-08-15T16:36:32Z INFO  headless_chrome::browser::tab] Navigating a tab to file:///D:/Projects/uiraitah_darpana/raitha_darpana/rd_media/20260815/%E0%B2%A4%E0%B3%80%E0%B2%B0%E0%B3%8D%E0%B2%A5%E0%B2%B9%E0%B2%B3%E0%B3%8D%E0%B2%B3%E0%B2%BF/frames/yt-kan/frame_05.html
[2026-08-15T16:36:34Z INFO  headless_chrome::browser::tab] Navigating a tab to file:///D:/Projects/uiraitah_darpana/raitha_darpana/rd_media/20260815/%E0%B2%A4%E0%B3%80%E0%B2%B0%E0%B3%8D%E0%B2%A5%E0%B2%B9%E0%B2%B3%E0%B3%8D%E0%B2%B3%E0%B2%BF/frames/yt-kan/frame_06.html
[2026-08-15T16:36:35Z WARN  raitha_darpana::render] Animated YouTube video failed for 'ತೀರ್ಥಹಳ್ಳಿ', falling back to a static-image video: ffmpeg animated video generation failed: ffmpeg version 9.0-full_build-www.gyan.dev Copyright (c) 2000-2026 the FFmpeg developers
      built with gcc 16.1.0 (Rev2, Built by MSYS2 project)
      configuration: --enable-gpl --enable-version3 --enable-static --disable-w32threads --disable-autodetect --enable-cairo --enable-fontconfig --enable-iconv --enable-gnutls --enable-lcms2 --enable-libxml2 --enable-gmp --enable-bzlib --enable-lzma --enable-libsnappy --enable-zlib --enable-librist --enable-libsrt --enable-libssh --enable-libzmq --enable-avisynth --enable-libbluray --enable-libcaca --enable-libdvdnav --enable-libdvdread --enable-sdl2 --enable-libaribb24 --enable-libaribcaption --enable-libdav1d --enable-libdavs2 --enable-libopenjpeg --enable-libquirc --enable-libuavs3d --enable-libxevd --enable-libzvbi --enable-liboapv --enable-libqrencode --enable-librav1e --enable-libsvtav1 --enable-libvvenc --enable-libwebp --enable-libx264 --enable-libx265 --enable-libxavs2 --enable-libxeve --enable-libxvid --enable-libaom --enable-libjxl --enable-libsvtjpegxs --enable-libvpx --enable-mediafoundation --enable-libass --enable-frei0r --enable-libfreetype --enable-libfribidi --enable-libharfbuzz --enable-liblensfun --enable-libvidstab --enable-libvmaf --enable-libzimg --enable-amf --enable-cuda-llvm --enable-cuvid --enable-dxva2 --enable-d3d11va --enable-d3d12va --enable-ffnvcodec --enable-libvpl --enable-nvdec --enable-nvenc --enable-vaapi --enable-vulkan --enable-libplacebo --enable-opencl --enable-libcdio --enable-openal --enable-libgme --enable-libmodplug --enable-libopenmpt --enable-libopencore-amrwb --enable-libmp3lame --enable-libshine --enable-libtheora --enable-libtwolame --enable-libvo-amrwbenc --enable-libcodec2 --enable-libilbc --enable-libgsm --enable-liblc3 --enable-libopencore-amrnb --enable-libopus --enable-libspeex --enable-libvorbis --enable-ladspa --enable-libbs2b --enable-libflite --enable-libmysofa --enable-librubberband --enable-libsoxr --enable-chromaprint --enable-whisper
      libavutil      61.  1.100 / 61.  1.100
      libavcodec     63.  1.100 / 63.  1.100
      libavformat    63.  1.100 / 63.  1.100
      libavdevice    63.  1.100 / 63.  1.100
      libavfilter    12.  1.100 / 12.  1.100
      libswscale     10.  1.100 / 10.  1.100
      libswresample   7.  1.100 /  7.  1.100
    [in#0 @ 0000019efd472ac0] Impossible to open 'rd_media\20260815\ತೀರ್ಥಹಳ್ಳಿ\rd_media/20260815/ತೀರ್ಥಹಳ್ಳಿ/frames/yt-kan/frame_00.png'
    [in#0 @ 0000019efd472940] Error opening input: No such file or directory
    Error opening input file rd_media\20260815\ತೀರ್ಥಹಳ್ಳಿ\ತೀರ್ಥಹಳ್ಳಿ-20260815-yt-kan.frames.txt.
    Error opening input files: No such file or directory
    
[2026-08-15T16:37:20Z INFO  raitha_darpana::render] Rendering images for city '3]  ಮಾರುಕಟ್ಟೆ: ರಾಮನಗರ' -> 'ರಾಮನಗರ'
[2026-08-15T16:37:20Z INFO  raitha_darpana::ui] [job 2ce3e505-4274-4ab9-9b8b-18afaca757d5] Rendering ರಾಮನಗರ (Instagram)...
[2026-08-15T16:37:20Z INFO  raitha_darpana::render] Navigating to file:///D:/Projects/uiraitah_darpana/raitha_darpana/rd_media/20260815/%E0%B2%B0%E0%B2%BE%E0%B2%AE%E0%B2%A8%E0%B2%97%E0%B2%B0/%E0%B2%B0%E0%B2%BE%E0%B2%AE%E0%B2%A8%E0%B2%97%E0%B2%B0-20260815-ig-kan.html (city: ರಾಮನಗರ)
[2026-08-15T16:37:20Z INFO  headless_chrome::browser::tab] Navigating a tab to file:///D:/Projects/uiraitah_darpana/raitha_darpana/rd_media/20260815/%E0%B2%B0%E0%B2%BE%E0%B2%AE%E0%B2%A8%E0%B2%97%E0%B2%B0/%E0%B2%B0%E0%B2%BE%E0%B2%AE%E0%B2%A8%E0%B2%97%E0%B2%B0-20260815-ig-kan.html
[2026-08-15T16:37:21Z INFO  raitha_darpana::ui] [job 2ce3e505-4274-4ab9-9b8b-18afaca757d5] Rendering ರಾಮನಗರ (YouTube)...
[2026-08-15T16:37:21Z INFO  raitha_darpana::render] Navigating to file:///D:/Projects/uiraitah_darpana/raitha_darpana/rd_media/20260815/%E0%B2%B0%E0%B2%BE%E0%B2%AE%E0%B2%A8%E0%B2%97%E0%B2%B0/%E0%B2%B0%E0%B2%BE%E0%B2%AE%E0%B2%A8%E0%B2%97%E0%B2%B0-20260815-yt-kan.html (city: ರಾಮನಗರ)
[2026-08-15T16:37:21Z INFO  headless_chrome::browser::tab] Navigating a tab to file:///D:/Projects/uiraitah_darpana/raitha_darpana/rd_media/20260815/%E0%B2%B0%E0%B2%BE%E0%B2%AE%E0%B2%A8%E0%B2%97%E0%B2%B0/%E0%B2%B0%E0%B2%BE%E0%B2%AE%E0%B2%A8%E0%B2%97%E0%B2%B0-20260815-yt-kan.html
[2026-08-15T16:37:23Z INFO  raitha_darpana::voiceover] ನಮಸ್ಕಾರ ವೀಕ್ಷಕರೇ, ರೈತ ದರ್ಪಣ ಮಾರುಕಟ್ಟೆ ಬೆಲೆಗಳ ಮಾಹಿತಿ ಚಾನೆಲ್‌ಗೆ ಸುಸ್ವಾಗತ. ಇಂದಿನ ರಾಮನಗರ ಮಾರುಕಟ್ಟೆಯ ತರಕಾರಿ ಬೆಲೆಗಳ ಮಾಹಿತಿ ಇಲ್ಲಿದೆ. ವರದಿ ದಿನಾಂಕ: 15/08/2026. ಟೊಮ್ಯಾಟೊ, ತಳಿ ಟೊಮ್ಯೂಟೊ: ಕನಿಷ್ಠ ಬೆಲೆ ಎಂಟು ನೂರು ರೂಪಾಯಿ, ಗರಿಷ್ಠ ಬೆಲೆ ಒಂದು ಸಾವಿರ ಮೂರು ನೂರು ರೂಪಾಯಿ. ಹಾಗಲಕಾಯಿ: ಕನಿಷ್ಠ ಬೆಲೆ ಮೂರು ಸಾವಿರ ರೂಪಾಯಿ, ಗರಿಷ್ಠ ಬೆಲೆ ನಾಲ್ಕು ಸಾವಿರ ರೂಪಾಯಿ. ಸೌತೆಕಾಯಿ: ಕನಿಷ್ಠ ಬೆಲೆ ಎರಡು ಸಾವಿರ ರೂಪಾಯಿ, ಗರಿಷ್ಠ ಬೆಲೆ ಎರಡು ಸಾವಿರ ನಾಲ್ಕು ನೂರು ರೂಪಾಯಿ. ಹೂಕೋಸು: ಕನಿಷ್ಠ ಬೆಲೆ ಎರಡು ಸಾವಿರ ರೂಪಾಯಿ, ಗರಿಷ್ಠ ಬೆಲೆ ಮೂರು ಸಾವಿರ ರೂಪಾಯಿ. ಹೀರೇಕಾಯಿ, ತಳಿ ಹೀರೆಕಾಯಿ: ಕನಿಷ್ಠ ಬೆಲೆ ಎರಡು ಸಾವಿರ ರೂಪಾಯಿ, ಗರಿಷ್ಠ ಬೆಲೆ ಮೂರು ಸಾವಿರ ಎರಡು ನೂರು ರೂಪಾಯಿ. ಎಲೆಕೋಸು: ಕನಿಷ್ಠ ಬೆಲೆ ಒಂದು ಸಾವಿರ ರೂಪಾಯಿ, ಗರಿಷ್ಠ ಬೆಲೆ ಒಂದು ಸಾವಿರ ಆರು ನೂರು ರೂಪಾಯಿ. ಹಸಿರು ಮೆಣಸಿನಕಾಯಿ: ಕನಿಷ್ಠ ಬೆಲೆ ನಾಲ್ಕು ಸಾವಿರ ರೂಪಾಯಿ, ಗರಿಷ್ಠ ಬೆಲೆ ಆರು ಸಾವಿರ ರೂಪಾಯಿ. ನವಿಲುಕೋಸು: ಕನಿಷ್ಠ ಬೆಲೆ ಎರಡು ಸಾವಿರ ನಾಲ್ಕು ನೂರು ರೂಪಾಯಿ, ಗರಿಷ್ಠ ಬೆಲೆ ನಾಲ್ಕು ಸಾವಿರ ರೂಪಾಯಿ. ಹುರುಳಿಕಾಯಿ, ತಳಿ ಬೀನ್ಸ್ (ವೋಲ್): ಕನಿಷ್ಠ ಬೆಲೆ ನಾಲ್ಕು ಸಾವಿರ ರೂಪಾಯಿ, ಗರಿಷ್ಠ ಬೆಲೆ ಆರು ಸಾವಿರ ರೂಪಾಯಿ. ನುಗ್ಗೆಕಾಯಿ: ಕನಿಷ್ಠ ಬೆಲೆ ನಾಲ್ಕು ಸಾವಿರ ರೂಪಾಯಿ, ಗರಿಷ್ಠ ಬೆಲೆ ಆರು ಸಾವಿರ ರೂಪಾಯಿ. ದಿನನಿತ್ಯದ ನಿಖರ ಮಾಹಿತಿಗಾಗಿ ನಮ್ಮ ಇನ್ಸ್ಟಾಗ್ರಾಮ್ ಮತ್ತು ಯೂಟ್ಯೂಬ್ ಚಾನೆಲ್‌ಗೆ ಸಬ್‌ಸ್ಕ್ರೈಬ್ ಆಗಿ. ಧನ್ಯವಾದಗಳು!
[2026-08-15T16:37:23Z INFO  raitha_darpana::ui] [job 2ce3e505-4274-4ab9-9b8b-18afaca757d5] Generating voiceover for ರಾಮನಗರ...
[2026-08-15T16:37:28Z INFO  raitha_darpana::voiceover] 🎧 Found background music at assets\bg_music.mp3. Mixing at 6% volume.
[2026-08-15T16:37:29Z INFO  raitha_darpana::ui] [job 2ce3e505-4274-4ab9-9b8b-18afaca757d5] Generating Instagram video for ರಾಮನಗರ...
[2026-08-15T16:37:29Z INFO  headless_chrome::browser::tab] Navigating a tab to file:///D:/Projects/uiraitah_darpana/raitha_darpana/rd_media/20260815/%E0%B2%B0%E0%B2%BE%E0%B2%AE%E0%B2%A8%E0%B2%97%E0%B2%B0/frames/ig-kan/frame_00.html
[2026-08-15T16:37:31Z INFO  headless_chrome::browser::tab] Navigating a tab to file:///D:/Projects/uiraitah_darpana/raitha_darpana/rd_media/20260815/%E0%B2%B0%E0%B2%BE%E0%B2%AE%E0%B2%A8%E0%B2%97%E0%B2%B0/frames/ig-kan/frame_01.html
[2026-08-15T16:37:32Z INFO  headless_chrome::browser::tab] Navigating a tab to file:///D:/Projects/uiraitah_darpana/raitha_darpana/rd_media/20260815/%E0%B2%B0%E0%B2%BE%E0%B2%AE%E0%B2%A8%E0%B2%97%E0%B2%B0/frames/ig-kan/frame_02.html
[2026-08-15T16:37:34Z INFO  headless_chrome::browser::tab] Navigating a tab to file:///D:/Projects/uiraitah_darpana/raitha_darpana/rd_media/20260815/%E0%B2%B0%E0%B2%BE%E0%B2%AE%E0%B2%A8%E0%B2%97%E0%B2%B0/frames/ig-kan/frame_03.html
[2026-08-15T16:37:35Z INFO  headless_chrome::browser::tab] Navigating a tab to file:///D:/Projects/uiraitah_darpana/raitha_darpana/rd_media/20260815/%E0%B2%B0%E0%B2%BE%E0%B2%AE%E0%B2%A8%E0%B2%97%E0%B2%B0/frames/ig-kan/frame_04.html
[2026-08-15T16:37:37Z INFO  headless_chrome::browser::tab] Navigating a tab to file:///D:/Projects/uiraitah_darpana/raitha_darpana/rd_media/20260815/%E0%B2%B0%E0%B2%BE%E0%B2%AE%E0%B2%A8%E0%B2%97%E0%B2%B0/frames/ig-kan/frame_05.html
[2026-08-15T16:37:38Z INFO  headless_chrome::browser::tab] Navigating a tab to file:///D:/Projects/uiraitah_darpana/raitha_darpana/rd_media/20260815/%E0%B2%B0%E0%B2%BE%E0%B2%AE%E0%B2%A8%E0%B2%97%E0%B2%B0/frames/ig-kan/frame_06.html
[2026-08-15T16:37:40Z INFO  headless_chrome::browser::tab] Navigating a tab to file:///D:/Projects/uiraitah_darpana/raitha_darpana/rd_media/20260815/%E0%B2%B0%E0%B2%BE%E0%B2%AE%E0%B2%A8%E0%B2%97%E0%B2%B0/frames/ig-kan/frame_07.html
[2026-08-15T16:37:41Z INFO  headless_chrome::browser::tab] Navigating a tab to file:///D:/Projects/uiraitah_darpana/raitha_darpana/rd_media/20260815/%E0%B2%B0%E0%B2%BE%E0%B2%AE%E0%B2%A8%E0%B2%97%E0%B2%B0/frames/ig-kan/frame_08.html
[2026-08-15T16:37:43Z INFO  headless_chrome::browser::tab] Navigating a tab to file:///D:/Projects/uiraitah_darpana/raitha_darpana/rd_media/20260815/%E0%B2%B0%E0%B2%BE%E0%B2%AE%E0%B2%A8%E0%B2%97%E0%B2%B0/frames/ig-kan/frame_09.html
[2026-08-15T16:37:44Z INFO  headless_chrome::browser::tab] Navigating a tab to file:///D:/Projects/uiraitah_darpana/raitha_darpana/rd_media/20260815/%E0%B2%B0%E0%B2%BE%E0%B2%AE%E0%B2%A8%E0%B2%97%E0%B2%B0/frames/ig-kan/frame_10.html
[2026-08-15T16:37:45Z WARN  raitha_darpana::render] Animated Instagram video failed for 'ರಾಮನಗರ', falling back to a static-image video: ffmpeg animated video generation failed: ffmpeg version 9.0-full_build-www.gyan.dev Copyright (c) 2000-2026 the FFmpeg developers
      built with gcc 16.1.0 (Rev2, Built by MSYS2 project)
      configuration: --enable-gpl --enable-version3 --enable-static --disable-w32threads --disable-autodetect --enable-cairo --enable-fontconfig --enable-iconv --enable-gnutls --enable-lcms2 --enable-libxml2 --enable-gmp --enable-bzlib --enable-lzma --enable-libsnappy --enable-zlib --enable-librist --enable-libsrt --enable-libssh --enable-libzmq --enable-avisynth --enable-libbluray --enable-libcaca --enable-libdvdnav --enable-libdvdread --enable-sdl2 --enable-libaribb24 --enable-libaribcaption --enable-libdav1d --enable-libdavs2 --enable-libopenjpeg --enable-libquirc --enable-libuavs3d --enable-libxevd --enable-libzvbi --enable-liboapv --enable-libqrencode --enable-librav1e --enable-libsvtav1 --enable-libvvenc --enable-libwebp --enable-libx264 --enable-libx265 --enable-libxavs2 --enable-libxeve --enable-libxvid --enable-libaom --enable-libjxl --enable-libsvtjpegxs --enable-libvpx --enable-mediafoundation --enable-libass --enable-frei0r --enable-libfreetype --enable-libfribidi --enable-libharfbuzz --enable-liblensfun --enable-libvidstab --enable-libvmaf --enable-libzimg --enable-amf --enable-cuda-llvm --enable-cuvid --enable-dxva2 --enable-d3d11va --enable-d3d12va --enable-ffnvcodec --enable-libvpl --enable-nvdec --enable-nvenc --enable-vaapi --enable-vulkan --enable-libplacebo --enable-opencl --enable-libcdio --enable-openal --enable-libgme --enable-libmodplug --enable-libopenmpt --enable-libopencore-amrwb --enable-libmp3lame --enable-libshine --enable-libtheora --enable-libtwolame --enable-libvo-amrwbenc --enable-libcodec2 --enable-libilbc --enable-libgsm --enable-liblc3 --enable-libopencore-amrnb --enable-libopus --enable-libspeex --enable-libvorbis --enable-ladspa --enable-libbs2b --enable-libflite --enable-libmysofa --enable-librubberband --enable-libsoxr --enable-chromaprint --enable-whisper
      libavutil      61.  1.100 / 61.  1.100
      libavcodec     63.  1.100 / 63.  1.100
      libavformat    63.  1.100 / 63.  1.100
      libavdevice    63.  1.100 / 63.  1.100
      libavfilter    12.  1.100 / 12.  1.100
      libswscale     10.  1.100 / 10.  1.100
      libswresample   7.  1.100 /  7.  1.100
    [in#0 @ 000001eb5473bb00] Impossible to open 'rd_media\20260815\ರಾಮನಗರ\rd_media/20260815/ರಾಮನಗರ/frames/ig-kan/frame_00.png'
    [in#0 @ 000001eb54692c40] Error opening input: No such file or directory
    Error opening input file rd_media\20260815\ರಾಮನಗರ\ರಾಮನಗರ-20260815-ig-kan.frames.txt.
    Error opening input files: No such file or directory
    
[2026-08-15T16:38:52Z INFO  raitha_darpana::ui] [job 2ce3e505-4274-4ab9-9b8b-18afaca757d5] Generating YouTube video for ರಾಮನಗರ...
[2026-08-15T16:38:52Z INFO  headless_chrome::browser::tab] Navigating a tab to file:///D:/Projects/uiraitah_darpana/raitha_darpana/rd_media/20260815/%E0%B2%B0%E0%B2%BE%E0%B2%AE%E0%B2%A8%E0%B2%97%E0%B2%B0/frames/yt-kan/frame_00.html
[2026-08-15T16:38:53Z INFO  headless_chrome::browser::tab] Navigating a tab to file:///D:/Projects/uiraitah_darpana/raitha_darpana/rd_media/20260815/%E0%B2%B0%E0%B2%BE%E0%B2%AE%E0%B2%A8%E0%B2%97%E0%B2%B0/frames/yt-kan/frame_01.html
[2026-08-15T16:38:55Z INFO  headless_chrome::browser::tab] Navigating a tab to file:///D:/Projects/uiraitah_darpana/raitha_darpana/rd_media/20260815/%E0%B2%B0%E0%B2%BE%E0%B2%AE%E0%B2%A8%E0%B2%97%E0%B2%B0/frames/yt-kan/frame_02.html
[2026-08-15T16:38:56Z INFO  headless_chrome::browser::tab] Navigating a tab to file:///D:/Projects/uiraitah_darpana/raitha_darpana/rd_media/20260815/%E0%B2%B0%E0%B2%BE%E0%B2%AE%E0%B2%A8%E0%B2%97%E0%B2%B0/frames/yt-kan/frame_03.html
[2026-08-15T16:38:58Z INFO  headless_chrome::browser::tab] Navigating a tab to file:///D:/Projects/uiraitah_darpana/raitha_darpana/rd_media/20260815/%E0%B2%B0%E0%B2%BE%E0%B2%AE%E0%B2%A8%E0%B2%97%E0%B2%B0/frames/yt-kan/frame_04.html
[2026-08-15T16:38:59Z INFO  headless_chrome::browser::tab] Navigating a tab to file:///D:/Projects/uiraitah_darpana/raitha_darpana/rd_media/20260815/%E0%B2%B0%E0%B2%BE%E0%B2%AE%E0%B2%A8%E0%B2%97%E0%B2%B0/frames/yt-kan/frame_05.html
[2026-08-15T16:39:01Z INFO  headless_chrome::browser::tab] Navigating a tab to file:///D:/Projects/uiraitah_darpana/raitha_darpana/rd_media/20260815/%E0%B2%B0%E0%B2%BE%E0%B2%AE%E0%B2%A8%E0%B2%97%E0%B2%B0/frames/yt-kan/frame_06.html
[2026-08-15T16:39:02Z INFO  headless_chrome::browser::tab] Navigating a tab to file:///D:/Projects/uiraitah_darpana/raitha_darpana/rd_media/20260815/%E0%B2%B0%E0%B2%BE%E0%B2%AE%E0%B2%A8%E0%B2%97%E0%B2%B0/frames/yt-kan/frame_07.html
[2026-08-15T16:39:04Z INFO  headless_chrome::browser::tab] Navigating a tab to file:///D:/Projects/uiraitah_darpana/raitha_darpana/rd_media/20260815/%E0%B2%B0%E0%B2%BE%E0%B2%AE%E0%B2%A8%E0%B2%97%E0%B2%B0/frames/yt-kan/frame_08.html
[2026-08-15T16:39:05Z INFO  headless_chrome::browser::tab] Navigating a tab to file:///D:/Projects/uiraitah_darpana/raitha_darpana/rd_media/20260815/%E0%B2%B0%E0%B2%BE%E0%B2%AE%E0%B2%A8%E0%B2%97%E0%B2%B0/frames/yt-kan/frame_09.html
[2026-08-15T16:39:06Z INFO  headless_chrome::browser::tab] Navigating a tab to file:///D:/Projects/uiraitah_darpana/raitha_darpana/rd_media/20260815/%E0%B2%B0%E0%B2%BE%E0%B2%AE%E0%B2%A8%E0%B2%97%E0%B2%B0/frames/yt-kan/frame_10.html
[2026-08-15T16:39:08Z WARN  raitha_darpana::render] Animated YouTube video failed for 'ರಾಮನಗರ', falling back to a static-image video: ffmpeg animated video generation failed: ffmpeg version 9.0-full_build-www.gyan.dev Copyright (c) 2000-2026 the FFmpeg developers
      built with gcc 16.1.0 (Rev2, Built by MSYS2 project)
      configuration: --enable-gpl --enable-version3 --enable-static --disable-w32threads --disable-autodetect --enable-cairo --enable-fontconfig --enable-iconv --enable-gnutls --enable-lcms2 --enable-libxml2 --enable-gmp --enable-bzlib --enable-lzma --enable-libsnappy --enable-zlib --enable-librist --enable-libsrt --enable-libssh --enable-libzmq --enable-avisynth --enable-libbluray --enable-libcaca --enable-libdvdnav --enable-libdvdread --enable-sdl2 --enable-libaribb24 --enable-libaribcaption --enable-libdav1d --enable-libdavs2 --enable-libopenjpeg --enable-libquirc --enable-libuavs3d --enable-libxevd --enable-libzvbi --enable-liboapv --enable-libqrencode --enable-librav1e --enable-libsvtav1 --enable-libvvenc --enable-libwebp --enable-libx264 --enable-libx265 --enable-libxavs2 --enable-libxeve --enable-libxvid --enable-libaom --enable-libjxl --enable-libsvtjpegxs --enable-libvpx --enable-mediafoundation --enable-libass --enable-frei0r --enable-libfreetype --enable-libfribidi --enable-libharfbuzz --enable-liblensfun --enable-libvidstab --enable-libvmaf --enable-libzimg --enable-amf --enable-cuda-llvm --enable-cuvid --enable-dxva2 --enable-d3d11va --enable-d3d12va --enable-ffnvcodec --enable-libvpl --enable-nvdec --enable-nvenc --enable-vaapi --enable-vulkan --enable-libplacebo --enable-opencl --enable-libcdio --enable-openal --enable-libgme --enable-libmodplug --enable-libopenmpt --enable-libopencore-amrwb --enable-libmp3lame --enable-libshine --enable-libtheora --enable-libtwolame --enable-libvo-amrwbenc --enable-libcodec2 --enable-libilbc --enable-libgsm --enable-liblc3 --enable-libopencore-amrnb --enable-libopus --enable-libspeex --enable-libvorbis --enable-ladspa --enable-libbs2b --enable-libflite --enable-libmysofa --enable-librubberband --enable-libsoxr --enable-chromaprint --enable-whisper
      libavutil      61.  1.100 / 61.  1.100
      libavcodec     63.  1.100 / 63.  1.100
      libavformat    63.  1.100 / 63.  1.100
      libavdevice    63.  1.100 / 63.  1.100
      libavfilter    12.  1.100 / 12.  1.100
      libswscale     10.  1.100 / 10.  1.100
      libswresample   7.  1.100 /  7.  1.100
    [in#0 @ 000002093626b840] Impossible to open 'rd_media\20260815\ರಾಮನಗರ\rd_media/20260815/ರಾಮನಗರ/frames/yt-kan/frame_00.png'
    [in#0 @ 000002093625c080] Error opening input: No such file or directory
    Error opening input file rd_media\20260815\ರಾಮನಗರ\ರಾಮನಗರ-20260815-yt-kan.frames.txt.
    Error opening input files: No such file or directory
    
[2026-08-15T16:40:05Z INFO  raitha_darpana::ui] [job 2ce3e505-4274-4ab9-9b8b-18afaca757d5] Render complete.
[2026-08-15T16:40:05Z INFO  headless_chrome::browser] Dropping browser
[2026-08-15T16:40:05Z INFO  headless_chrome::browser::process] Killing Chrome. PID: 36768
[2026-08-15T16:40:05Z INFO  headless_chrome::browser::transport] Transport incoming message loop loop received shutdown message
[2026-08-15T16:40:05Z INFO  headless_chrome::browser] Browser event loop received shutdown message
[2026-08-15T16:40:05Z INFO  headless_chrome::browser::transport] Shutting down message handling loop
[2026-08-15T16:40:05Z INFO  headless_chrome::browser] Finished browser's event handling loop
[2026-08-15T16:40:05Z INFO  headless_chrome::browser::transport::web_socket_connection] Sending shutdown message to message handling loop
[2026-08-15T16:40:05Z INFO  headless_chrome::browser::transport] cleared listeners, I think
[2026-08-15T16:40:05Z INFO  headless_chrome::browser::tab] finished tab's event handling loop
[2026-08-15T16:40:05Z INFO  headless_chrome::browser::tab] finished tab's event handling loop
[2026-08-15T16:40:05Z INFO  headless_chrome::browser::transport] dropping transport
[2026-08-15T16:40:05Z INFO  headless_chrome::browser::transport::web_socket_connection] dropping websocket connection
